timestamp,actual_temperature,lstm_prediction,gru_prediction
2016-01-04 05:00:00,-2.7466667,-0.59685373,-0.37979284
2016-01-04 06:00:00,-2.965,-0.60505414,-0.5640689
2016-01-04 07:00:00,-3.0,-0.52248,-0.7297034
2016-01-04 08:00:00,-3.315,-0.73003125,-1.079508
2016-01-04 09:00:00,-3.8383334,-0.6610975,-1.1006912
2016-01-04 10:00:00,-3.505,-0.5165491,-1.0185206
2016-01-04 11:00:00,-3.135,-0.2111189,-0.59423304
2016-01-04 12:00:00,-2.8483334,0.1175001,-0.19202653
2016-01-04 13:00:00,-2.285,0.42108545,0.14980963
2016-01-04 14:00:00,-1.4533334,0.7268528,0.20602694
2016-01-04 15:00:00,-1.1316667,0.7239797,0.045047075
2016-01-04 16:00:00,-1.37,0.5065799,0.11925486
2016-01-04 17:00:00,-1.5366666,-0.21145818,-0.8394406
2016-01-04 18:00:00,-1.3666667,-1.1319959,-1.403878
2016-01-04 19:00:00,-1.2466667,-1.5527244,-1.3619139
2016-01-04 20:00:00,-1.0733334,-1.6888505,-1.1130832
2016-01-04 21:00:00,-0.81,-1.6409923,-1.0606704
2016-01-04 22:00:00,-0.685,-1.1215262,-0.8685906
2016-01-04 23:00:00,-0.76166666,-1.0968766,-0.69060934
2016-01-05 00:00:00,-0.81166667,-1.2243836,-0.64468336
2016-01-05 01:00:00,-0.94,-1.3074939,-0.5821012
2016-01-05 02:00:00,-0.94666666,-1.2129352,-0.5058038
2016-01-05 03:00:00,-1.2166667,-0.9668391,-0.47485462
2016-01-05 04:00:00,-1.325,-1.3121833,-0.72946215
2016-01-05 05:00:00,-1.4633334,-0.80126584,-0.85299873
2016-01-05 06:00:00,-1.745,-0.89257586,-0.89444005
2016-01-05 07:00:00,-1.88,-1.0172462,-1.1209614
2016-01-05 08:00:00,-1.885,-0.93366146,-0.5992366
2016-01-05 09:00:00,-2.0183334,-1.1908603,-1.1512504
2016-01-05 10:00:00,-1.685,-1.099768,-0.87092257
2016-01-05 11:00:00,-1.5116667,-0.94733286,-0.86428225
2016-01-05 12:00:00,-1.5233333,-0.8203548,-0.99209666
2016-01-05 13:00:00,-1.485,-0.6853974,-1.1449442
2016-01-05 14:00:00,-1.5233333,-0.12054327,-0.6176003
2016-01-05 15:00:00,-1.24,-0.40491834,-1.3707309
2016-01-05 16:00:00,-1.3433334,0.11760309,-0.6616366
2016-01-05 17:00:00,-1.5716667,-1.0304031,-1.7853189
2016-01-05 18:00:00,-1.7866666,-1.316787,-1.794132
2016-01-05 19:00:00,-2.2016666,-1.6037352,-1.849251
2016-01-05 20:00:00,-2.3983333,-1.7642047,-1.8499653
2016-01-05 21:00:00,-2.49,-1.5590501,-1.2065957
2016-01-05 22:00:00,-2.7533333,-1.5655054,-1.493719
2016-01-05 23:00:00,-2.8433332,-1.9013119,-1.6422335
2016-01-06 00:00:00,-2.84,-2.0220757,-1.5952573
2016-01-06 01:00:00,-3.045,-2.5008311,-2.1247113
2016-01-06 02:00:00,-3.6733334,-2.6969433,-2.2555063
2016-01-06 03:00:00,-4.1766667,-2.7532938,-2.1438136
2016-01-06 04:00:00,-4.6666665,-2.892643,-2.6124551
2016-01-06 05:00:00,-4.488333,-2.9349473,-2.4324236
2016-01-06 06:00:00,-4.6566668,-2.9973874,-2.6382728
2016-01-06 07:00:00,-4.608333,-3.1721864,-2.950976
2016-01-06 08:00:00,-4.991667,-4.106305,-3.727206
2016-01-06 09:00:00,-4.608333,-4.8168206,-4.2364583
2016-01-06 10:00:00,-4.84,-5.199914,-4.5216594
2016-01-06 11:00:00,-4.87,-4.065328,-3.46974
2016-01-06 12:00:00,-4.6966667,-3.6067257,-3.9953887
2016-01-06 13:00:00,-4.2916665,-3.2715926,-3.5167964
2016-01-06 14:00:00,-4.1966667,-3.7089255,-4.3082957
2016-01-06 15:00:00,-4.0533333,-3.212573,-3.1983144
2016-01-06 16:00:00,-4.41,-3.8454475,-4.579443
2016-01-06 17:00:00,-4.363333,-4.171219,-4.2756195
2016-01-06 18:00:00,-4.7466664,-4.2829666,-4.0442615
2016-01-06 19:00:00,-4.6683335,-4.113964,-3.7690222
2016-01-06 20:00:00,-4.6716666,-4.1994843,-3.8413532
2016-01-06 21:00:00,-4.741667,-4.210351,-3.7004197
2016-01-06 22:00:00,-4.71,-4.369012,-4.1189904
2016-01-06 23:00:00,-4.5666666,-4.127194,-3.7173483
2016-01-07 00:00:00,-4.5783334,-4.2821217,-4.384045
2016-01-07 01:00:00,-4.62,-4.036742,-3.822912
2016-01-07 02:00:00,-4.6033335,-3.9017363,-4.046166
2016-01-07 03:00:00,-4.4533334,-4.108208,-4.352837
2016-01-07 04:00:00,-4.305,-4.106318,-4.1479454
2016-01-07 05:00:00,-4.225,-3.9392157,-3.9234655
2016-01-07 06:00:00,-4.1916666,-3.968011,-4.1725407
2016-01-07 07:00:00,-3.8233333,-4.0367074,-4.2967534
2016-01-07 08:00:00,-3.6983333,-4.082068,-4.009662
2016-01-07 09:00:00,-3.3533332,-3.8825817,-3.7834032
2016-01-07 10:00:00,-2.6683333,-3.5214646,-3.4456613
2016-01-07 11:00:00,-1.6083333,-3.054329,-2.8848493
2016-01-07 12:00:00,0.33166668,-2.6453338,-2.6854007
2016-01-07 13:00:00,1.8716667,-1.7216945,-1.5631299
2016-01-07 14:00:00,2.6366668,-2.0257766,-1.9605863
2016-01-07 15:00:00,1.9283333,-0.9733012,-1.2165992
2016-01-07 16:00:00,2.55,-0.026978254,-0.36914942
2016-01-07 17:00:00,3.195,-0.2026737,0.019600421
2016-01-07 18:00:00,2.655,0.80254185,1.5036871
2016-01-07 19:00:00,2.4733334,0.86964476,1.3078588
2016-01-07 20:00:00,2.525,0.4300619,0.33587483
2016-01-07 21:00:00,2.5516667,0.28417173,-0.31504437
2016-01-07 22:00:00,3.1783333,1.4515107,1.0921029
2016-01-07 23:00:00,3.4,1.6654737,1.7935755
2016-01-08 00:00:00,3.6916666,1.3897295,1.5357805
2016-01-08 01:00:00,4.5983334,1.4297743,1.7525254
2016-01-08 02:00:00,5.016667,1.8537297,2.1263409
2016-01-08 03:00:00,4.765,2.1548636,2.4804828
2016-01-08 04:00:00,4.1566668,3.03914,3.070688
2016-01-08 05:00:00,3.925,3.0412662,3.3943067
2016-01-08 06:00:00,4.016667,3.2763782,3.4878652
2016-01-08 07:00:00,3.8983333,4.058379,4.2569075
2016-01-08 08:00:00,3.5966666,3.672255,3.765859
2016-01-08 09:00:00,3.5083334,3.079313,3.6896358
2016-01-08 10:00:00,4.3033333,3.419242,3.6396654
2016-01-08 11:00:00,4.92,4.636812,4.127237
2016-01-08 12:00:00,5.346667,4.553249,4.4024806
2016-01-08 13:00:00,5.9383335,5.541397,4.7831516
2016-01-08 14:00:00,6.435,5.1014223,4.6169753
2016-01-08 15:00:00,6.485,4.6040463,4.0481453
2016-01-08 16:00:00,6.258333,4.7018285,4.2214127
2016-01-08 17:00:00,4.8733335,4.5859056,3.957648
2016-01-08 18:00:00,3.9983332,4.199208,4.0265474
2016-01-08 19:00:00,2.635,4.3065557,4.001977
2016-01-08 20:00:00,1.8066666,4.4255466,3.8779194
2016-01-08 21:00:00,1.28,3.849019,3.4452116
2016-01-08 22:00:00,1.1416667,3.3912528,3.0761044
2016-01-08 23:00:00,0.1,2.079385,1.7830725
2016-01-09 00:00:00,-0.25166667,2.222166,2.213259
2016-01-09 01:00:00,-1.8566667,0.8944595,1.071449
2016-01-09 02:00:00,-2.3766668,0.87072086,0.63914704
2016-01-09 03:00:00,-2.3283334,1.0833983,0.9428886
2016-01-09 04:00:00,-2.9516666,0.8558705,0.7421403
2016-01-09 05:00:00,-2.5233333,-0.3337089,-0.54200256
2016-01-09 06:00:00,-3.205,-0.614486,-0.84229994
2016-01-09 07:00:00,-3.175,-2.0088758,-2.6135213
2016-01-09 08:00:00,-2.95,-1.864244,-2.4304957
2016-01-09 09:00:00,-3.2483332,-1.1837869,-1.7607963
2016-01-09 10:00:00,-3.11,-1.535627,-2.2642004
2016-01-09 11:00:00,-1.875,0.026063949,-0.030373245
2016-01-09 12:00:00,-0.53,0.42667314,-0.081407815
2016-01-09 13:00:00,1.465,2.3644395,2.3926055
2016-01-09 14:00:00,2.2666667,3.1200507,3.5062225
2016-01-09 15:00:00,2.545,2.4635296,3.1033754
2016-01-09 16:00:00,2.745,1.7585883,2.4251213
2016-01-09 17:00:00,2.2,2.048065,2.3137047
2016-01-09 18:00:00,1.5983334,0.7449415,1.0875283
2016-01-09 19:00:00,0.765,1.1142079,1.4295586
2016-01-09 20:00:00,0.33833334,0.46168283,0.64586866
2016-01-09 21:00:00,0.27,0.5430076,0.5757884
2016-01-09 22:00:00,0.355,0.8189657,0.8881285
2016-01-09 23:00:00,1.2416667,0.7320825,0.7749897
2016-01-10 00:00:00,1.8733333,0.5783247,0.8176316
2016-01-10 01:00:00,2.4633334,0.097068876,0.48729375
2016-01-10 02:00:00,2.33,0.28035715,0.8487592
2016-01-10 03:00:00,2.0266666,0.6835017,1.1388166
2016-01-10 04:00:00,1.165,0.82272863,1.3449166
2016-01-10 05:00:00,0.895,2.1763418,2.603327
2016-01-10 06:00:00,0.6616667,2.3921208,2.7163413
2016-01-10 07:00:00,1.245,2.3122468,2.553622
2016-01-10 08:00:00,2.4166667,1.877602,2.6082108
2016-01-10 09:00:00,2.5183334,2.0967753,2.5010798
2016-01-10 10:00:00,3.6166666,1.6641296,1.991668
2016-01-10 11:00:00,3.5283334,2.8057523,2.6044796
2016-01-10 12:00:00,4.8716664,3.1524725,2.7390378
2016-01-10 13:00:00,6.3883333,5.012158,4.462985
2016-01-10 14:00:00,8.165,5.9362073,5.28695
2016-01-10 15:00:00,7.5433335,5.214549,4.58636
2016-01-10 16:00:00,6.59,5.7331066,5.0154
2016-01-10 17:00:00,5.7766666,4.5026317,3.3107545
2016-01-10 18:00:00,5.483333,4.9500747,4.1690345
2016-01-10 19:00:00,4.798333,4.462465,4.0974717
2016-01-10 20:00:00,4.6433334,5.6578655,4.6326704
2016-01-10 21:00:00,4.2566667,4.351262,4.572122
2016-01-10 22:00:00,4.7816668,3.574534,3.877615
2016-01-10 23:00:00,4.3,3.0929766,2.8829381
2016-01-11 00:00:00,4.1916666,3.0724447,2.6058867
2016-01-11 01:00:00,3.895,3.1136065,2.7637231
2016-01-11 02:00:00,3.97,3.25988,3.3958905
2016-01-11 03:00:00,3.565,3.061972,3.2925422
2016-01-11 04:00:00,3.4233334,4.2387247,4.535794
2016-01-11 05:00:00,3.6233332,3.77992,3.850398
2016-01-11 06:00:00,3.3466666,3.905984,4.319245
2016-01-11 07:00:00,2.9366667,3.5050926,3.9832313
2016-01-11 08:00:00,2.78,3.4387333,3.6762848
2016-01-11 09:00:00,2.9816666,2.9072294,3.1761577
2016-01-11 10:00:00,3.05,3.5426476,3.2621434
2016-01-11 11:00:00,3.3183334,4.98506,4.622909
2016-01-11 12:00:00,4.02,5.0484657,3.87375
2016-01-11 13:00:00,4.75,4.9231443,4.139506
2016-01-11 14:00:00,5.0716667,5.3223734,4.3439965
2016-01-11 15:00:00,5.115,5.446186,4.729871
2016-01-11 16:00:00,4.62,5.172192,4.505276
2016-01-11 17:00:00,4.0533333,4.6960864,4.0651293
2016-01-11 18:00:00,3.5366666,4.2431746,3.9352689
2016-01-11 19:00:00,3.3616667,4.1747527,4.0723176
2016-01-11 20:00:00,3.2333333,3.7525785,3.641907
2016-01-11 21:00:00,3.2783334,3.8102727,3.7307022
2016-01-11 22:00:00,3.1716666,3.2960446,3.201416
2016-01-11 23:00:00,3.3016667,3.2742867,3.2823143
2016-01-12 00:00:00,3.825,2.6626906,2.7648203
2016-01-12 01:00:00,4.1866665,2.5474048,2.7204049
2016-01-12 02:00:00,4.3616667,2.6087477,2.9122307
2016-01-12 03:00:00,4.3616667,2.8645847,3.1195142
2016-01-12 04:00:00,3.9783332,2.5045078,2.8196418
2016-01-12 05:00:00,4.09,2.457996,2.7593138
2016-01-12 06:00:00,4.195,3.1322193,3.358384
2016-01-12 07:00:00,3.9383333,3.1410935,3.4090059
2016-01-12 08:00:00,3.6983333,3.533382,3.7187803
2016-01-12 09:00:00,3.76,3.674348,3.6565268
2016-01-12 10:00:00,4.3516665,4.00054,3.9588494
2016-01-12 11:00:00,4.9366665,5.0303597,4.622534
2016-01-12 12:00:00,5.5716667,5.729435,5.252597
2016-01-12 13:00:00,6.46,6.699196,5.761635
2016-01-12 14:00:00,6.64,5.92506,4.877251
2016-01-12 15:00:00,7.0416665,4.9729867,4.439854
2016-01-12 16:00:00,5.8233333,5.2528167,4.75511
2016-01-12 17:00:00,4.951667,4.5200796,3.5466774
2016-01-12 18:00:00,3.7466667,3.6478238,3.055526
2016-01-12 19:00:00,2.9783332,3.4295278,3.2463686
2016-01-12 20:00:00,2.93,3.061829,2.8475645
2016-01-12 21:00:00,3.5283334,3.6552217,3.6300778
2016-01-12 22:00:00,2.67,3.0376647,2.8622205
2016-01-12 23:00:00,3.5916667,2.5594378,2.2823899
2016-01-13 00:00:00,2.9166667,2.168773,1.8932985
2016-01-13 01:00:00,2.9133334,1.7305249,1.6368229
2016-01-13 02:00:00,2.8233333,2.218283,1.7410144
2016-01-13 03:00:00,3.4633334,2.3479953,2.6002984
2016-01-13 04:00:00,3.7566667,1.8851862,1.9912767
2016-01-13 05:00:00,3.5266666,3.5008934,3.505892
2016-01-13 06:00:00,3.6833334,2.3212297,2.4021564
2016-01-13 07:00:00,3.95,2.604255,2.432237
2016-01-13 08:00:00,2.8383334,2.8372982,2.7614791
2016-01-13 09:00:00,2.0183334,3.6044478,3.1593544
2016-01-13 10:00:00,3.3483334,4.0310836,3.9523828
2016-01-13 11:00:00,4.1216664,4.6028275,4.458775
2016-01-13 12:00:00,4.1433334,5.6917577,5.4576964
2016-01-13 13:00:00,4.5866666,6.373564,5.8296614
2016-01-13 14:00:00,4.5033336,5.3355174,4.7129545
2016-01-13 15:00:00,3.9716666,3.8963861,3.31264
2016-01-13 16:00:00,3.185,4.629515,4.2387958
2016-01-13 17:00:00,3.645,3.8562403,3.7002509
2016-01-13 18:00:00,3.555,3.3294559,3.3640516
2016-01-13 19:00:00,3.3233333,3.277762,3.4939551
2016-01-13 20:00:00,2.4083333,2.506912,2.736515
2016-01-13 21:00:00,1.7116667,2.1487222,2.060386
2016-01-13 22:00:00,1.44,1.8420625,1.8083534
2016-01-13 23:00:00,1.475,2.0732174,2.1725671
2016-01-14 00:00:00,1.5283333,1.8532686,2.0684836
2016-01-14 01:00:00,2.4616666,1.4670844,1.80002
2016-01-14 02:00:00,2.6233332,1.3455327,1.4460566
2016-01-14 03:00:00,1.9316666,0.76757014,1.2765474
2016-01-14 04:00:00,1.5533333,0.7474735,1.3861096
2016-01-14 05:00:00,1.66,1.0307329,1.4596828
2016-01-14 06:00:00,1.3566667,1.699863,1.8067837
2016-01-14 07:00:00,0.8666667,2.685639,2.5402455
2016-01-14 08:00:00,0.15166667,2.0245364,1.9074352
2016-01-14 09:00:00,-0.016666668,1.4074473,1.2301701
2016-01-14 10:00:00,0.20333333,1.8323524,1.6505506
2016-01-14 11:00:00,1.6216667,2.6019738,2.6353931
2016-01-14 12:00:00,3.05,2.89098,2.7489297
2016-01-14 13:00:00,3.9066668,3.031627,2.7807531
2016-01-14 14:00:00,4.08,2.8071017,2.5585737
2016-01-14 15:00:00,3.4366667,3.167328,3.0374968
2016-01-14 16:00:00,3.25,2.9672656,2.7647426
2016-01-14 17:00:00,2.8816667,3.1894848,3.0448742
2016-01-14 18:00:00,2.1533334,2.5125575,2.578386
2016-01-14 19:00:00,1.5733334,1.8869646,1.8859107
2016-01-14 20:00:00,1.655,1.4895799,2.295148
2016-01-14 21:00:00,2.1383333,1.2356497,1.4330513
2016-01-14 22:00:00,2.215,1.5287234,1.3127066
2016-01-14 23:00:00,1.6616666,1.6039976,1.3077668
2016-01-15 00:00:00,1.36,1.2702082,1.1963776
2016-01-15 01:00:00,0.9216667,1.2369713,1.4238684
2016-01-15 02:00:00,0.61,1.5050516,1.9135256
2016-01-15 03:00:00,0.7633333,2.052949,2.4339778
2016-01-15 04:00:00,1.4133333,2.46209,2.3902252
2016-01-15 05:00:00,1.6583333,2.228161,1.8199756
2016-01-15 06:00:00,1.8183334,1.9697503,1.3823919
2016-01-15 07:00:00,1.17,0.60745883,0.51715374
2016-01-15 08:00:00,1.47,0.46854547,0.58770347
2016-01-15 09:00:00,1.4166666,1.1398458,1.2189093
2016-01-15 10:00:00,1.265,2.3516548,2.147791
2016-01-15 11:00:00,1.6116667,3.3985128,2.9244277
2016-01-15 12:00:00,1.4583334,4.1442447,3.5065086
2016-01-15 13:00:00,1.9466667,3.9528465,2.7776225
2016-01-15 14:00:00,2.6333334,4.9396048,4.0455966
2016-01-15 15:00:00,0.9433333,5.460134,4.2782054
2016-01-15 16:00:00,-0.095,4.3860674,3.2127392
2016-01-15 17:00:00,0.35166666,3.3232656,2.3608363
2016-01-15 18:00:00,0.55833334,1.7583443,0.84364474
2016-01-15 19:00:00,0.46666667,1.5956423,1.1389021
2016-01-15 20:00:00,0.26833335,1.3075237,1.2571213
2016-01-15 21:00:00,0.18333334,-0.7091981,-0.8960569
2016-01-15 22:00:00,0.12666667,-0.9496348,-0.994982
2016-01-15 23:00:00,-0.30833334,0.3718666,0.7641759
2016-01-16 00:00:00,-0.7966667,0.27727893,0.45376518
2016-01-16 01:00:00,-0.995,-0.38176277,-0.36749277
2016-01-16 02:00:00,-1.0683334,-0.8497813,-0.7952894
2016-01-16 03:00:00,-0.9483333,-0.62448525,-0.9566473
2016-01-16 04:00:00,-0.96,-0.08596444,-0.5942308
2016-01-16 05:00:00,-0.99833333,-0.9818938,-1.4765955
2016-01-16 06:00:00,-0.965,-1.5136592,-2.0918276
2016-01-16 07:00:00,-1.16,-1.6855615,-2.1407115
2016-01-16 08:00:00,-1.33,-1.4422653,-1.7171581
2016-01-16 09:00:00,-1.2133334,-0.83945274,-1.1187056
2016-01-16 10:00:00,-0.8283333,-0.7061949,-0.79728675
2016-01-16 11:00:00,-0.39666668,-0.54066014,-0.76617265
2016-01-16 12:00:00,0.028333334,-0.050866783,-0.24478897
2016-01-16 13:00:00,0.29,0.32801726,-0.17584214
2016-01-16 14:00:00,0.79333335,0.9950446,0.3308548
2016-01-16 15:00:00,0.99,1.500977,1.0317553
2016-01-16 16:00:00,0.43,0.9117998,0.90970397
2016-01-16 17:00:00,0.405,0.42926973,0.6012747
2016-01-16 18:00:00,0.16,-0.49889043,0.018898636
2016-01-16 19:00:00,-0.645,-1.5452371,-0.96903133
2016-01-16 20:00:00,-0.63,-1.6926332,-1.3459883
2016-01-16 21:00:00,-0.8516667,-1.0896882,-1.3111414
2016-01-16 22:00:00,-1.0283333,-0.41550747,-1.1454706
2016-01-16 23:00:00,-0.89,0.04023531,-0.31708708
2016-01-17 00:00:00,-0.94666666,0.15534058,0.37259856
2016-01-17 01:00:00,-1.155,-1.1553313,-0.38323888
2016-01-17 02:00:00,-1.4,-1.0918533,-0.27178225
2016-01-17 03:00:00,-1.605,-0.6322434,-0.2744809
2016-01-17 04:00:00,-2.3166666,-1.4074192,-1.2119169
2016-01-17 05:00:00,-2.175,-1.0011036,-1.179937
2016-01-17 06:00:00,-2.1316667,-1.2467902,-1.4937453
2016-01-17 07:00:00,-2.5116668,-1.8204584,-2.1887586
2016-01-17 08:00:00,-2.0416667,-1.7723191,-2.1935723
2016-01-17 09:00:00,-2.1483333,-2.0189185,-2.365291
2016-01-17 10:00:00,-1.9616667,-2.3417754,-2.8851993
2016-01-17 11:00:00,-1.655,-0.81813693,-1.3149726
2016-01-17 12:00:00,-2.3483334,-0.048042238,-0.12385407
2016-01-17 13:00:00,-2.2233334,0.38181117,-0.19267294
2016-01-17 14:00:00,-1.8266667,0.87056565,0.7966311
2016-01-17 15:00:00,-1.8783333,-0.11612004,0.03236893
2016-01-17 16:00:00,-2.0516667,-0.04461673,-0.23002419
2016-01-17 17:00:00,-2.1666667,-0.33956942,-0.6627321
2016-01-17 18:00:00,-2.2016666,-2.8425965,-3.60303
2016-01-17 19:00:00,-2.2283332,-2.4609876,-3.091561
2016-01-17 20:00:00,-2.3833334,-2.4471302,-3.184817
2016-01-17 21:00:00,-2.69,-2.3543136,-2.7614896
2016-01-17 22:00:00,-2.9333334,-2.58037,-2.5260413
2016-01-17 23:00:00,-3.035,-2.6078038,-2.354917
2016-01-18 00:00:00,-3.1766667,-2.285593,-2.0682333
2016-01-18 01:00:00,-3.3266666,-2.0976672,-1.903681
2016-01-18 02:00:00,-3.3766668,-2.7329245,-2.4067173
2016-01-18 03:00:00,-3.595,-3.3618383,-2.8071115
2016-01-18 04:00:00,-3.67,-3.6290555,-3.243625
2016-01-18 05:00:00,-3.7916667,-3.6719048,-3.3960145
2016-01-18 06:00:00,-4.345,-3.350589,-3.4906301
2016-01-18 07:00:00,-5.383333,-3.4194908,-3.5789454
2016-01-18 08:00:00,-5.38,-3.257639,-3.338641
2016-01-18 09:00:00,-5.945,-3.36717,-3.8167245
2016-01-18 10:00:00,-5.6033335,-3.139368,-3.5465424
2016-01-18 11:00:00,-3.655,-2.901556,-2.9357755
2016-01-18 12:00:00,-2.965,-2.9364638,-3.0555332
2016-01-18 13:00:00,-2.57,-2.6319609,-3.27727
2016-01-18 14:00:00,-2.1333334,-1.5697389,-1.892381
2016-01-18 15:00:00,-2.5583334,-2.5626068,-2.9369214
2016-01-18 16:00:00,-2.5916667,-1.9835534,-2.3862226
2016-01-18 17:00:00,-3.9616666,-0.9773915,-1.012311
2016-01-18 18:00:00,-4.945,-3.2791011,-2.6919372
2016-01-18 19:00:00,-6.07,-5.1411576,-4.2807693
2016-01-18 20:00:00,-6.8933334,-5.4254875,-4.7881575
2016-01-18 21:00:00,-7.645,-5.888726,-5.6983223
2016-01-18 22:00:00,-8.576667,-6.0576406,-5.6516013
2016-01-18 23:00:00,-8.98,-7.271679,-6.9909797
2016-01-19 00:00:00,-9.463333,-8.122322,-7.3816504
2016-01-19 01:00:00,-9.388333,-8.577623,-7.7343497
2016-01-19 02:00:00,-9.653334,-8.273664,-8.050778
2016-01-19 03:00:00,-9.973333,-8.732214,-8.727176
2016-01-19 04:00:00,-10.348333,-9.369927,-9.321142
2016-01-19 05:00:00,-10.848333,-9.227858,-9.064681
2016-01-19 06:00:00,-10.79,-9.978665,-9.897202
2016-01-19 07:00:00,-11.273334,-9.614121,-8.894095
2016-01-19 08:00:00,-12.025,-9.33666,-9.130281
2016-01-19 09:00:00,-12.26,-8.984354,-9.128114
2016-01-19 10:00:00,-11.478333,-8.498652,-8.694252
2016-01-19 11:00:00,-9.788333,-8.05581,-8.377547
2016-01-19 12:00:00,-7.16,-6.5818405,-6.5044866
2016-01-19 13:00:00,-4.715,-5.7793593,-6.0517983
2016-01-19 14:00:00,-2.8616667,-5.307399,-5.2284636
2016-01-19 15:00:00,-1.9666667,-5.2072453,-4.831461
2016-01-19 16:00:00,-1.9,-5.2200108,-4.7572265
2016-01-19 17:00:00,-3.2716668,-5.366207,-5.008192
2016-01-19 18:00:00,-4.5033336,-5.0027485,-4.7196336
2016-01-19 19:00:00,-6.085,-4.9857965,-4.4199414
2016-01-19 20:00:00,-6.991667,-5.258243,-4.661212
2016-01-19 21:00:00,-7.62,-5.3346243,-5.060991
2016-01-19 22:00:00,-7.73,-5.598333,-5.2716737
2016-01-19 23:00:00,-7.945,-6.982899,-6.5199485
2016-01-20 00:00:00,-7.5133333,-7.483356,-6.729018
2016-01-20 01:00:00,-6.91,-8.195465,-7.607573
2016-01-20 02:00:00,-6.4733334,-7.860366,-7.4635344
2016-01-20 03:00:00,-6.135,-7.41049,-7.5865493
2016-01-20 04:00:00,-5.47,-6.9289346,-7.0202365
2016-01-20 05:00:00,-4.875,-7.3546686,-7.449704
2016-01-20 06:00:00,-4.2466664,-7.1542478,-6.362556
2016-01-20 07:00:00,-3.635,-6.408769,-5.7129445
2016-01-20 08:00:00,-3.5716667,-5.6482224,-5.2319303
2016-01-20 09:00:00,-3.58,-5.139054,-5.046618
2016-01-20 10:00:00,-3.4583333,-3.96872,-3.7506082
2016-01-20 11:00:00,-2.1616666,-2.5112686,-2.499145
2016-01-20 12:00:00,-0.98333335,-1.1182427,-1.101536
2016-01-20 13:00:00,-0.016666668,-0.51619923,0.10187444
2016-01-20 14:00:00,0.32,-0.5884454,0.17896953
2016-01-20 15:00:00,-0.59166664,-1.0253279,-0.35301253
2016-01-20 16:00:00,-0.9166667,-1.1630114,-0.5160763
2016-01-20 17:00:00,-0.9716667,-1.296879,-0.33137485
2016-01-20 18:00:00,-0.92333335,-1.5295186,-0.9527972
2016-01-20 19:00:00,-1.0266666,-1.5523679,-0.8152828
2016-01-20 20:00:00,-1.015,-1.8775234,-1.2791234
2016-01-20 21:00:00,-1.0216666,-2.2285383,-1.8655894
2016-01-20 22:00:00,-1.0016667,-1.7146151,-1.6864982
2016-01-20 23:00:00,-1.0033333,-1.832469,-1.4688914
2016-01-21 00:00:00,-1.2383333,-1.3612683,-1.4663514
2016-01-21 01:00:00,-1.76,-1.219164,-1.542096
2016-01-21 02:00:00,-1.8166667,-1.563173,-1.3213481
2016-01-21 03:00:00,-1.8616667,-1.2677103,-0.921962
2016-01-21 04:00:00,-2.635,-1.1404436,-1.0560923
2016-01-21 05:00:00,-3.1766667,-1.4969585,-1.0926503
2016-01-21 06:00:00,-3.2416666,-1.5624282,-1.4673777
2016-01-21 07:00:00,-3.5583334,-1.9165134,-2.03529
2016-01-21 08:00:00,-3.6516666,-1.8049302,-2.0154793
2016-01-21 09:00:00,-3.8566666,-2.0123124,-1.9610713
2016-01-21 10:00:00,-3.64,-2.8302083,-2.7921467
2016-01-21 11:00:00,-3.19,-2.4583302,-3.064233
2016-01-21 12:00:00,-2.8,-1.1899409,-1.6279609
2016-01-21 13:00:00,-1.2,-1.5494815,-1.6915741
2016-01-21 14:00:00,-0.16666667,-1.5076983,-1.5523899
2016-01-21 15:00:00,-0.48666668,-2.2618039,-2.1296072
2016-01-21 16:00:00,-0.385,-2.4622326,-2.0251362
2016-01-21 17:00:00,-2.1783333,-2.7716675,-2.1628811
2016-01-21 18:00:00,-3.2266667,-3.0210795,-2.5862186
2016-01-21 19:00:00,-4.633333,-2.473248,-1.7584369
2016-01-21 20:00:00,-5.9866667,-2.6008842,-2.147241
2016-01-21 21:00:00,-6.8933334,-3.5969152,-3.7809803
2016-01-21 22:00:00,-8.373333,-3.9585285,-3.9078376
2016-01-21 23:00:00,-8.93,-5.454646,-5.1963143
2016-01-22 00:00:00,-9.296667,-6.194491,-5.7654014
2016-01-22 01:00:00,-10.256667,-7.751215,-7.016786
2016-01-22 02:00:00,-10.92,-7.766037,-7.679335
2016-01-22 03:00:00,-11.908334,-8.352028,-8.123758
2016-01-22 04:00:00,-12.5633335,-9.506615,-9.829266
2016-01-22 05:00:00,-12.251667,-10.071286,-9.432137
2016-01-22 06:00:00,-12.828333,-10.371157,-9.9862
2016-01-22 07:00:00,-13.646667,-11.039909,-10.560007
2016-01-22 08:00:00,-13.655,-10.922852,-10.257248
2016-01-22 09:00:00,-13.643333,-11.579851,-10.149161
2016-01-22 10:00:00,-12.45,-11.210559,-9.241271
2016-01-22 11:00:00,-10.198334,-9.288501,-7.069312
2016-01-22 12:00:00,-8.006667,-7.805189,-5.758383
2016-01-22 13:00:00,-4.915,-6.4926443,-4.3774743
2016-01-22 14:00:00,-2.725,-5.5362506,-3.5894852
2016-01-22 15:00:00,-1.4533334,-5.3031816,-2.994815
2016-01-22 16:00:00,-0.81166667,-5.290831,-2.4668462
2016-01-22 17:00:00,-2.3716667,-5.2876496,-3.3701537
2016-01-22 18:00:00,-3.5033333,-5.420572,-5.212564
2016-01-22 19:00:00,-4.298333,-4.55985,-4.7520328
2016-01-22 20:00:00,-4.5516667,-3.814745,-4.599175
2016-01-22 21:00:00,-4.6883335,-3.8275328,-4.8868456
2016-01-22 22:00:00,-4.4666667,-4.4054556,-4.499251
2016-01-22 23:00:00,-3.5833333,-5.834726,-5.3514957
2016-01-23 00:00:00,-3.1983333,-6.0398645,-5.3432956
2016-01-23 01:00:00,-3.02,-5.980262,-5.298094
2016-01-23 02:00:00,-3.405,-5.3460827,-4.41674
2016-01-23 03:00:00,-3.45,-5.0700607,-4.212065
2016-01-23 04:00:00,-3.22,-4.5993557,-3.9653938
2016-01-23 05:00:00,-2.7783334,-2.8994389,-1.3872687
2016-01-23 06:00:00,-2.3116667,-2.3914764,-1.5872622
2016-01-23 07:00:00,-2.2333333,-2.0903072,-1.768851
2016-01-23 08:00:00,-1.8266667,-2.6942637,-2.2631404
2016-01-23 09:00:00,-1.3383334,-2.309431,-1.8088322
2016-01-23 10:00:00,-0.08166666,-1.2078713,-0.7993531
2016-01-23 11:00:00,3.1883333,0.57762027,0.7361239
2016-01-23 12:00:00,3.94,1.3508472,1.7271057
2016-01-23 13:00:00,4.39,1.2105887,1.83459
2016-01-23 14:00:00,5.1,1.9595964,2.5194464
2016-01-23 15:00:00,5.6316667,2.2154489,2.827285
2016-01-23 16:00:00,5.3366666,3.0589776,3.834494
2016-01-23 17:00:00,5.1183333,4.6607795,6.012446
2016-01-23 18:00:00,4.721667,4.376523,4.3841877
2016-01-23 19:00:00,4.335,4.612993,4.2486563
2016-01-23 20:00:00,4.2633333,5.1629863,4.9804416
2016-01-23 21:00:00,4.056667,5.1545014,4.94494
2016-01-23 22:00:00,4.048333,4.676353,4.5609326
2016-01-23 23:00:00,3.8266666,4.3671966,4.4070573
2016-01-24 00:00:00,3.6966667,4.001682,4.1553116
2016-01-24 01:00:00,3.2783334,3.7620533,4.050889
2016-01-24 02:00:00,2.665,3.9624922,4.20158
2016-01-24 03:00:00,2.4883332,3.7480612,3.975752
2016-01-24 04:00:00,2.095,3.610371,4.035931
2016-01-24 05:00:00,1.865,3.4231539,3.5656922
2016-01-24 06:00:00,1.6133333,3.7034101,3.3515759
2016-01-24 07:00:00,0.9766667,3.0311105,2.8310459
2016-01-24 08:00:00,1.0,2.7466245,2.3706036
2016-01-24 09:00:00,1.0883334,3.331811,2.5749264
2016-01-24 10:00:00,1.0566666,3.3410192,2.4741247
2016-01-24 11:00:00,1.1816666,3.422339,3.2117035
2016-01-24 12:00:00,2.6516666,3.8802643,4.331541
2016-01-24 13:00:00,4.471667,3.9437,4.7720094
2016-01-24 14:00:00,5.7566667,4.725787,6.0279474
2016-01-24 15:00:00,6.2483335,5.4588184,6.4862814
2016-01-24 16:00:00,5.75,5.6387124,5.8889036
2016-01-24 17:00:00,4.6633334,4.771683,4.754936
2016-01-24 18:00:00,4.2,4.815285,4.450474
2016-01-24 19:00:00,4.508333,4.594387,4.1300273
2016-01-24 20:00:00,3.805,4.932935,3.9265974
2016-01-24 21:00:00,3.5383334,5.1316795,4.036642
2016-01-24 22:00:00,3.58,4.1689563,3.861047
2016-01-24 23:00:00,3.31,3.9372485,3.6271372
2016-01-25 00:00:00,3.1016667,3.9820256,3.5255864
2016-01-25 01:00:00,3.0183334,4.259751,4.2190876
2016-01-25 02:00:00,3.0483334,3.7444003,3.3669372
2016-01-25 03:00:00,3.5516667,3.972728,3.360579
2016-01-25 04:00:00,3.92,4.055785,3.487461
2016-01-25 05:00:00,4.3216667,4.089451,3.4227264
2016-01-25 06:00:00,4.443333,4.0285993,3.3179607
2016-01-25 07:00:00,4.5233335,4.0211935,3.3909547
2016-01-25 08:00:00,5.04,4.2249947,3.6321456
2016-01-25 09:00:00,5.3233333,4.914673,4.3917656
2016-01-25 10:00:00,5.6566668,5.587383,4.9742837
2016-01-25 11:00:00,5.995,6.4282947,6.042637
2016-01-25 12:00:00,7.0333333,6.8700476,6.7473145
2016-01-25 13:00:00,8.516666,7.3432603,7.579489
2016-01-25 14:00:00,9.123333,8.47948,8.751774
2016-01-25 15:00:00,9.881667,8.941129,8.697221
2016-01-25 16:00:00,10.333333,9.0865555,8.343594
2016-01-25 17:00:00,10.476666,8.533465,7.7198834
2016-01-25 18:00:00,9.316667,8.255576,7.959796
2016-01-25 19:00:00,8.141666,7.8907733,7.905108
2016-01-25 20:00:00,6.585,6.9765334,7.529641
2016-01-25 21:00:00,5.4983335,6.957119,7.354735
2016-01-25 22:00:00,4.786667,7.1872005,7.5655627
2016-01-25 23:00:00,4.3216667,7.551632,8.00014
2016-01-26 00:00:00,4.4933333,6.685039,7.220917
2016-01-26 01:00:00,5.41,5.937966,6.376804
2016-01-26 02:00:00,5.2366667,4.8668914,5.108021
2016-01-26 03:00:00,6.02,4.2846613,4.3063545
2016-01-26 04:00:00,5.008333,3.9515185,3.8000014
2016-01-26 05:00:00,5.31,3.7902312,3.5335345
2016-01-26 06:00:00,5.625,4.049804,3.7311208
2016-01-26 07:00:00,5.835,4.6644044,4.502919
2016-01-26 08:00:00,5.741667,4.6587653,4.0503516
2016-01-26 09:00:00,5.095,5.535368,5.0152283
2016-01-26 10:00:00,5.69,4.657835,3.9643342
2016-01-26 11:00:00,6.7933335,6.4342875,6.0322876
2016-01-26 12:00:00,8.52,7.447263,6.973483
2016-01-26 13:00:00,10.123333,8.222243,8.033364
2016-01-26 14:00:00,11.611667,8.931818,8.711043
2016-01-26 15:00:00,11.966666,8.250398,7.8829303
2016-01-26 16:00:00,11.803333,8.768929,8.455011
2016-01-26 17:00:00,11.073334,8.621776,8.078214
2016-01-26 18:00:00,10.153334,8.476696,8.2246
2016-01-26 19:00:00,9.815,8.38224,8.344465
2016-01-26 20:00:00,9.96,8.714096,8.68016
2016-01-26 21:00:00,10.056666,8.915425,8.881799
2016-01-26 22:00:00,10.038333,9.060573,9.162632
2016-01-26 23:00:00,9.986667,8.603533,9.048815
2016-01-27 00:00:00,9.681666,8.009067,8.667605
2016-01-27 01:00:00,9.445,8.064046,8.261007
2016-01-27 02:00:00,9.215,8.514615,8.653707
2016-01-27 03:00:00,9.278334,8.253997,8.50297
2016-01-27 04:00:00,9.328333,8.291324,8.7811365
2016-01-27 05:00:00,9.226666,8.42939,9.154409
2016-01-27 06:00:00,9.28,7.930606,8.622949
2016-01-27 07:00:00,9.433333,7.2085915,7.8976555
2016-01-27 08:00:00,9.363334,7.168225,7.75837
2016-01-27 09:00:00,9.228333,8.056569,8.273483
2016-01-27 10:00:00,9.795,8.901746,9.1036415
2016-01-27 11:00:00,10.583333,9.749167,9.5094185
2016-01-27 12:00:00,11.318334,10.18466,9.394174
2016-01-27 13:00:00,11.55,10.950714,10.525143
2016-01-27 14:00:00,11.236667,10.455255,10.722008
2016-01-27 15:00:00,11.526667,10.584409,10.340744
2016-01-27 16:00:00,11.775,10.156449,10.528452
2016-01-27 17:00:00,12.083333,10.101635,10.578204
2016-01-27 18:00:00,11.951667,9.5768175,9.937372
2016-01-27 19:00:00,11.945,8.886448,9.004761
2016-01-27 20:00:00,12.043333,7.8338695,7.9377913
2016-01-27 21:00:00,12.116667,8.368818,8.405585
2016-01-27 22:00:00,11.771667,8.335897,8.231851
2016-01-27 23:00:00,11.861667,8.48775,8.354464
2016-01-28 00:00:00,12.068334,8.356658,8.57437
2016-01-28 01:00:00,11.995,8.271652,8.601428
2016-01-28 02:00:00,11.841666,8.235262,8.7831
2016-01-28 03:00:00,11.638333,8.505917,9.199043
2016-01-28 04:00:00,11.513333,8.553016,9.379333
2016-01-28 05:00:00,11.466666,8.80263,9.63376
2016-01-28 06:00:00,11.525,9.098666,9.944733
2016-01-28 07:00:00,10.826667,9.133229,9.814182
2016-01-28 08:00:00,10.866667,9.6018305,10.246532
2016-01-28 09:00:00,7.463333,9.86643,10.382612
2016-01-28 10:00:00,6.7683334,10.5627775,10.834123
2016-01-28 11:00:00,6.9383335,11.100193,11.41339
2016-01-28 12:00:00,8.018333,11.91386,12.285467
2016-01-28 13:00:00,8.646667,11.758454,12.01727
2016-01-28 14:00:00,9.263333,11.103421,11.330868
2016-01-28 15:00:00,8.365,5.8860726,5.721939
2016-01-28 16:00:00,8.703333,7.071078,6.731401
2016-01-28 17:00:00,6.9,6.0995755,6.8446803
2016-01-28 18:00:00,6.045,6.85686,6.700646
2016-01-28 19:00:00,4.6983333,5.9021964,6.242044
2016-01-28 20:00:00,3.28,5.971277,5.72166
2016-01-28 21:00:00,2.3916667,3.998153,4.2261305
2016-01-28 22:00:00,1.6016667,3.9648054,4.1000004
2016-01-28 23:00:00,1.3316667,0.97194564,1.834194
2016-01-29 00:00:00,0.75,0.13530108,0.97316897
2016-01-29 01:00:00,0.35833332,-0.1636382,0.6051252
2016-01-29 02:00:00,-0.11333334,-1.1660026,-0.26108912
2016-01-29 03:00:00,-0.225,-1.6857221,-0.6972704
2016-01-29 04:00:00,-0.785,-1.8142142,-0.92975736
2016-01-29 05:00:00,-0.9866667,-1.6704848,-0.75449
2016-01-29 06:00:00,-0.64166665,-1.723674,-0.8301219
2016-01-29 07:00:00,-0.62666667,-1.3130877,-0.45506653
2016-01-29 08:00:00,-0.36833334,-1.0244651,-0.32612976
2016-01-29 09:00:00,1.47,-0.35476658,0.034493357
2016-01-29 10:00:00,3.1966667,0.17087933,0.2604247
2016-01-29 11:00:00,5.346667,1.4300654,1.7255152
2016-01-29 12:00:00,6.095,3.409565,3.4180741
2016-01-29 13:00:00,7.2966666,5.089095,4.9518714
2016-01-29 14:00:00,8.22,5.3273864,5.8485484
2016-01-29 15:00:00,8.555,7.6688166,7.7039165
2016-01-29 16:00:00,8.518333,8.013619,6.956776
2016-01-29 17:00:00,8.208333,7.2007422,6.4414997
2016-01-29 18:00:00,7.955,6.566766,6.0626297
2016-01-29 19:00:00,7.8783336,6.7937555,6.3231273
2016-01-29 20:00:00,7.6033335,7.124147,6.1073084
2016-01-29 21:00:00,7.3416667,7.1265144,6.0989203
2016-01-29 22:00:00,6.943333,6.9928007,6.01529
2016-01-29 23:00:00,6.846667,6.540998,5.746243
2016-01-30 00:00:00,6.72,6.331665,5.7940173
2016-01-30 01:00:00,6.6633334,6.2666664,5.782619
2016-01-30 02:00:00,6.6516666,6.1772103,6.3461027
2016-01-30 03:00:00,6.675,5.876456,6.5734606
2016-01-30 04:00:00,6.766667,5.4273033,6.2473083
2016-01-30 05:00:00,6.9766665,6.469553,6.72636
2016-01-30 06:00:00,6.8716664,6.166467,6.573712
2016-01-30 07:00:00,6.9666667,6.2273655,6.6382155
2016-01-30 08:00:00,7.035,6.3741946,6.852892
2016-01-30 09:00:00,7.18,6.7723494,7.2181644
2016-01-30 10:00:00,7.74,7.3423886,7.6028357
2016-01-30 11:00:00,7.84,8.657347,7.9273577
2016-01-30 12:00:00,7.645,8.872663,7.8720274
2016-01-30 13:00:00,7.8216667,9.45871,8.799644
2016-01-30 14:00:00,7.488333,9.453215,8.628852
2016-01-30 15:00:00,7.3216667,9.966086,9.289146
2016-01-30 16:00:00,7.4416666,9.097351,8.254898
2016-01-30 17:00:00,7.5333333,8.73897,8.248682
2016-01-30 18:00:00,6.818333,7.6574,7.3855233
2016-01-30 19:00:00,6.758333,7.252229,6.792438
2016-01-30 20:00:00,6.3,6.6161413,5.9535127
2016-01-30 21:00:00,5.633333,6.414614,5.9558997
2016-01-30 22:00:00,4.71,6.159009,5.9369974
2016-01-30 23:00:00,4.6316667,6.0443163,6.1623645
2016-01-31 00:00:00,3.0116668,5.7102437,6.226995
2016-01-31 01:00:00,1.0383333,5.665162,5.9778013
2016-01-31 02:00:00,1.515,5.4631963,5.833868
2016-01-31 03:00:00,1.45,4.353968,4.5697803
2016-01-31 04:00:00,1.515,3.7122283,3.8142667
2016-01-31 05:00:00,1.1583333,4.4411182,4.202068
2016-01-31 06:00:00,1.105,1.7974365,1.1217284
2016-01-31 07:00:00,1.6333333,0.037648916,-1.3347472
2016-01-31 08:00:00,1.0516666,1.031149,0.69874847
2016-01-31 09:00:00,1.4,1.4195337,1.0076638
2016-01-31 10:00:00,2.32,2.261056,1.7382985
2016-01-31 11:00:00,3.1,2.8096302,2.2244792
2016-01-31 12:00:00,3.845,3.2881272,3.1311297
2016-01-31 13:00:00,4.34,5.104528,4.5364084
2016-01-31 14:00:00,4.705,4.833175,4.298603
2016-01-31 15:00:00,5.2883334,4.907781,4.9024053
2016-01-31 16:00:00,5.238333,5.1817784,5.089322
2016-01-31 17:00:00,4.2433333,4.195162,4.471771
2016-01-31 18:00:00,4.0633335,3.1126618,3.2591143
2016-01-31 19:00:00,4.3366666,3.0764265,2.7928288
2016-01-31 20:00:00,4.7183332,2.3962584,2.754982
2016-01-31 21:00:00,5.0833335,2.7015076,2.9834216
2016-01-31 22:00:00,5.125,2.786604,2.7905138
2016-01-31 23:00:00,4.758333,2.8294957,3.3080266
2016-02-01 00:00:00,4.4266667,3.3391323,3.9570606
2016-02-01 01:00:00,5.59,3.7810197,4.198473
2016-02-01 02:00:00,5.963333,4.8795595,4.5444174
2016-02-01 03:00:00,8.715,5.1801004,4.9900646
2016-02-01 04:00:00,9.066667,5.424972,5.259471
2016-02-01 05:00:00,9.35,5.087076,4.9855924
2016-02-01 06:00:00,9.303333,4.983998,4.5076523
2016-02-01 07:00:00,9.251667,6.3476405,5.7224197
2016-02-01 08:00:00,9.525,6.931404,6.217996
2016-02-01 09:00:00,10.646667,9.259715,8.481837
2016-02-01 10:00:00,11.431666,9.0523405,8.489543
2016-02-01 11:00:00,11.66,9.725593,9.733291
2016-02-01 12:00:00,11.915,10.158306,10.142557
2016-02-01 13:00:00,12.318334,10.894674,10.839109
2016-02-01 14:00:00,12.685,11.445049,10.9543495
2016-02-01 15:00:00,12.916667,11.552376,11.399929
2016-02-01 16:00:00,12.818334,11.692016,11.392002
2016-02-01 17:00:00,12.528334,11.518271,11.12274
2016-02-01 18:00:00,12.106667,11.168003,10.768517
2016-02-01 19:00:00,11.658334,10.813301,10.321533
2016-02-01 20:00:00,11.076667,10.691359,10.096209
2016-02-01 21:00:00,10.476666,10.456582,9.729184
2016-02-01 22:00:00,10.395,10.109812,9.529233
2016-02-01 23:00:00,10.446667,9.74625,9.248394
2016-02-02 00:00:00,10.546667,9.200487,8.682107
2016-02-02 01:00:00,11.005,9.181191,8.969644
2016-02-02 02:00:00,11.013333,8.810851,8.542017
2016-02-02 03:00:00,11.016666,8.235555,8.75079
2016-02-02 04:00:00,11.361667,8.485933,8.511166
2016-02-02 05:00:00,11.531667,8.706933,8.96069
2016-02-02 06:00:00,11.546667,8.963358,9.639324
2016-02-02 07:00:00,11.281667,9.545644,10.061739
2016-02-02 08:00:00,11.27,9.916206,10.190077
2016-02-02 09:00:00,11.385,10.46341,10.662199
2016-02-02 10:00:00,11.415,11.250794,11.327796
2016-02-02 11:00:00,11.603333,12.207161,11.625609
2016-02-02 12:00:00,12.278334,12.192017,11.392575
2016-02-02 13:00:00,12.575,11.963023,11.414267
2016-02-02 14:00:00,11.91,12.19979,12.73637
2016-02-02 15:00:00,11.6866665,11.203912,11.81869
2016-02-02 16:00:00,11.526667,11.327098,12.218334
2016-02-02 17:00:00,11.246667,10.510107,11.134155
2016-02-02 18:00:00,10.958333,10.669656,11.044057
2016-02-02 19:00:00,7.32,10.327506,10.582968
2016-02-02 20:00:00,6.3166666,9.760222,9.995234
2016-02-02 21:00:00,6.3033333,9.300339,9.389083
2016-02-02 22:00:00,6.145,8.874488,9.033978
2016-02-02 23:00:00,5.925,8.611085,8.713066
2016-02-03 00:00:00,5.636667,8.605602,8.880928
2016-02-03 01:00:00,5.3516665,4.832162,4.753467
2016-02-03 02:00:00,3.54,5.1610026,4.120402
2016-02-03 03:00:00,3.6666667,4.8546095,4.540032
2016-02-03 04:00:00,3.665,5.195911,4.743282
2016-02-03 05:00:00,3.5816667,4.749145,4.4520173
2016-02-03 06:00:00,3.415,4.7109942,4.1839375
2016-02-03 07:00:00,3.2333333,4.0733614,3.4355507
2016-02-03 08:00:00,3.2416666,2.4216084,1.6260934
2016-02-03 09:00:00,3.4216666,3.5408828,2.8507195
2016-02-03 10:00:00,3.9316666,4.422797,3.7487304
2016-02-03 11:00:00,4.825,4.6653833,4.018385
2016-02-03 12:00:00,5.5016665,4.9702587,4.649076
2016-02-03 13:00:00,5.778333,5.8480325,5.440259
2016-02-03 14:00:00,6.1433334,5.9642572,5.8055477
2016-02-03 15:00:00,5.73,6.001248,6.064661
2016-02-03 16:00:00,5.798333,6.0927978,6.0387197
2016-02-03 17:00:00,4.645,5.9278073,5.856573
2016-02-03 18:00:00,3.7033334,4.849888,4.927506
2016-02-03 19:00:00,2.8483334,4.081044,4.0897546
2016-02-03 20:00:00,2.3483334,4.1857247,3.8103435
2016-02-03 21:00:00,2.3266666,3.4431686,3.1757438
2016-02-03 22:00:00,2.235,3.4996982,3.1013935
2016-02-03 23:00:00,2.38,1.990443,2.1938365
2016-02-04 00:00:00,2.7633333,1.1442283,1.4307747
2016-02-04 01:00:00,2.7716668,0.31788763,0.98069465
2016-02-04 02:00:00,2.9533334,0.35757408,0.97735417
2016-02-04 03:00:00,3.085,0.77696395,1.3259261
2016-02-04 04:00:00,2.905,0.28296563,0.7534765
2016-02-04 05:00:00,2.68,1.1198997,1.253576
2016-02-04 06:00:00,2.6683333,1.8372833,1.7941701
2016-02-04 07:00:00,2.3233333,2.2315698,1.9776791
2016-02-04 08:00:00,2.4833333,2.3410435,2.1029992
2016-02-04 09:00:00,2.7183332,2.59865,2.2650967
2016-02-04 10:00:00,3.12,3.038745,2.6081636
2016-02-04 11:00:00,3.545,3.809043,3.300491
2016-02-04 12:00:00,3.8566666,4.3617597,4.0528708
2016-02-04 13:00:00,3.9016666,4.673317,4.3719344
2016-02-04 14:00:00,3.6266668,4.969218,4.880006
2016-02-04 15:00:00,2.2716668,5.3051553,5.1671557
2016-02-04 16:00:00,2.0983334,5.075358,4.873454
2016-02-04 17:00:00,2.11,4.2569327,4.076957
2016-02-04 18:00:00,1.9483334,3.8539798,3.5293329
2016-02-04 19:00:00,1.7866666,4.008379,2.914838
2016-02-04 20:00:00,1.9316666,3.583923,2.456436
2016-02-04 21:00:00,2.0866666,2.693503,1.938221
2016-02-04 22:00:00,2.055,2.774154,2.558278
2016-02-04 23:00:00,1.95,2.766008,2.9846785
2016-02-05 00:00:00,2.0016668,2.3838773,2.5088422
2016-02-05 01:00:00,2.295,2.4028406,2.5806243
2016-02-05 02:00:00,2.2933333,2.5512004,2.0761776
2016-02-05 03:00:00,1.75,1.8014879,1.3567257
2016-02-05 04:00:00,1.95,1.9534662,1.2988486
2016-02-05 05:00:00,2.1383333,1.648155,1.1668407
2016-02-05 06:00:00,2.035,1.6945713,1.2359036
2016-02-05 07:00:00,1.89,1.6872554,1.3433
2016-02-05 08:00:00,2.1916666,1.8954713,1.3748438
2016-02-05 09:00:00,2.4116666,1.481849,0.9933629
2016-02-05 10:00:00,2.78,2.347256,1.93805
2016-02-05 11:00:00,3.2516668,2.940478,2.9497087
2016-02-05 12:00:00,3.7766666,3.735596,3.4219875
2016-02-05 13:00:00,4.1866665,3.8557775,3.5865142
2016-02-05 14:00:00,4.49,4.750514,4.6096144
2016-02-05 15:00:00,4.778333,5.0318904,4.826091
2016-02-05 16:00:00,5.1266665,5.2891083,4.8332334
2016-02-05 17:00:00,5.358333,5.01832,4.2098093
2016-02-05 18:00:00,5.3783336,5.00387,3.690084
2016-02-05 19:00:00,5.22,5.0735884,3.4917557
2016-02-05 20:00:00,5.385,4.9168863,3.5948138
2016-02-05 21:00:00,5.9483333,4.768119,3.8988874
2016-02-05 22:00:00,5.8883333,5.193465,4.7848063
2016-02-05 23:00:00,7.0666666,6.0830255,5.7949758
2016-02-06 00:00:00,5.9583335,5.755056,5.476086
2016-02-06 01:00:00,5.943333,6.1884665,5.4928756
2016-02-06 02:00:00,6.4133334,6.210874,5.8525133
2016-02-06 03:00:00,6.42,6.843262,6.4299216
2016-02-06 04:00:00,6.805,6.689792,6.201673
2016-02-06 05:00:00,6.6116667,8.164183,7.697871
2016-02-06 06:00:00,5.738333,5.5417,5.267954
2016-02-06 07:00:00,5.445,6.5109587,5.694207
2016-02-06 08:00:00,5.1116667,6.868187,6.586395
2016-02-06 09:00:00,5.2433333,7.2707,6.5383186
2016-02-06 10:00:00,6.045,8.414354,7.4409723
2016-02-06 11:00:00,7.3,8.730658,7.6735816
2016-02-06 12:00:00,8.346666,8.440925,7.6279225
2016-02-06 13:00:00,9.553333,9.1290655,8.461875
2016-02-06 14:00:00,10.468333,9.509657,8.671089
2016-02-06 15:00:00,11.085,9.741109,9.137195
2016-02-06 16:00:00,11.391666,9.25705,8.910068
2016-02-06 17:00:00,10.476666,9.409391,8.811317
2016-02-06 18:00:00,9.773334,8.727274,7.706978
2016-02-06 19:00:00,8.418333,8.486315,7.5464144
2016-02-06 20:00:00,7.93,8.335157,7.443924
2016-02-06 21:00:00,6.565,8.348662,7.5665355
2016-02-06 22:00:00,5.681667,8.611939,7.8097515
2016-02-06 23:00:00,5.483333,7.232295,6.61289
2016-02-07 00:00:00,5.0016665,6.846201,6.106647
2016-02-07 01:00:00,4.5916667,6.5579553,6.367591
2016-02-07 02:00:00,4.1683335,6.1690187,6.412542
2016-02-07 03:00:00,2.8283334,4.9941278,5.264724
2016-02-07 04:00:00,3.575,4.2928452,4.221927
2016-02-07 05:00:00,3.92,4.197601,4.5376863
2016-02-07 06:00:00,4.8983335,3.396821,3.9020956
2016-02-07 07:00:00,5.1833334,3.2120516,3.6690304
2016-02-07 08:00:00,4.9333334,3.4887078,3.7173502
2016-02-07 09:00:00,4.5033336,3.0091703,2.713156
2016-02-07 10:00:00,4.3433332,4.9158473,4.8562226
2016-02-07 11:00:00,5.4983335,7.2459736,6.0504255
2016-02-07 12:00:00,6.1833334,10.092622,8.146507
2016-02-07 13:00:00,7.895,11.256383,8.822867
2016-02-07 14:00:00,9.085,11.49894,8.539849
2016-02-07 15:00:00,10.57,10.6931,8.59286
2016-02-07 16:00:00,10.976666,8.832027,7.840678
2016-02-07 17:00:00,10.908334,8.000884,7.618372
2016-02-07 18:00:00,9.666667,7.0107284,6.1512012
2016-02-07 19:00:00,9.125,7.081318,6.158787
2016-02-07 20:00:00,8.515,6.529065,5.6026816
2016-02-07 21:00:00,8.211667,6.8301716,6.0060062
2016-02-07 22:00:00,7.8566666,6.6066055,5.4703937
2016-02-07 23:00:00,7.5516667,5.9423213,4.8923297
2016-02-08 00:00:00,7.213333,5.3325124,4.742698
2016-02-08 01:00:00,6.8083334,5.7528324,5.6198754
2016-02-08 02:00:00,5.9283333,5.470422,5.5557175
2016-02-08 03:00:00,6.135,5.1887145,5.3215623
2016-02-08 04:00:00,6.5616665,5.3692355,5.572325
2016-02-08 05:00:00,6.69,5.390989,5.6304536
2016-02-08 06:00:00,6.4483333,5.451954,5.6606417
2016-02-08 07:00:00,6.4583335,5.1007347,5.51114
2016-02-08 08:00:00,6.6016665,4.8443403,5.500634
2016-02-08 09:00:00,6.5533333,5.73566,5.766154
2016-02-08 10:00:00,7.415,6.8833523,6.465207
2016-02-08 11:00:00,8.98,7.2769976,6.624275
2016-02-08 12:00:00,9.581667,7.681131,7.07157
2016-02-08 13:00:00,10.095,8.4882965,7.5502286
2016-02-08 14:00:00,9.023334,8.331875,7.678234
2016-02-08 15:00:00,8.135,8.446921,8.1943865
2016-02-08 16:00:00,8.8133335,8.572988,8.28316
2016-02-08 17:00:00,8.155,8.771571,8.503309
2016-02-08 18:00:00,6.125,8.560826,8.778396
2016-02-08 19:00:00,6.895,8.312677,8.58504
2016-02-08 20:00:00,5.765,7.537608,7.8647513
2016-02-08 21:00:00,5.8616667,7.375892,7.5475335
2016-02-08 22:00:00,5.7316666,7.5181413,7.1912503
2016-02-08 23:00:00,5.6433334,6.399387,5.8964877
2016-02-09 00:00:00,6.1316667,5.262608,4.991426
2016-02-09 01:00:00,6.5466666,5.728526,5.0190854
2016-02-09 02:00:00,6.915,4.5845733,4.729431
2016-02-09 03:00:00,6.798333,4.374335,4.222814
2016-02-09 04:00:00,6.673333,4.371174,4.1156306
2016-02-09 05:00:00,6.5466666,4.264209,4.559259
2016-02-09 06:00:00,6.97,4.984214,5.179095
2016-02-09 07:00:00,6.7633333,5.167832,5.2682157
2016-02-09 08:00:00,6.238333,5.609462,5.681824
2016-02-09 09:00:00,6.43,5.3951597,5.7936096
2016-02-09 10:00:00,6.758333,5.574314,6.1164417
2016-02-09 11:00:00,6.985,6.360175,6.4982266
2016-02-09 12:00:00,7.5133333,6.932544,7.290878
2016-02-09 13:00:00,7.673333,7.482609,7.54677
2016-02-09 14:00:00,7.045,7.566692,7.1027117
2016-02-09 15:00:00,6.673333,7.780075,7.359997
2016-02-09 16:00:00,7.2233334,7.677589,7.1367726
2016-02-09 17:00:00,8.54,7.4286156,6.8801484
2016-02-09 18:00:00,8.288333,6.7534895,6.342379
2016-02-09 19:00:00,8.825,6.694358,6.4067698
2016-02-09 20:00:00,8.826667,6.5294666,6.5911436
2016-02-09 21:00:00,8.911667,6.057477,5.951438
2016-02-09 22:00:00,8.81,6.600401,6.4006863
2016-02-09 23:00:00,7.891667,7.5262036,7.008779
2016-02-10 00:00:00,5.465,7.5315733,7.3562894
2016-02-10 01:00:00,4.8166666,7.7182827,7.189735
2016-02-10 02:00:00,4.3933334,7.50145,6.8532534
2016-02-10 03:00:00,3.2816668,7.4564385,7.1436057
2016-02-10 04:00:00,2.855,6.892961,6.3449316
2016-02-10 05:00:00,2.9166667,6.077906,5.41204
2016-02-10 06:00:00,2.6983333,3.3143122,2.5928476
2016-02-10 07:00:00,2.5216668,3.2893157,2.7089174
2016-02-10 08:00:00,2.1716666,2.8794556,2.9093907
2016-02-10 09:00:00,2.41,3.133535,2.6808982
2016-02-10 10:00:00,3.045,3.7164996,3.0057583
2016-02-10 11:00:00,4.1966667,4.660868,3.9089482
2016-02-10 12:00:00,4.778333,5.5633736,4.370837
2016-02-10 13:00:00,4.805,6.0395603,4.7854724
2016-02-10 14:00:00,4.9533334,5.9289565,4.7899423
2016-02-10 15:00:00,4.9416666,5.651694,4.9288154
2016-02-10 16:00:00,4.1866665,5.625544,4.6725993
2016-02-10 17:00:00,4.0216665,5.427746,4.837395
2016-02-10 18:00:00,3.6983333,4.103918,4.69193
2016-02-10 19:00:00,3.2533333,3.3040214,4.191693
2016-02-10 20:00:00,3.265,3.2163687,3.718341
2016-02-10 21:00:00,3.4966667,3.1885087,3.1461365
2016-02-10 22:00:00,3.6166666,2.7495005,2.6365702
2016-02-10 23:00:00,3.3983333,2.564958,2.4666972
2016-02-11 00:00:00,2.345,2.3670888,2.154448
2016-02-11 01:00:00,3.0016668,2.1528695,2.1210341
2016-02-11 02:00:00,3.17,1.933053,1.8259199
2016-02-11 03:00:00,3.3916667,2.4844,2.281284
2016-02-11 04:00:00,3.0466666,2.7103708,2.532626
2016-02-11 05:00:00,3.015,2.6179438,2.3143497
2016-02-11 06:00:00,2.9316666,1.9503814,1.2340059
2016-02-11 07:00:00,2.925,2.5831718,1.7564949
2016-02-11 08:00:00,3.0333333,2.6467288,2.2325556
2016-02-11 09:00:00,3.465,2.9332843,2.3607957
2016-02-11 10:00:00,3.8783333,3.4639387,2.8739827
2016-02-11 11:00:00,5.221667,4.444991,3.774351
2016-02-11 12:00:00,5.74,4.9965396,4.0012856
2016-02-11 13:00:00,6.2066665,5.966165,5.1555696
2016-02-11 14:00:00,5.4616666,5.2309213,4.8592467
2016-02-11 15:00:00,6.285,5.804723,5.493588
2016-02-11 16:00:00,5.75,5.098627,4.5976243
2016-02-11 17:00:00,5.4566665,5.436958,5.1276693
2016-02-11 18:00:00,4.515,4.4956007,4.6014476
2016-02-11 19:00:00,3.37,3.743208,3.7873256
2016-02-11 20:00:00,2.565,2.4532323,2.4167986
2016-02-11 21:00:00,2.1533334,3.3251328,2.9407687
2016-02-11 22:00:00,1.555,2.4650905,2.1048813
2016-02-11 23:00:00,1.7183334,2.4828892,1.3726686
2016-02-12 00:00:00,1.905,1.3197155,0.934646
2016-02-12 01:00:00,1.395,0.60808396,0.41174892
2016-02-12 02:00:00,0.5733333,0.32291546,0.39125398
2016-02-12 03:00:00,0.06666667,0.3680335,0.6000681
2016-02-12 04:00:00,-0.48,0.24954286,0.4288899
2016-02-12 05:00:00,-0.93666667,0.81032,0.8253733
2016-02-12 06:00:00,-1.3333334,0.76440763,0.7829212
2016-02-12 07:00:00,-0.7733333,0.60137665,0.4195347
2016-02-12 08:00:00,-0.7633333,0.3801671,-0.18636283
2016-02-12 09:00:00,-0.8833333,0.068672925,-0.26563767
2016-02-12 10:00:00,0.78833336,0.5394757,0.10053113
2016-02-12 11:00:00,3.4883332,1.4863266,0.6912241
2016-02-12 12:00:00,4.2566667,2.9646354,1.6159574
2016-02-12 13:00:00,4.325,5.183055,3.9368222
2016-02-12 14:00:00,4.795,5.0409164,3.4205687
2016-02-12 15:00:00,5.22,4.437603,3.4194343
2016-02-12 16:00:00,5.745,5.434512,4.8692923
2016-02-12 17:00:00,5.29,5.6033063,5.3443274
2016-02-12 18:00:00,4.705,4.2187552,4.0878625
2016-02-12 19:00:00,4.2516665,2.053658,2.22073
2016-02-12 20:00:00,3.315,1.1460786,1.8392671
2016-02-12 21:00:00,2.3783333,0.96851695,1.7507527
2016-02-12 22:00:00,1.3433334,1.1514949,1.0244501
2016-02-12 23:00:00,0.28166667,0.7399138,-0.25402173
2016-02-13 00:00:00,-0.585,0.5846759,-0.7828084
2016-02-13 01:00:00,-1.0366666,0.96642995,0.19518414
2016-02-13 02:00:00,-1.2016667,0.6544337,0.23568204
2016-02-13 03:00:00,-1.8416667,-0.13163045,-0.28582355
2016-02-13 04:00:00,-2.3566666,-0.91210747,-0.9406172
2016-02-13 05:00:00,-3.2066667,-1.6305213,-1.417916
2016-02-13 06:00:00,-3.6266668,-2.3217168,-1.9129374
2016-02-13 07:00:00,-4.175,-2.3475127,-1.8234539
2016-02-13 08:00:00,-4.5783334,-1.9438312,-1.5991341
2016-02-13 09:00:00,-3.8416667,-1.5711443,-1.8215775
2016-02-13 10:00:00,-2.46,-1.1424658,-1.3839511
2016-02-13 11:00:00,-0.34,-1.3186331,-1.1240537
2016-02-13 12:00:00,1.95,0.09686524,0.29312196
2016-02-13 13:00:00,3.51,1.8657284,2.5472388
2016-02-13 14:00:00,4.5816665,2.6737437,4.226983
2016-02-13 15:00:00,4.2733335,3.4163575,5.5759563
2016-02-13 16:00:00,4.116667,3.5437691,5.216786
2016-02-13 17:00:00,3.83,3.60635,4.877756
2016-02-13 18:00:00,3.6283333,3.2551243,3.504183
2016-02-13 19:00:00,3.4566667,2.4609709,2.2417595
2016-02-13 20:00:00,2.96,1.7215748,2.2092476
2016-02-13 21:00:00,2.4433334,0.7745179,1.3447542
2016-02-13 22:00:00,2.04,1.1098821,1.068541
2016-02-13 23:00:00,1.775,1.2038754,1.0248127
2016-02-14 00:00:00,2.1183333,1.5832249,1.1409231
2016-02-14 01:00:00,2.59,1.8105055,1.5407017
2016-02-14 02:00:00,2.85,1.6493965,1.6325238
2016-02-14 03:00:00,3.165,1.2928617,1.3711798
2016-02-14 04:00:00,3.115,0.86910534,1.1065842
2016-02-14 05:00:00,3.1283333,0.5509306,0.8266649
2016-02-14 06:00:00,3.2483332,0.8577219,1.2728455
2016-02-14 07:00:00,3.2683334,1.8932629,2.4451625
2016-02-14 08:00:00,3.3466666,2.5586586,2.763131
2016-02-14 09:00:00,3.5983334,3.4707947,3.325815
2016-02-14 10:00:00,4.65,4.629665,3.886658
2016-02-14 11:00:00,7.588333,6.1476693,4.572168
2016-02-14 12:00:00,8.22,7.463808,5.241009
2016-02-14 13:00:00,8.258333,7.9798827,5.5202875
2016-02-14 14:00:00,8.255,7.590243,5.555727
2016-02-14 15:00:00,7.805,6.9444246,5.4336796
2016-02-14 16:00:00,7.87,7.489126,6.3632336
2016-02-14 17:00:00,7.4266667,8.187908,7.3480964
2016-02-14 18:00:00,6.9066668,7.022666,6.249891
2016-02-14 19:00:00,6.3483334,5.758775,5.324364
2016-02-14 20:00:00,5.445,4.8997664,4.3172836
2016-02-14 21:00:00,5.225,4.339662,3.7377608
2016-02-14 22:00:00,4.94,4.435173,3.8022597
2016-02-14 23:00:00,4.6966667,3.915813,3.337847
2016-02-15 00:00:00,4.735,3.603791,2.7779772
2016-02-15 01:00:00,4.556667,3.1164742,2.5275555
2016-02-15 02:00:00,4.3966665,2.7426877,2.2738419
2016-02-15 03:00:00,4.3333335,2.5528054,2.5054417
2016-02-15 04:00:00,4.0733333,2.75811,2.5713212
2016-02-15 05:00:00,3.865,2.5377238,2.3582547
2016-02-15 06:00:00,3.9033334,2.3891468,2.2160397
2016-02-15 07:00:00,3.86,2.448732,2.3211818
2016-02-15 08:00:00,3.7116666,2.4205117,2.3365803
2016-02-15 09:00:00,3.76,3.229483,2.9071572
2016-02-15 10:00:00,4.2833333,4.5119667,3.769695
2016-02-15 11:00:00,4.3116665,6.043673,4.8647256
2016-02-15 12:00:00,4.37,6.2776747,5.6275268
2016-02-15 13:00:00,4.365,5.7038865,5.2963905
2016-02-15 14:00:00,4.5183334,5.1478653,4.860833
2016-02-15 15:00:00,4.3416667,5.961819,5.787906
2016-02-15 16:00:00,3.9983332,5.294768,5.296564
2016-02-15 17:00:00,3.0683334,4.146477,4.079554
2016-02-15 18:00:00,2.5233333,3.8894608,3.863949
2016-02-15 19:00:00,1.8083333,2.9390678,2.9875462
2016-02-15 20:00:00,1.2116667,2.0838501,2.3739738
2016-02-15 21:00:00,0.91333336,1.34053,1.8872783
2016-02-15 22:00:00,0.79,1.0816996,1.9905221
2016-02-15 23:00:00,0.515,0.4989836,1.4621596
2016-02-16 00:00:00,0.165,0.49244186,1.1670908
2016-02-16 01:00:00,-0.195,0.5028449,0.62084675
2016-02-16 02:00:00,-0.38,0.45507148,0.61777425
2016-02-16 03:00:00,-0.465,0.21735385,0.45064417
2016-02-16 04:00:00,-0.55,0.30774292,0.29388097
2016-02-16 05:00:00,-0.8066667,0.26088318,-0.032859355
2016-02-16 06:00:00,-0.965,-0.4780105,-1.0211554
2016-02-16 07:00:00,-1.355,-1.0508319,-1.759016
2016-02-16 08:00:00,-1.5133333,-1.0695273,-1.4259901
2016-02-16 09:00:00,-1.9016666,-0.98886883,-1.2344986
2016-02-16 10:00:00,-1.78,-0.8023474,-1.2698568
2016-02-16 11:00:00,-1.4816667,-0.9221556,-1.300694
2016-02-16 12:00:00,-1.4533334,-0.51572,-0.8172984
2016-02-16 13:00:00,-1.4216666,-0.68642247,-0.82193875
2016-02-16 14:00:00,-1.4883333,0.67604434,0.46592972
2016-02-16 15:00:00,-1.6366667,0.28603634,0.038147777
2016-02-16 16:00:00,-1.7916666,0.8880539,0.5962677
2016-02-16 17:00:00,-1.87,0.826146,0.26844016
2016-02-16 18:00:00,-1.7633333,-0.3249171,-0.7708168
2016-02-16 19:00:00,-1.6583333,-1.6726301,-1.7870576
2016-02-16 20:00:00,-1.6733333,-2.6791503,-2.8166633
2016-02-16 21:00:00,-1.5966667,-3.5335953,-3.4059772
2016-02-16 22:00:00,-1.4716667,-4.263966,-3.7006567
2016-02-16 23:00:00,-1.27,-4.5220976,-3.8484886
2016-02-17 00:00:00,-1.3333334,-4.1602035,-3.5013885
2016-02-17 01:00:00,-1.205,-3.369459,-2.6727865
2016-02-17 02:00:00,-1.4466667,-3.175462,-3.1482608
2016-02-17 03:00:00,-1.6266667,-2.8459563,-2.8539963
2016-02-17 04:00:00,-1.6566666,-2.7806942,-2.3528495
2016-02-17 05:00:00,-1.57,-2.6730227,-2.1919098
2016-02-17 06:00:00,-1.3183334,-2.691046,-2.2183645
2016-02-17 07:00:00,-0.99666667,-2.2364497,-1.8762147
2016-02-17 08:00:00,-1.335,-2.1375537,-2.2180607
2016-02-17 09:00:00,-1.025,-1.7788131,-1.8593857
2016-02-17 10:00:00,-1.02,-1.2102618,-1.4316701
2016-02-17 11:00:00,-0.44,-0.5951667,-0.83644223
2016-02-17 12:00:00,-0.29,-0.017894298,0.053394467
2016-02-17 13:00:00,0.09,0.9185847,0.74026394
2016-02-17 14:00:00,-0.35,0.9165206,0.12691936
2016-02-17 15:00:00,-0.6483333,1.2912571,0.6232562
2016-02-17 16:00:00,-0.84833336,1.2935443,0.40640894
2016-02-17 17:00:00,-1.1566666,1.3476101,0.63102114
2016-02-17 18:00:00,-1.145,0.93014526,0.10266349
2016-02-17 19:00:00,-0.93833333,1.1075264,0.3979496
2016-02-17 20:00:00,-0.95166665,0.054867476,-0.43421093
2016-02-17 21:00:00,-1.055,-0.3158069,-0.15551344
2016-02-17 22:00:00,-1.06,-0.35993567,0.40105304
2016-02-17 23:00:00,-1.1166667,-0.55650055,0.14092031
2016-02-18 00:00:00,-0.905,-0.5559218,0.14132175
2016-02-18 01:00:00,-0.47666666,-0.9684757,0.16962966
2016-02-18 02:00:00,-0.025,-1.1667383,0.5154668
2016-02-18 03:00:00,0.07333333,-1.0977482,0.26312694
2016-02-18 04:00:00,0.05666667,-0.8655772,0.10318294
2016-02-18 05:00:00,0.18666667,-0.72446203,-0.0433273
2016-02-18 06:00:00,0.30333334,-0.47867826,-0.0021804273
2016-02-18 07:00:00,0.285,-0.03933528,0.21637157
2016-02-18 08:00:00,0.36666667,0.42881146,0.5163636
2016-02-18 09:00:00,1.4416667,0.8394046,0.5724505
2016-02-18 10:00:00,2.69,1.321866,1.0921379
2016-02-18 11:00:00,3.4683332,1.736969,1.8606808
2016-02-18 12:00:00,4.108333,2.0774384,2.6063447
2016-02-18 13:00:00,4.588333,2.596736,2.8296962
2016-02-18 14:00:00,4.7,3.2341042,3.2586682
2016-02-18 15:00:00,5.085,4.101619,4.47766
2016-02-18 16:00:00,5.2533336,4.4908166,4.9107027
2016-02-18 17:00:00,5.391667,4.15336,4.2988744
2016-02-18 18:00:00,4.681667,3.6059353,3.830637
2016-02-18 19:00:00,3.485,2.9467733,2.798876
2016-02-18 20:00:00,2.855,1.9131913,1.2190458
2016-02-18 21:00:00,2.2983334,1.7160027,1.4754092
2016-02-18 22:00:00,1.69,1.1205902,0.5552237
2016-02-18 23:00:00,0.835,0.88032746,0.3589466
2016-02-19 00:00:00,0.44333333,-0.15371886,-0.4557316
2016-02-19 01:00:00,-0.26666668,0.21518949,-0.59994364
2016-02-19 02:00:00,-1.0666667,0.28296903,-0.11353293
2016-02-19 03:00:00,-1.345,0.28965488,-0.074005336
2016-02-19 04:00:00,-1.7366667,0.023546785,-0.31189558
2016-02-19 05:00:00,-2.4216666,-0.96093833,-0.8597357
2016-02-19 06:00:00,-2.9133334,-1.506582,-0.71859396
2016-02-19 07:00:00,-3.0366666,-2.302548,-1.4313593
2016-02-19 08:00:00,-3.405,-2.4457364,-2.1650357
2016-02-19 09:00:00,-2.3766668,-1.8519936,-1.5957432
2016-02-19 10:00:00,-1.6766666,-0.9142151,-0.97973824
2016-02-19 11:00:00,-0.085,0.51757514,-0.2938219
2016-02-19 12:00:00,2.0983334,2.220216,1.2345752
2016-02-19 13:00:00,3.5266666,3.9607937,3.2364812
2016-02-19 14:00:00,3.7483332,3.621007,3.9405148
2016-02-19 15:00:00,4.173333,4.8506565,5.3672466
2016-02-19 16:00:00,4.0266666,3.8899899,4.440551
2016-02-19 17:00:00,3.5483334,3.5825503,4.60464
2016-02-19 18:00:00,2.8783333,3.4234934,3.6606727
2016-02-19 19:00:00,2.345,1.5629244,1.8371918
2016-02-19 20:00:00,2.0733333,-0.44115272,0.3576211
2016-02-19 21:00:00,1.8033333,-0.7543516,0.8630234
2016-02-19 22:00:00,1.8,-0.57735825,0.5747682
2016-02-19 23:00:00,1.1983334,-0.42363027,0.42552486
2016-02-20 00:00:00,0.63166666,-0.8652837,-0.08303872
2016-02-20 01:00:00,0.33833334,-0.9830961,-0.37973914
2016-02-20 02:00:00,0.11333334,-0.2660087,0.40079895
2016-02-20 03:00:00,0.39,0.70654464,1.1848009
2016-02-20 04:00:00,0.72833335,1.212225,1.530752
2016-02-20 05:00:00,0.64,0.22337887,0.41502556
2016-02-20 06:00:00,1.57,-0.2105374,0.082081646
2016-02-20 07:00:00,2.15,-0.35837558,0.15439203
2016-02-20 08:00:00,2.3066666,0.14474282,0.32684997
2016-02-20 09:00:00,2.76,1.3650434,1.1883465
2016-02-20 10:00:00,3.6616666,2.581293,2.211822
2016-02-20 11:00:00,3.81,3.216601,2.738233
2016-02-20 12:00:00,3.8166666,4.9909644,4.5827074
2016-02-20 13:00:00,4.221667,5.72976,5.134732
2016-02-20 14:00:00,4.358333,5.7390327,5.240195
2016-02-20 15:00:00,4.233333,6.174301,5.809893
2016-02-20 16:00:00,4.1683335,6.793726,5.5600677
2016-02-20 17:00:00,4.26,6.3230486,5.1722474
2016-02-20 18:00:00,4.64,5.828868,4.8041205
2016-02-20 19:00:00,4.7483335,5.4459925,4.7719526
2016-02-20 20:00:00,4.9533334,4.810496,4.405621
2016-02-20 21:00:00,5.1233335,4.399719,4.483534
2016-02-20 22:00:00,5.5733333,4.015967,4.387126
2016-02-20 23:00:00,6.213333,3.808161,4.1591215
2016-02-21 00:00:00,6.923333,3.988338,4.4158163
2016-02-21 01:00:00,7.7733335,4.0209103,5.0006404
2016-02-21 02:00:00,8.33,4.328382,5.165509
2016-02-21 03:00:00,9.35,4.3863006,5.219085
2016-02-21 04:00:00,10.241667,5.0434656,6.0127892
2016-02-21 05:00:00,10.41,5.69104,6.632861
2016-02-21 06:00:00,10.9366665,6.7836823,7.193916
2016-02-21 07:00:00,11.0616665,7.692126,7.95894
2016-02-21 08:00:00,9.556666,7.912257,8.26061
2016-02-21 09:00:00,7.61,9.241029,9.737867
2016-02-21 10:00:00,7.4533334,10.322869,10.619819
2016-02-21 11:00:00,7.7733335,11.134346,11.026362
2016-02-21 12:00:00,8.238334,12.092908,11.993759
2016-02-21 13:00:00,10.58,12.174551,11.644647
2016-02-21 14:00:00,10.751667,10.547559,9.616502
2016-02-21 15:00:00,11.451667,8.572312,7.5821805
2016-02-21 16:00:00,11.793333,8.802092,8.235017
2016-02-21 17:00:00,12.26,9.717111,8.915286
2016-02-21 18:00:00,12.795,9.696642,8.605092
2016-02-21 19:00:00,12.733334,10.62546,10.232891
2016-02-21 20:00:00,12.43,10.162388,9.247856
2016-02-21 21:00:00,12.2,10.289739,9.736342
2016-02-21 22:00:00,11.971666,10.265388,9.722538
2016-02-21 23:00:00,11.63,10.396633,9.906446
2016-02-22 00:00:00,11.56,10.755947,10.429346
2016-02-22 01:00:00,11.165,10.666202,10.061309
2016-02-22 02:00:00,10.698334,10.415877,9.616966
2016-02-22 03:00:00,10.506667,10.253735,9.477288
2016-02-22 04:00:00,10.268333,10.038715,8.94342
2016-02-22 05:00:00,9.876667,9.89594,9.317106
2016-02-22 06:00:00,9.671667,9.954101,9.80727
2016-02-22 07:00:00,9.673333,9.7206955,9.178434
2016-02-22 08:00:00,9.743333,9.431737,8.4381895
2016-02-22 09:00:00,10.01,9.2309885,8.443665
2016-02-22 10:00:00,10.486667,9.301672,8.700991
2016-02-22 11:00:00,10.513333,9.223043,8.43033
2016-02-22 12:00:00,10.731667,9.608326,8.898188
2016-02-22 13:00:00,10.703333,10.213781,9.810788
2016-02-22 14:00:00,10.908334,11.286003,10.79729
2016-02-22 15:00:00,10.541667,11.74433,10.393499
2016-02-22 16:00:00,10.716666,11.092788,9.608194
2016-02-22 17:00:00,10.493333,10.47859,9.169796
2016-02-22 18:00:00,9.885,10.063418,8.922381
2016-02-22 19:00:00,9.515,9.489303,8.639093
2016-02-22 20:00:00,5.735,9.037674,8.090768
2016-02-22 21:00:00,4.6066666,8.611558,8.154986
2016-02-22 22:00:00,4.595,8.58021,8.275115
2016-02-22 23:00:00,3.29,8.335192,8.304404
2016-02-23 00:00:00,2.0516667,8.088876,8.357637
2016-02-23 01:00:00,1.1,7.5685835,7.4780674
2016-02-23 02:00:00,0.75333333,4.238637,3.6409914
2016-02-23 03:00:00,0.69,4.0841637,2.8649414
2016-02-23 04:00:00,0.695,3.9530747,3.8556497
2016-02-23 05:00:00,0.425,1.8508949,1.4971273
2016-02-23 06:00:00,0.085,0.19898078,-0.050976604
2016-02-23 07:00:00,0.0016666667,-0.74516475,-0.6796067
2016-02-23 08:00:00,0.14666666,-0.59454083,-0.38704887
2016-02-23 09:00:00,0.4,0.18199196,0.518247
2016-02-23 10:00:00,0.885,1.8061949,1.9719412
2016-02-23 11:00:00,1.445,3.2426407,2.773982
2016-02-23 12:00:00,1.8816667,4.632466,4.0196605
2016-02-23 13:00:00,2.6583333,6.889158,5.813746
2016-02-23 14:00:00,3.465,8.04395,6.7185645
2016-02-23 15:00:00,3.165,7.4470606,6.242202
2016-02-23 16:00:00,4.245,6.7635055,5.9434648
2016-02-23 17:00:00,4.193333,5.488279,4.860191
2016-02-23 18:00:00,3.3133333,3.3797452,3.117111
2016-02-23 19:00:00,2.335,2.7618437,2.5574882
2016-02-23 20:00:00,2.075,2.5343623,2.5626795
2016-02-23 21:00:00,2.235,1.3909347,1.6945028
2016-02-23 22:00:00,2.2033334,2.608727,3.2193542
2016-02-23 23:00:00,1.9683334,1.5827157,2.3867004
2016-02-24 00:00:00,2.0983334,0.74339175,0.9529363
2016-02-24 01:00:00,1.9766667,0.07699439,0.38554826
2016-02-24 02:00:00,2.2766666,0.3537713,0.8631122
2016-02-24 03:00:00,1.875,1.121064,1.4289378
2016-02-24 04:00:00,1.6266667,1.6724997,1.3240943
2016-02-24 05:00:00,1.7466667,1.2939161,0.796829
2016-02-24 06:00:00,1.6366667,1.378773,1.0360287
2016-02-24 07:00:00,1.4,1.051157,0.7292274
2016-02-24 08:00:00,1.1616666,1.739972,1.4394615
2016-02-24 09:00:00,1.3866667,1.4299353,1.0329334
2016-02-24 10:00:00,1.8383334,2.3072033,1.507313
2016-02-24 11:00:00,3.05,3.0865068,2.3606203
2016-02-24 12:00:00,3.2616668,3.8275356,2.8984542
2016-02-24 13:00:00,3.6016667,3.7368433,2.9066586
2016-02-24 14:00:00,2.785,4.036173,3.2552965
2016-02-24 15:00:00,2.4866667,4.534946,3.7463212
2016-02-24 16:00:00,2.9666667,4.623676,3.835374
2016-02-24 17:00:00,1.96,4.183313,3.6241965
2016-02-24 18:00:00,1.2966666,3.1278212,2.8007724
2016-02-24 19:00:00,0.48666668,2.68237,2.3831067
2016-02-24 20:00:00,0.485,1.5806367,1.2559011
2016-02-24 21:00:00,0.40833333,1.9752371,1.7611843
2016-02-24 22:00:00,-0.046666667,1.9204104,1.8171612
2016-02-24 23:00:00,-0.30333334,0.9636103,0.7922207
2016-02-25 00:00:00,-0.8616667,0.7373849,0.5940956
2016-02-25 01:00:00,-1.8483334,-0.14168355,0.114225894
2016-02-25 02:00:00,-2.515,0.019775242,0.65862966
2016-02-25 03:00:00,-2.6933334,-0.074270576,0.5204079
2016-02-25 04:00:00,-2.7466667,-0.47058263,-0.112893015
2016-02-25 05:00:00,-3.0733333,-0.6968757,-0.23957261
2016-02-25 06:00:00,-3.4233334,-1.6791501,-1.1755868
2016-02-25 07:00:00,-3.3183334,-2.4410677,-2.235963
2016-02-25 08:00:00,-3.1683333,-2.661862,-2.5476162
2016-02-25 09:00:00,-3.335,-2.2454164,-1.8889575
2016-02-25 10:00:00,-2.15,-1.2731599,-1.1314083
2016-02-25 11:00:00,-0.57166666,0.09557322,-0.51285017
2016-02-25 12:00:00,0.42,1.5738189,0.5387974
2016-02-25 13:00:00,1.1716666,2.8199308,1.9551871
2016-02-25 14:00:00,2.1216667,3.1611776,2.0387638
2016-02-25 15:00:00,2.0883334,3.0784998,1.8814049
2016-02-25 16:00:00,2.3033333,4.0711837,2.9439278
2016-02-25 17:00:00,2.1716666,2.9531069,2.3573453
2016-02-25 18:00:00,1.1883334,1.419295,1.2988106
2016-02-25 19:00:00,0.115,1.1017166,0.97732234
2016-02-25 20:00:00,-0.29333332,-0.18963334,-0.33299074
2016-02-25 21:00:00,-0.26833335,-1.1202577,-0.7606027
2016-02-25 22:00:00,-0.435,-0.97942007,-0.3844777
2016-02-25 23:00:00,-1.09,-0.897771,-0.38571122
2016-02-26 00:00:00,-1.44,-0.49148926,-0.42828783
2016-02-26 01:00:00,-1.7166667,-1.0258183,-0.8019097
2016-02-26 02:00:00,-1.585,-1.0451372,-0.54206896
2016-02-26 03:00:00,-1.2116667,-0.8749298,-0.34253213
2016-02-26 04:00:00,-1.1116667,-0.83949065,-0.49306384
2016-02-26 05:00:00,-1.175,-1.0502427,-1.0889745
2016-02-26 06:00:00,-1.2683333,-0.99697423,-1.0373213
2016-02-26 07:00:00,-1.5416666,-1.2778863,-1.4272385
2016-02-26 08:00:00,-1.4583334,-1.4103334,-1.3928801
2016-02-26 09:00:00,-1.07,-0.33943895,-0.6147319
2016-02-26 10:00:00,0.35666665,0.57676685,0.22727802
2016-02-26 11:00:00,1.5983334,1.4833533,1.0227203
2016-02-26 12:00:00,2.2716668,2.2900064,2.1174176
2016-02-26 13:00:00,2.5833333,3.0172994,2.5500286
2016-02-26 14:00:00,2.7983334,3.275939,2.8376975
2016-02-26 15:00:00,2.7,3.7920165,3.0376012
2016-02-26 16:00:00,2.7016666,4.1280837,3.8353999
2016-02-26 17:00:00,2.75,3.343295,3.5492966
2016-02-26 18:00:00,2.2983334,1.3600769,2.058246
2016-02-26 19:00:00,1.5033333,0.27283207,0.7003552
2016-02-26 20:00:00,0.69,-0.58556676,-0.11845586
2016-02-26 21:00:00,-0.455,-1.7606382,-0.834471
2016-02-26 22:00:00,-1.0383333,-2.1605663,-1.2420926
2016-02-26 23:00:00,-1.4883333,-1.8969126,-1.35817
2016-02-27 00:00:00,-1.9833333,-1.1201261,-1.012516
2016-02-27 01:00:00,-2.3983333,-1.3883193,-1.2502595
2016-02-27 02:00:00,-2.72,-2.0876184,-1.5241618
2016-02-27 03:00:00,-2.9916666,-2.474236,-2.4877007
2016-02-27 04:00:00,-3.2366667,-2.74571,-2.1407447
2016-02-27 05:00:00,-3.5683334,-2.788856,-2.1093395
2016-02-27 06:00:00,-3.6766667,-3.1369848,-2.4507103
2016-02-27 07:00:00,-3.2583334,-3.5617821,-2.7849
2016-02-27 08:00:00,-2.905,-3.6035547,-2.5510612
2016-02-27 09:00:00,-1.8083333,-3.1493084,-2.2808836
2016-02-27 10:00:00,-0.75333333,-2.0651996,-1.7644866
2016-02-27 11:00:00,0.6433333,-1.6996332,-0.85646546
2016-02-27 12:00:00,2.1383333,-0.04172817,0.917408
2016-02-27 13:00:00,3.1633334,-0.3086739,0.9152975
2016-02-27 14:00:00,3.7116666,-0.20038834,0.86913836
2016-02-27 15:00:00,4.5466666,0.5242257,1.4920076
2016-02-27 16:00:00,4.955,0.9965451,1.8610339
2016-02-27 17:00:00,4.425,1.2959633,1.9648687
2016-02-27 18:00:00,3.8633332,1.5177759,2.2915819
2016-02-27 19:00:00,2.915,1.1649393,1.9491122
2016-02-27 20:00:00,1.8233334,0.7338997,1.2795666
2016-02-27 21:00:00,1.085,1.0687544,1.109427
2016-02-27 22:00:00,0.39833334,1.4188148,0.8923911
2016-02-27 23:00:00,-0.26166666,1.0742165,0.4336489
2016-02-28 00:00:00,-0.90166664,0.48402676,0.26599792
2016-02-28 01:00:00,-0.92333335,-0.22641638,0.10743448
2016-02-28 02:00:00,-1.3633333,-0.8973073,-0.46534804
2016-02-28 03:00:00,-2.635,-1.1561131,-0.47175023
2016-02-28 04:00:00,-3.32,-1.6072233,-1.0036416
2016-02-28 05:00:00,-2.9583333,-1.9349961,-1.5295622
2016-02-28 06:00:00,-3.9316666,-2.756754,-2.0966568
2016-02-28 07:00:00,-4.5866666,-2.8410003,-1.6484113
2016-02-28 08:00:00,-4.5133333,-2.9450436,-2.1925726
2016-02-28 09:00:00,-3.3283334,-3.2190905,-3.3413184
2016-02-28 10:00:00,-2.0683334,-2.842757,-2.35067
2016-02-28 11:00:00,-0.77166665,-0.29476497,0.060926765
2016-02-28 12:00:00,0.45333335,0.023678541,-0.47911426
2016-02-28 13:00:00,1.425,1.783467,1.7548476
2016-02-28 14:00:00,2.2966666,0.38480386,0.92281246
2016-02-28 15:00:00,2.7433333,1.318469,2.289745
2016-02-28 16:00:00,2.9933333,1.5028714,2.1810362
2016-02-28 17:00:00,3.1566668,1.183253,1.4074817
2016-02-28 18:00:00,2.945,1.1560667,1.3771139
2016-02-28 19:00:00,2.5933332,1.0363684,1.353017
2016-02-28 20:00:00,2.275,1.5359948,1.0989082
2016-02-28 21:00:00,2.0216668,1.5705824,0.8915273
2016-02-28 22:00:00,1.735,1.5815573,1.0194597
2016-02-28 23:00:00,1.485,1.5784723,1.4429325
2016-02-29 00:00:00,1.38,1.0157284,1.1307222
2016-02-29 01:00:00,1.0233333,0.69351614,0.8217095
2016-02-29 02:00:00,0.8283333,0.48913714,0.6482481
2016-02-29 03:00:00,0.63666666,0.32620338,0.4019957
2016-02-29 04:00:00,0.42833334,0.2725723,-0.012533039
2016-02-29 05:00:00,0.32333332,-0.258422,-0.23596033
2016-02-29 06:00:00,0.32833335,0.04515168,-0.14134547
2016-02-29 07:00:00,0.42833334,-0.242196,-0.3117076
2016-02-29 08:00:00,0.43,0.012874037,-0.17027166
2016-02-29 09:00:00,0.425,0.17405793,-0.08549389
2016-02-29 10:00:00,-0.14666666,0.41872558,-0.2621658
2016-02-29 11:00:00,-0.97,0.66234183,0.0011553466
2016-02-29 12:00:00,-1.4233333,1.1239281,0.26831415
2016-02-29 13:00:00,-1.62,1.6310886,0.8782308
2016-02-29 14:00:00,-1.4533334,1.9833683,0.9841385
2016-02-29 15:00:00,-1.135,2.237777,1.5737917
2016-02-29 16:00:00,-0.92833334,1.5036987,0.41993836
2016-02-29 17:00:00,-0.69,0.58161163,-0.26966646
2016-02-29 18:00:00,-0.55,0.16516325,-0.702518
2016-02-29 19:00:00,-0.63666666,-0.20685127,-1.1479137
2016-02-29 20:00:00,-0.595,-0.2946671,-0.8052199
2016-02-29 21:00:00,-0.745,-0.24767366,-0.67253816
2016-02-29 22:00:00,-0.73,-0.27692005,-0.6075872
2016-02-29 23:00:00,-0.7583333,-0.30618802,-0.16380545
2016-03-01 00:00:00,-0.875,-0.27311894,-0.0049321353
2016-03-01 01:00:00,-0.9583333,-0.86332655,-0.4888291
2016-03-01 02:00:00,-1.195,-1.0290984,-0.39460537
2016-03-01 03:00:00,-1.475,-1.2738523,-0.6429646
2016-03-01 04:00:00,-1.5716667,-1.1310914,-0.6391995
2016-03-01 05:00:00,-1.645,-1.1270875,-0.83239424
2016-03-01 06:00:00,-1.7966666,-1.2205443,-1.0558835
2016-03-01 07:00:00,-2.025,-1.257591,-0.88773024
2016-03-01 08:00:00,-2.0133333,-1.2091436,-1.1354113
2016-03-01 09:00:00,-1.4816667,-0.66748035,-0.51631474
2016-03-01 10:00:00,-1.0166667,0.53001857,-0.09754512
2016-03-01 11:00:00,-0.36833334,0.48036888,0.19427076
2016-03-01 12:00:00,-0.048333332,0.45988682,0.70711756
2016-03-01 13:00:00,0.455,1.4902822,1.5857381
2016-03-01 14:00:00,1.2916666,2.0534077,1.9656992
2016-03-01 15:00:00,2.2,2.391585,2.1366434
2016-03-01 16:00:00,3.3783333,2.107434,2.127777
2016-03-01 17:00:00,3.2,1.672935,1.6589605
2016-03-01 18:00:00,2.06,0.8965049,0.85533774
2016-03-01 19:00:00,1.285,0.7705015,0.79307973
2016-03-01 20:00:00,0.48333332,1.2404765,0.6210245
2016-03-01 21:00:00,0.31833333,1.6698484,0.83385444
2016-03-01 22:00:00,1.2366667,2.390933,1.7645094
2016-03-01 23:00:00,1.3066666,1.7229488,1.3482757
2016-03-02 00:00:00,1.6316667,0.8504311,0.31340632
2016-03-02 01:00:00,1.8516667,0.11526826,0.054210037
2016-03-02 02:00:00,2.405,-0.39923468,0.047330946
2016-03-02 03:00:00,2.5816667,-0.03853461,0.60304976
2016-03-02 04:00:00,2.575,1.3838365,1.9910733
2016-03-02 05:00:00,2.8483334,2.083644,2.033848
2016-03-02 06:00:00,3.0933332,3.035646,2.2959974
2016-03-02 07:00:00,2.6883333,3.1803718,2.1919026
2016-03-02 08:00:00,3.3,3.5410075,2.6875405
2016-03-02 09:00:00,3.69,4.101146,3.2498274
2016-03-02 10:00:00,4.65,4.5325937,3.794996
2016-03-02 11:00:00,5.0533333,5.562948,4.347305
2016-03-02 12:00:00,5.4466667,5.6875286,5.4935875
2016-03-02 13:00:00,5.5616665,6.4991693,5.4424014
2016-03-02 14:00:00,5.865,7.2734275,6.747821
2016-03-02 15:00:00,6.4283333,7.404072,6.6693163
2016-03-02 16:00:00,6.28,7.698811,7.0577507
2016-03-02 17:00:00,5.4,7.4766073,6.586918
2016-03-02 18:00:00,5.1066666,7.0139437,6.0678463
2016-03-02 19:00:00,4.35,6.0801706,5.0821486
2016-03-02 20:00:00,3.685,5.7760735,4.6702204
2016-03-02 21:00:00,3.1616666,5.3972487,4.786018
2016-03-02 22:00:00,2.605,4.739311,3.6343546
2016-03-02 23:00:00,2.0433333,3.6064126,2.8851202
2016-03-03 00:00:00,1.7316667,3.2168462,2.477483
2016-03-03 01:00:00,1.56,1.8864439,1.3759651
2016-03-03 02:00:00,1.2583333,2.032496,1.546934
2016-03-03 03:00:00,1.3433334,1.4262402,1.3254316
2016-03-03 04:00:00,2.1683333,0.8616121,0.8620542
2016-03-03 05:00:00,2.92,1.1830982,0.9823152
2016-03-03 06:00:00,2.66,1.6127782,1.1063007
2016-03-03 07:00:00,2.565,1.7969391,1.0877385
2016-03-03 08:00:00,2.5833333,1.7780081,0.96802664
2016-03-03 09:00:00,2.6483333,2.7942553,1.9852514
2016-03-03 10:00:00,3.0983334,4.239682,3.3905516
2016-03-03 11:00:00,3.745,5.836259,4.6590195
2016-03-03 12:00:00,4.3083334,6.822408,5.0960736
2016-03-03 13:00:00,4.4366665,6.850166,5.8817077
2016-03-03 14:00:00,4.7766666,7.398835,6.669466
2016-03-03 15:00:00,4.755,6.630094,6.0731673
2016-03-03 16:00:00,4.9866667,6.242598,6.0274606
2016-03-03 17:00:00,4.9933333,5.9622116,5.590955
2016-03-03 18:00:00,4.2316666,5.063386,4.8807287
2016-03-03 19:00:00,3.08,3.2004898,3.2483554
2016-03-03 20:00:00,1.9883333,1.9723887,2.0739481
2016-03-03 21:00:00,1.0766667,1.1923933,1.2355683
2016-03-03 22:00:00,-0.15666667,0.70616627,0.94976914
2016-03-03 23:00:00,-0.55,0.54864407,0.6776929
2016-03-04 00:00:00,-1.3583333,0.06677762,-0.026692003
2016-03-04 01:00:00,-1.2783333,-0.71792316,-0.77128327
2016-03-04 02:00:00,-2.3166666,-1.4118309,-1.1889632
2016-03-04 03:00:00,-1.9033333,-1.509325,-1.052675
2016-03-04 04:00:00,-1.7316667,-2.134848,-2.0885284
2016-03-04 05:00:00,-1.6566666,-1.9856942,-2.0067093
2016-03-04 06:00:00,-1.7783333,-2.4817133,-2.6986444
2016-03-04 07:00:00,-1.6566666,-1.5764185,-1.7605782
2016-03-04 08:00:00,-1.72,-1.9420793,-2.5673273
2016-03-04 09:00:00,0.625,-0.012806684,-0.3559051
2016-03-04 10:00:00,2.3566666,0.2557393,0.33290866
2016-03-04 11:00:00,4.395,1.6545985,1.7722905
2016-03-04 12:00:00,5.245,3.2553885,3.6337345
2016-03-04 13:00:00,5.8533335,4.7214603,4.9609146
2016-03-04 14:00:00,6.3683333,5.2469335,5.3173733
2016-03-04 15:00:00,6.8016667,6.747574,7.4875045
2016-03-04 16:00:00,6.595,6.538571,6.2875714
2016-03-04 17:00:00,6.09,6.271697,6.707841
2016-03-04 18:00:00,5.5516667,5.3830814,5.037169
2016-03-04 19:00:00,5.195,5.2434063,5.146005
2016-03-04 20:00:00,5.065,4.635586,4.6092267
2016-03-04 21:00:00,4.8366666,3.9904604,3.7142465
2016-03-04 22:00:00,4.7283335,3.6890495,3.0956557
2016-03-04 23:00:00,4.49,3.4142892,2.7169507
2016-03-05 00:00:00,3.9083333,3.018908,2.6079664
2016-03-05 01:00:00,3.6966667,2.5248747,2.669285
2016-03-05 02:00:00,3.5266666,2.9642038,3.3820217
2016-03-05 03:00:00,3.5683334,3.0434573,3.644261
2016-03-05 04:00:00,3.6333334,3.1010513,3.4350696
2016-03-05 05:00:00,3.8266666,2.8402197,3.3294036
2016-03-05 06:00:00,3.6466668,2.7603898,2.8857572
2016-03-05 07:00:00,3.695,3.2241464,2.9535592
2016-03-05 08:00:00,3.7483332,3.7151604,3.218522
2016-03-05 09:00:00,4.025,4.7522182,3.8292763
2016-03-05 10:00:00,4.633333,6.1173053,4.8012977
2016-03-05 11:00:00,5.971667,6.987282,5.56118
2016-03-05 12:00:00,7.3416667,7.556231,5.8893137
2016-03-05 13:00:00,8.411667,8.08757,6.49234
2016-03-05 14:00:00,8.84,8.007923,6.380481
2016-03-05 15:00:00,9.278334,7.4063516,6.292742
2016-03-05 16:00:00,8.618333,7.333219,6.5736127
2016-03-05 17:00:00,7.3333335,7.837129,6.607073
2016-03-05 18:00:00,6.165,7.8794327,6.698172
2016-03-05 19:00:00,5.725,7.6613064,6.1608953
2016-03-05 20:00:00,5.5933332,6.537742,5.0700073
2016-03-05 21:00:00,5.3616667,5.352004,4.5291348
2016-03-05 22:00:00,4.963333,3.7981787,3.281182
2016-03-05 23:00:00,4.815,3.431569,2.7652571
2016-03-06 00:00:00,4.63,3.3598416,2.7558658
2016-03-06 01:00:00,4.405,3.3836782,2.9616027
2016-03-06 02:00:00,4.2566667,3.4312162,2.990911
2016-03-06 03:00:00,3.87,3.0944633,3.053377
2016-03-06 04:00:00,3.2283332,2.9046044,2.831714
2016-03-06 05:00:00,2.825,2.318863,2.554522
2016-03-06 06:00:00,2.51,2.4878066,2.6391053
2016-03-06 07:00:00,2.3,2.2694483,2.5174053
2016-03-06 08:00:00,1.9483334,2.5630813,2.6920118
2016-03-06 09:00:00,2.1733334,3.0028791,2.8633003
2016-03-06 10:00:00,4.3766665,3.5099516,2.808349
2016-03-06 11:00:00,5.2883334,4.6150775,3.7067792
2016-03-06 12:00:00,5.3533335,5.190845,4.462204
2016-03-06 13:00:00,5.3233333,5.297499,4.73739
2016-03-06 14:00:00,5.1766667,5.31183,5.013498
2016-03-06 15:00:00,4.8116665,5.5236874,5.3447175
2016-03-06 16:00:00,4.6383333,6.2155385,6.211073
2016-03-06 17:00:00,5.056667,6.188258,5.741002
2016-03-06 18:00:00,4.673333,5.044026,4.4716845
2016-03-06 19:00:00,3.095,3.059633,3.1794026
2016-03-06 20:00:00,2.665,2.3898368,2.4469783
2016-03-06 21:00:00,2.2866666,1.4655061,1.293752
2016-03-06 22:00:00,1.545,1.4990551,1.6395965
2016-03-06 23:00:00,1.4366666,2.066365,2.0439615
2016-03-07 00:00:00,1.46,1.9452777,1.8468436
2016-03-07 01:00:00,1.5516666,1.1530764,1.073859
2016-03-07 02:00:00,1.53,1.329783,1.4821284
2016-03-07 03:00:00,1.4066666,1.887593,2.2240763
2016-03-07 04:00:00,1.465,0.9590416,0.7905505
2016-03-07 05:00:00,1.265,0.75823045,0.68560064
2016-03-07 06:00:00,0.82,0.7131735,0.75592613
2016-03-07 07:00:00,0.5966667,1.4213878,1.1083816
2016-03-07 08:00:00,0.80833334,1.8983141,0.9672049
2016-03-07 09:00:00,1.2716666,2.0335164,1.2306468
2016-03-07 10:00:00,2.5183334,2.7216685,2.1316411
2016-03-07 11:00:00,3.2816668,3.897868,2.769212
2016-03-07 12:00:00,3.3283334,4.914695,3.5447938
2016-03-07 13:00:00,2.75,5.1665483,3.8841827
2016-03-07 14:00:00,3.315,6.150978,4.983378
2016-03-07 15:00:00,4.425,5.9834385,4.6912704
2016-03-07 16:00:00,3.025,6.424571,5.196556
2016-03-07 17:00:00,3.2466667,5.5262437,4.3973427
2016-03-07 18:00:00,2.8633332,3.0549862,2.5559607
2016-03-07 19:00:00,2.1683333,2.0073833,1.4633243
2016-03-07 20:00:00,1.42,2.7818887,2.36151
2016-03-07 21:00:00,0.87166667,2.5000634,2.102375
2016-03-07 22:00:00,0.305,0.46941325,-0.124359995
2016-03-07 23:00:00,-0.26166666,0.6146122,1.2182937
2016-03-08 00:00:00,-0.53,0.3192655,0.86587644
2016-03-08 01:00:00,-0.9483333,0.3978034,0.5728675
2016-03-08 02:00:00,-1.0866667,-0.14387003,-0.31575063
2016-03-08 03:00:00,-1.585,-0.4143367,0.12513354
2016-03-08 04:00:00,-1.3933333,-0.45096484,-0.5876502
2016-03-08 05:00:00,-1.2816666,-1.1211993,-1.1464643
2016-03-08 06:00:00,-1.295,-1.3924869,-1.4589279
2016-03-08 07:00:00,-1.6866666,-1.7770798,-1.9442255
2016-03-08 08:00:00,-1.7116667,-1.2094209,-1.6387895
2016-03-08 09:00:00,-1.265,-1.0321285,-1.7447059
2016-03-08 10:00:00,-0.6016667,0.8343642,-0.04811445
2016-03-08 11:00:00,1.5583333,2.2482388,0.8229898
2016-03-08 12:00:00,3.4883332,3.7781641,2.4044263
2016-03-08 13:00:00,4.193333,4.2152987,3.2579203
2016-03-08 14:00:00,4.9483333,4.3424053,3.7812228
2016-03-08 15:00:00,4.9733334,4.835055,4.1349854
2016-03-08 16:00:00,5.108333,5.013135,3.9921715
2016-03-08 17:00:00,5.1883335,5.9358573,4.805495
2016-03-08 18:00:00,4.7966666,4.90526,4.676064
2016-03-08 19:00:00,4.1266665,1.9273362,2.293036
2016-03-08 20:00:00,2.9133334,1.9441401,1.9449538
2016-03-08 21:00:00,1.2733333,0.8251674,1.83587
2016-03-08 22:00:00,0.59,0.5555184,1.5596507
2016-03-08 23:00:00,-0.7866667,-0.010737687,0.41869858
2016-03-09 00:00:00,-1.2766666,-0.40649447,0.10479286
2016-03-09 01:00:00,-1.9933333,-0.91384506,-0.064994186
2016-03-09 02:00:00,-2.56,-1.2413945,-0.57472014
2016-03-09 03:00:00,-2.8166666,-1.6727207,-1.7975707
2016-03-09 04:00:00,-2.62,-1.2847571,-1.5172019
2016-03-09 05:00:00,-2.7016666,-2.0417206,-2.746137
2016-03-09 06:00:00,-3.285,-2.3335145,-2.6657717
2016-03-09 07:00:00,-3.27,-2.5790067,-2.7522943
2016-03-09 08:00:00,-2.2733333,-2.2315674,-2.404186
2016-03-09 09:00:00,-0.45833334,-0.94709754,-1.2512631
2016-03-09 10:00:00,1.2983333,0.9852487,0.6815485
2016-03-09 11:00:00,2.9416666,2.4853768,1.887064
2016-03-09 12:00:00,4.8966665,3.2220266,3.1651678
2016-03-09 13:00:00,6.5916667,4.760553,5.2706394
2016-03-09 14:00:00,6.9416666,6.393325,6.658774
2016-03-09 15:00:00,7.5866666,6.6326094,6.6940055
2016-03-09 16:00:00,7.548333,6.4728174,6.7170396
2016-03-09 17:00:00,7.16,5.7493215,6.36659
2016-03-09 18:00:00,5.99,5.2044883,6.3253336
2016-03-09 19:00:00,4.4816666,4.4268336,5.388661
2016-03-09 20:00:00,2.8883333,3.1424546,4.4154596
2016-03-09 21:00:00,1.605,2.5247068,4.164585
2016-03-09 22:00:00,0.7733333,1.9113472,2.7608511
2016-03-09 23:00:00,0.61833334,2.176691,2.3335009
2016-03-10 00:00:00,0.55833334,1.5671854,1.2143418
2016-03-10 01:00:00,0.32666665,1.3653995,1.0510944
2016-03-10 02:00:00,-0.8883333,1.2435948,1.172686
2016-03-10 03:00:00,-1.0566666,0.100250095,0.014220089
2016-03-10 04:00:00,-1.61,-1.2165102,-1.2194461
2016-03-10 05:00:00,-2.1616666,-1.4451121,-0.8056605
2016-03-10 06:00:00,-2.7033334,-1.381896,-0.9191363
2016-03-10 07:00:00,-2.7683334,-1.074499,-0.97672415
2016-03-10 08:00:00,-2.0083334,-1.6578556,-2.0688136
2016-03-10 09:00:00,-1.2883333,-0.85452914,-0.9269457
2016-03-10 10:00:00,-0.32833335,-0.012215674,-0.06436822
2016-03-10 11:00:00,0.59166664,1.1010071,1.5179962
2016-03-10 12:00:00,1.7966666,2.3642597,3.781679
2016-03-10 13:00:00,2.0666666,4.3196435,6.2217627
2016-03-10 14:00:00,2.55,5.2347946,7.469598
2016-03-10 15:00:00,2.86,5.315075,7.6866555
2016-03-10 16:00:00,3.1466668,4.987401,6.905608
2016-03-10 17:00:00,3.35,4.8100934,6.350604
2016-03-10 18:00:00,3.3833334,3.7113678,4.5355587
2016-03-10 19:00:00,3.285,2.5582197,2.8665853
2016-03-10 20:00:00,3.2183332,2.1189835,2.4166858
2016-03-10 21:00:00,3.22,1.7686653,2.455932
2016-03-10 22:00:00,3.19,2.134216,2.565129
2016-03-10 23:00:00,3.2533333,2.0079367,2.747498
2016-03-11 00:00:00,3.3433332,2.1809087,2.318605
2016-03-11 01:00:00,3.425,2.3280287,1.9592292
2016-03-11 02:00:00,3.4983332,2.5459566,2.2176127
2016-03-11 03:00:00,3.4416666,2.7075238,2.1008158
2016-03-11 04:00:00,3.43,2.652476,1.9897797
2016-03-11 05:00:00,3.3416667,2.6139407,2.0832238
2016-03-11 06:00:00,3.1733334,2.7638855,2.3133945
2016-03-11 07:00:00,3.0383334,2.870883,2.6113744
2016-03-11 08:00:00,2.9283333,2.8078842,2.4324286
2016-03-11 09:00:00,2.95,3.0254173,2.5572586
2016-03-11 10:00:00,3.175,3.6098924,3.1870875
2016-03-11 11:00:00,3.1333334,3.8380451,3.417282
2016-03-11 12:00:00,2.8316667,3.8809884,3.3378394
2016-03-11 13:00:00,3.0466666,3.8957171,3.3672884
2016-03-11 14:00:00,3.4233334,4.1698008,3.588103
2016-03-11 15:00:00,3.18,4.6070538,3.9201748
2016-03-11 16:00:00,2.9033334,4.873988,4.172991
2016-03-11 17:00:00,2.5183334,4.542816,3.8412995
2016-03-11 18:00:00,2.4183333,3.6025333,2.9139285
2016-03-11 19:00:00,2.6583333,3.4292188,3.3118794
2016-03-11 20:00:00,2.765,3.2677069,3.0111978
2016-03-11 21:00:00,2.81,2.5391662,2.2351284
2016-03-11 22:00:00,2.5983334,2.1885564,1.9696503
2016-03-11 23:00:00,2.155,2.0418327,1.855086
2016-03-12 00:00:00,1.84,2.0718238,1.8942578
2016-03-12 01:00:00,1.9,2.2760422,2.2381475
2016-03-12 02:00:00,1.8883333,2.2135608,2.0411532
2016-03-12 03:00:00,1.76,1.8755324,1.5928628
2016-03-12 04:00:00,1.6533333,1.4655046,1.1430576
2016-03-12 05:00:00,1.6466666,1.305883,1.0737464
2016-03-12 06:00:00,1.6083333,1.2220744,0.9829612
2016-03-12 07:00:00,1.5333333,1.3831884,1.1883013
2016-03-12 08:00:00,1.4583334,1.436865,1.1884772
2016-03-12 09:00:00,1.5966667,1.4801165,1.3756204
2016-03-12 10:00:00,1.5933334,1.6704804,1.952047
2016-03-12 11:00:00,1.5716667,2.253114,2.9024088
2016-03-12 12:00:00,1.5616666,2.9555874,3.7050366
2016-03-12 13:00:00,1.4816667,3.9364672,4.43854
2016-03-12 14:00:00,1.4366666,4.8363204,4.8212266
2016-03-12 15:00:00,1.325,5.5193276,5.0656486
2016-03-12 16:00:00,1.1666666,5.03788,4.0935006
2016-03-12 17:00:00,1.1583333,4.556026,3.555879
2016-03-12 18:00:00,1.04,4.059787,2.7455683
2016-03-12 19:00:00,1.0,3.589315,2.1387565
2016-03-12 20:00:00,1.0033333,3.1039739,1.4141266
2016-03-12 21:00:00,0.93333334,2.6415036,1.0079881
2016-03-12 22:00:00,0.87,2.3575583,0.81246734
2016-03-12 23:00:00,0.9166667,2.0153043,0.8425603
2016-03-13 00:00:00,1.0066667,1.2591839,0.37158433
2016-03-13 01:00:00,1.07,0.78482854,0.32158557
2016-03-13 02:00:00,1.1083333,0.4138454,0.19593564
2016-03-13 03:00:00,1.0933334,0.24452218,0.08748749
2016-03-13 04:00:00,1.3733333,0.20815417,0.07390919
2016-03-13 05:00:00,1.4283333,0.26570877,-0.0022747815
2016-03-13 06:00:00,1.3516667,0.27809033,0.052997023
2016-03-13 07:00:00,1.2733333,0.35303888,0.4574624
2016-03-13 08:00:00,1.1466666,0.76816344,0.60994613
2016-03-13 09:00:00,1.0066667,1.4313701,1.0604789
2016-03-13 10:00:00,0.9,1.9455386,1.9166888
2016-03-13 11:00:00,0.8433333,2.2104769,2.4612343
2016-03-13 12:00:00,0.925,2.4276276,2.831979
2016-03-13 13:00:00,0.8883333,3.2393837,3.6049123
2016-03-13 14:00:00,0.7083333,3.9946709,3.8222125
2016-03-13 15:00:00,0.66333336,4.2336416,3.5511618
2016-03-13 16:00:00,0.79,4.108894,3.1087003
2016-03-13 17:00:00,0.97333336,3.9845202,2.775112
2016-03-13 18:00:00,1.015,3.665795,2.1238146
2016-03-13 19:00:00,0.965,3.032329,1.4295844
2016-03-13 20:00:00,0.62833333,2.297978,0.5838227
2016-03-13 21:00:00,0.26166666,1.7011119,0.05451271
2016-03-13 22:00:00,-0.21833333,1.3879992,-0.12585261
2016-03-13 23:00:00,-0.44666666,0.98311317,-0.11558321
2016-03-14 00:00:00,-0.7783333,0.4706274,-0.16281489
2016-03-14 01:00:00,-0.7966667,-0.19281939,-0.5141187
2016-03-14 02:00:00,-0.69166666,-0.70381296,-0.88744974
2016-03-14 03:00:00,-0.63,-1.4421976,-1.3019577
2016-03-14 04:00:00,-0.59833336,-1.5798676,-1.7341583
2016-03-14 05:00:00,-0.5566667,-1.3559868,-1.461936
2016-03-14 06:00:00,-0.43833333,-1.4674433,-1.7100637
2016-03-14 07:00:00,-0.8283333,-1.3666636,-1.582442
2016-03-14 08:00:00,-0.7683333,-1.354354,-1.3704867
2016-03-14 09:00:00,-0.415,-1.3413168,-0.8149669
2016-03-14 10:00:00,0.46166667,-0.9415091,0.36464834
2016-03-14 11:00:00,0.77666664,-0.25608566,1.972444
2016-03-14 12:00:00,1.68,1.6624037,3.7850192
2016-03-14 13:00:00,2.9733334,3.0614147,4.353422
2016-03-14 14:00:00,4.02,3.718538,3.8082812
2016-03-14 15:00:00,4.7633333,5.275965,4.6101403
2016-03-14 16:00:00,5.2483335,6.1087046,4.885982
2016-03-14 17:00:00,5.4816666,5.060013,3.9119165
2016-03-14 18:00:00,5.05,4.682828,3.8821828
2016-03-14 19:00:00,4.3416667,5.0865912,4.091564
2016-03-14 20:00:00,3.7616668,4.6135406,3.6309464
2016-03-14 21:00:00,2.8233333,3.5012426,3.0020885
2016-03-14 22:00:00,1.9616667,2.6811259,2.7962003
2016-03-14 23:00:00,1.1783333,2.1620898,2.5933774
2016-03-15 00:00:00,0.685,1.4162188,1.609613
2016-03-15 01:00:00,0.27,0.21183309,1.0780022
2016-03-15 02:00:00,-0.038333334,-0.8417232,0.73855877
2016-03-15 03:00:00,0.22666667,-1.9569716,-0.095451266
2016-03-15 04:00:00,0.29,-2.1175852,-0.65688753
2016-03-15 05:00:00,0.46166667,-2.2250752,-1.3693597
2016-03-15 06:00:00,1.165,-1.9652133,-1.4579731
2016-03-15 07:00:00,1.9666667,-1.599421,-1.3076186
2016-03-15 08:00:00,1.6816666,-0.55362463,-0.43937036
2016-03-15 09:00:00,1.6416667,1.0045308,1.6971706
2016-03-15 10:00:00,1.6333333,2.9834774,3.097591
2016-03-15 11:00:00,1.9883333,5.087935,5.0084624
2016-03-15 12:00:00,2.9766667,6.9538746,6.7815576
2016-03-15 13:00:00,3.5533333,8.956189,7.4982457
2016-03-15 14:00:00,3.8016667,9.450096,7.56865
2016-03-15 15:00:00,3.565,6.6754813,5.6815386
2016-03-15 16:00:00,3.225,5.2622313,4.6989512
2016-03-15 17:00:00,2.9616666,5.419483,4.524641
2016-03-15 18:00:00,2.705,5.3893604,4.740746
2016-03-15 19:00:00,2.255,4.08314,3.8425403
2016-03-15 20:00:00,2.3366666,3.49292,3.5815752
2016-03-15 21:00:00,2.2416666,2.9713888,3.2483225
2016-03-15 22:00:00,2.03,2.8127224,2.940282
2016-03-15 23:00:00,2.125,2.7894876,2.7854378
2016-03-16 00:00:00,2.1866667,2.2795367,1.9480164
2016-03-16 01:00:00,2.11,1.847955,1.3290582
2016-03-16 02:00:00,1.8983333,1.885582,1.4157276
2016-03-16 03:00:00,1.6633333,1.8248572,1.3317372
2016-03-16 04:00:00,1.575,1.6327789,1.0691043
2016-03-16 05:00:00,1.6583333,1.4472717,1.033295
2016-03-16 06:00:00,1.6116667,1.7763797,1.0348235
2016-03-16 07:00:00,1.525,1.3755441,0.78573537
2016-03-16 08:00:00,1.4866667,1.1958122,0.7092961
2016-03-16 09:00:00,1.98,1.1662604,1.0337741
2016-03-16 10:00:00,2.295,1.3328764,1.7344863
2016-03-16 11:00:00,2.7866666,2.081234,2.477482
2016-03-16 12:00:00,3.8883333,2.5313835,3.1207623
2016-03-16 13:00:00,4.7966666,3.1448278,3.84353
2016-03-16 14:00:00,5.4416666,4.1197743,4.437113
2016-03-16 15:00:00,6.4366665,5.1807084,4.758632
2016-03-16 16:00:00,6.855,5.510311,4.613913
2016-03-16 17:00:00,6.4616666,5.8566756,4.806802
2016-03-16 18:00:00,6.2483335,6.549625,5.2297688
2016-03-16 19:00:00,5.991667,6.7522106,5.1126924
2016-03-16 20:00:00,5.8033333,6.34425,4.850159
2016-03-16 21:00:00,5.6666665,6.4201255,4.892642
2016-03-16 22:00:00,5.23,5.592656,4.6579933
2016-03-16 23:00:00,4.1883335,4.817356,3.925602
2016-03-17 00:00:00,3.3416667,4.620144,3.8365653
2016-03-17 01:00:00,2.4416666,4.0264244,3.5636675
2016-03-17 02:00:00,1.7566667,3.8131447,3.4783716
2016-03-17 03:00:00,0.66833335,3.2697463,3.432897
2016-03-17 04:00:00,-0.15666667,2.7647815,3.0115168
2016-03-17 05:00:00,-0.955,1.511829,1.573587
2016-03-17 06:00:00,-1.3716667,0.82977843,1.0160016
2016-03-17 07:00:00,-1.635,-0.19344059,0.5124731
2016-03-17 08:00:00,-0.32333332,0.039429337,0.9042542
2016-03-17 09:00:00,2.3416667,1.0747876,1.761882
2016-03-17 10:00:00,3.495,2.5955677,3.6124477
2016-03-17 11:00:00,5.6716666,4.431533,5.456247
2016-03-17 12:00:00,7.03,6.1844234,7.124819
2016-03-17 13:00:00,8.348333,7.485921,8.249824
2016-03-17 14:00:00,9.573334,9.524746,10.080025
2016-03-17 15:00:00,11.093333,11.341093,11.11316
2016-03-17 16:00:00,11.045,10.528571,10.354643
2016-03-17 17:00:00,10.878333,11.295857,10.763105
2016-03-17 18:00:00,9.886666,10.334697,9.450613
2016-03-17 19:00:00,8.828333,9.45981,8.604729
2016-03-17 20:00:00,8.075,8.734615,7.5395207
2016-03-17 21:00:00,5.8216667,8.150847,6.874258
2016-03-17 22:00:00,4.385,6.592044,6.0474873
2016-03-17 23:00:00,3.01,5.201239,5.1971464
2016-03-18 00:00:00,1.8216667,4.128192,3.8927984
2016-03-18 01:00:00,0.71,2.6384857,3.0670476
2016-03-18 02:00:00,0.31833333,1.9952222,2.7238178
2016-03-18 03:00:00,-0.63166666,-0.04104522,0.844839
2016-03-18 04:00:00,-1.37,-1.1871552,0.33357844
2016-03-18 05:00:00,-1.93,-1.5536969,-0.43845055
2016-03-18 06:00:00,-2.0883334,-1.398459,-1.2457595
2016-03-18 07:00:00,-1.8516667,-1.5255197,-1.8493829
2016-03-18 08:00:00,-0.9816667,-0.48918262,-0.9221363
2016-03-18 09:00:00,1.2716666,0.34046453,-0.29966876
2016-03-18 10:00:00,4.3983335,2.273496,2.3022337
2016-03-18 11:00:00,9.081667,5.131789,4.6342344
2016-03-18 12:00:00,9.825,7.6410656,7.178335
2016-03-18 13:00:00,10.858334,10.249271,9.621104
2016-03-18 14:00:00,11.61,11.191915,11.088282
2016-03-18 15:00:00,12.496667,11.533928,11.84223
2016-03-18 16:00:00,11.21,10.775366,11.647747
2016-03-18 17:00:00,9.806666,10.764929,11.983616
2016-03-18 18:00:00,8.766666,9.631896,10.773836
2016-03-18 19:00:00,6.7816668,8.680405,10.333968
2016-03-18 20:00:00,4.76,7.5874834,9.085076
2016-03-18 21:00:00,4.463333,7.3392825,8.864419
2016-03-18 22:00:00,4.5066667,6.882439,7.2474003
2016-03-18 23:00:00,4.5266666,5.102019,5.401386
2016-03-19 00:00:00,4.2116666,4.319709,4.390485
2016-03-19 01:00:00,3.55,2.587049,2.7723663
2016-03-19 02:00:00,3.3833334,1.5584273,1.3831353
2016-03-19 03:00:00,3.54,1.9178078,1.98389
2016-03-19 04:00:00,3.5866666,2.0106814,2.462944
2016-03-19 05:00:00,3.3466666,1.9892647,2.3540323
2016-03-19 06:00:00,3.1416667,1.4433593,1.8537959
2016-03-19 07:00:00,3.0516667,0.49070904,1.1276596
2016-03-19 08:00:00,3.13,1.8771763,1.8486662
2016-03-19 09:00:00,3.5316668,3.5051298,2.8151996
2016-03-19 10:00:00,3.7733333,4.3063364,4.207164
2016-03-19 11:00:00,4.085,4.929824,5.4255753
2016-03-19 12:00:00,4.6,5.7131724,6.676126
2016-03-19 13:00:00,5.185,6.416515,7.802737
2016-03-19 14:00:00,5.173333,6.9997816,8.484038
2016-03-19 15:00:00,5.2716665,7.0782413,8.272403
2016-03-19 16:00:00,5.5633335,6.9145985,7.266619
2016-03-19 17:00:00,5.405,6.05618,6.4355116
2016-03-19 18:00:00,5.245,5.2443633,6.1653934
2016-03-19 19:00:00,5.0516667,5.308557,5.783739
2016-03-19 20:00:00,4.865,4.266319,4.5074906
2016-03-19 21:00:00,4.86,3.3627803,3.8350973
2016-03-19 22:00:00,4.6833334,2.935903,3.5892472
2016-03-19 23:00:00,4.4566665,2.581183,3.1876476
2016-03-20 00:00:00,4.338333,2.4708457,3.033298
2016-03-20 01:00:00,4.2283335,2.2773635,2.9531221
2016-03-20 02:00:00,3.965,2.0534508,2.8765075
2016-03-20 03:00:00,3.5033333,1.5813534,2.3890083
2016-03-20 04:00:00,3.4616666,1.4454031,2.0956845
2016-03-20 05:00:00,3.365,1.589507,2.2081044
2016-03-20 06:00:00,3.265,1.6853497,2.0976636
2016-03-20 07:00:00,3.19,2.1739478,2.5440133
2016-03-20 08:00:00,3.4916666,2.74329,2.943774
2016-03-20 09:00:00,3.7666667,3.371023,3.1286747
2016-03-20 10:00:00,3.9816666,4.734374,4.3826337
2016-03-20 11:00:00,4.286667,5.504987,5.308148
2016-03-20 12:00:00,4.6683335,6.093935,5.741962
2016-03-20 13:00:00,5.1433334,6.4382186,6.1501937
2016-03-20 14:00:00,5.3433332,6.950071,6.6227217
2016-03-20 15:00:00,5.4933333,6.8705626,6.3870163
2016-03-20 16:00:00,6.155,6.347138,5.7312393
2016-03-20 17:00:00,6.233333,6.179934,5.558686
2016-03-20 18:00:00,6.011667,5.575754,4.985956
2016-03-20 19:00:00,5.84,4.5976133,4.179304
2016-03-20 20:00:00,5.7883334,3.8063626,3.6464214
2016-03-20 21:00:00,5.825,3.7039645,3.5684845
2016-03-20 22:00:00,5.8316665,4.0254607,3.64805
2016-03-20 23:00:00,5.7,3.8948793,3.6795175
2016-03-21 00:00:00,5.34,3.8970542,3.7591798
2016-03-21 01:00:00,4.62,3.6304376,3.753577
2016-03-21 02:00:00,4.3083334,3.5987027,3.9221146
2016-03-21 03:00:00,4.463333,3.9171896,4.237376
2016-03-21 04:00:00,4.69,3.970999,4.2637568
2016-03-21 05:00:00,4.7683334,3.9752636,4.203637
2016-03-21 06:00:00,4.7766666,3.8743284,4.036633
2016-03-21 07:00:00,4.7916665,3.2767,3.3769617
2016-03-21 08:00:00,5.115,3.816805,3.66162
2016-03-21 09:00:00,6.1216664,5.0214176,4.7694182
2016-03-21 10:00:00,6.475,6.380651,5.9273434
2016-03-21 11:00:00,6.975,7.0511923,6.648896
2016-03-21 12:00:00,7.3016667,7.7360497,7.438348
2016-03-21 13:00:00,6.9933333,7.9288926,7.7551684
2016-03-21 14:00:00,7.835,8.248364,8.221882
2016-03-21 15:00:00,8.403334,8.455905,8.39867
2016-03-21 16:00:00,7.57,8.203957,7.863113
2016-03-21 17:00:00,5.963333,7.887529,7.4479947
2016-03-21 18:00:00,6.09,6.983633,6.6796193
2016-03-21 19:00:00,5.7966666,6.19915,6.023695
2016-03-21 20:00:00,5.675,6.0026865,5.831955
2016-03-21 21:00:00,5.225,5.5713983,5.0701694
2016-03-21 22:00:00,4.443333,4.6889067,3.8423593
2016-03-21 23:00:00,4.6966667,4.8157864,4.082803
2016-03-22 00:00:00,4.758333,4.2949467,4.0054293
2016-03-22 01:00:00,4.2033334,4.1922174,3.753178
2016-03-22 02:00:00,4.365,4.079183,3.8242269
2016-03-22 03:00:00,4.505,4.1970415,3.9331892
2016-03-22 04:00:00,4.423333,3.7463982,3.4143374
2016-03-22 05:00:00,4.3083334,3.709766,3.7416518
2016-03-22 06:00:00,4.1283336,3.431861,3.763601
2016-03-22 07:00:00,4.03,3.4697719,3.1743507
2016-03-22 08:00:00,4.338333,4.1279745,3.9629886
2016-03-22 09:00:00,5.11,4.893874,4.622971
2016-03-22 10:00:00,5.39,5.4910913,5.2014413
2016-03-22 11:00:00,5.5616665,6.0669894,5.794124
2016-03-22 12:00:00,5.9483333,6.408555,6.197025
2016-03-22 13:00:00,6.4666667,6.615153,6.618916
2016-03-22 14:00:00,6.3816667,7.052845,7.1485877
2016-03-22 15:00:00,6.136667,7.153557,7.176771
2016-03-22 16:00:00,6.306667,7.3611507,7.0853095
2016-03-22 17:00:00,6.1266665,6.910177,6.4225583
2016-03-22 18:00:00,6.016667,6.0470676,5.6470685
2016-03-22 19:00:00,5.7883334,5.6311755,5.2792854
2016-03-22 20:00:00,5.5266666,4.9400034,4.627158
2016-03-22 21:00:00,5.435,4.402604,4.0719624
2016-03-22 22:00:00,5.241667,4.330209,3.7749755
2016-03-22 23:00:00,4.8016667,4.190698,3.680802
2016-03-23 00:00:00,4.4166665,4.24904,3.9198935
2016-03-23 01:00:00,4.3683333,4.377021,4.0095835
2016-03-23 02:00:00,4.1716666,4.044392,3.7272332
2016-03-23 03:00:00,3.7016666,3.9445014,3.8351285
2016-03-23 04:00:00,3.3283334,3.8963242,3.6692426
2016-03-23 05:00:00,2.975,3.6956663,3.5718162
2016-03-23 06:00:00,2.7633333,3.7760937,3.6000636
2016-03-23 07:00:00,2.9466667,3.453653,3.5510778
2016-03-23 08:00:00,3.2366667,3.5542748,3.5973694
2016-03-23 09:00:00,4.221667,3.7422547,3.851106
2016-03-23 10:00:00,5.41,5.1085916,4.911754
2016-03-23 11:00:00,5.1566668,6.540691,6.1059375
2016-03-23 12:00:00,5.63,7.0335493,6.8246665
2016-03-23 13:00:00,6.661667,8.107642,7.680578
2016-03-23 14:00:00,6.8316665,7.629753,7.477495
2016-03-23 15:00:00,5.62,8.502235,8.237227
2016-03-23 16:00:00,6.633333,7.0313053,7.1155596
2016-03-23 17:00:00,6.5816665,6.734206,6.339954
2016-03-23 18:00:00,6.3333335,6.4932823,5.9670844
2016-03-23 19:00:00,6.008333,6.390755,6.0438027
2016-03-23 20:00:00,5.765,4.778863,4.5578785
2016-03-23 21:00:00,5.7,3.6299636,3.9300992
2016-03-23 22:00:00,5.62,3.9010577,4.195862
2016-03-23 23:00:00,5.4566665,3.1172523,3.1727884
2016-03-24 00:00:00,5.0716667,3.097968,2.9432943
2016-03-24 01:00:00,4.7083335,2.510199,2.527422
2016-03-24 02:00:00,4.325,2.41311,2.8197334
2016-03-24 03:00:00,3.6866667,2.4351122,2.9983513
2016-03-24 04:00:00,3.3466666,2.6710086,3.2048793
2016-03-24 05:00:00,3.055,2.5672944,3.0466144
2016-03-24 06:00:00,2.835,2.4479213,2.7833307
2016-03-24 07:00:00,2.5566666,2.8388937,2.88169
2016-03-24 08:00:00,3.455,3.173069,3.0255978
2016-03-24 09:00:00,4.805,3.5967574,2.9876993
2016-03-24 10:00:00,5.54,4.932371,4.108728
2016-03-24 11:00:00,5.93,6.4287724,5.7352324
2016-03-24 12:00:00,7.0133333,6.731227,6.2728877
2016-03-24 13:00:00,7.405,6.4866376,6.218738
2016-03-24 14:00:00,7.483333,7.179492,6.967505
2016-03-24 15:00:00,7.8716664,7.608328,7.046536
2016-03-24 16:00:00,8.075,7.966722,7.4098754
2016-03-24 17:00:00,8.416667,7.6734233,6.710154
2016-03-24 18:00:00,7.963333,8.025981,7.460796
2016-03-24 19:00:00,6.8566666,6.3036017,5.8826337
2016-03-24 20:00:00,6.5066667,4.956053,4.6177535
2016-03-24 21:00:00,6.075,4.471037,4.2847457
2016-03-24 22:00:00,6.2566667,4.146137,3.9724777
2016-03-24 23:00:00,6.23,3.6650903,3.8736656
2016-03-25 00:00:00,5.738333,2.5357656,2.737509
2016-03-25 01:00:00,5.5416665,2.0736003,1.8527375
2016-03-25 02:00:00,5.9383335,1.6309917,2.1573117
2016-03-25 03:00:00,5.58,2.269203,2.6203268
2016-03-25 04:00:00,5.1866665,2.8092,3.6049187
2016-03-25 05:00:00,4.8933334,3.442847,3.8986003
2016-03-25 06:00:00,4.735,4.020853,3.8367982
2016-03-25 07:00:00,4.7816668,4.064968,4.307671
2016-03-25 08:00:00,4.786667,4.921427,5.2861776
2016-03-25 09:00:00,5.875,5.7349634,5.8757243
2016-03-25 10:00:00,7.116667,6.7074876,6.767344
2016-03-25 11:00:00,7.6966667,7.2146792,8.233546
2016-03-25 12:00:00,7.985,7.617805,8.96142
2016-03-25 13:00:00,7.431667,8.387341,9.528309
2016-03-25 14:00:00,7.3283334,8.983771,9.74896
2016-03-25 15:00:00,6.9616666,9.074523,9.804333
2016-03-25 16:00:00,6.74,9.311058,9.458237
2016-03-25 17:00:00,6.193333,9.507911,8.764128
2016-03-25 18:00:00,5.55,9.142615,8.320808
2016-03-25 19:00:00,5.3083334,7.8855047,7.196428
2016-03-25 20:00:00,5.0733333,6.730588,6.1355276
2016-03-25 21:00:00,4.9616666,6.081306,5.469291
2016-03-25 22:00:00,4.805,5.95661,5.3743105
2016-03-25 23:00:00,4.6716666,5.501785,5.0416307
2016-03-26 00:00:00,4.78,4.901811,4.359802
2016-03-26 01:00:00,4.9366665,4.6762247,4.2311907
2016-03-26 02:00:00,5.23,4.2457576,4.1451902
2016-03-26 03:00:00,5.286667,3.6683576,3.9588826
2016-03-26 04:00:00,5.238333,3.1681771,3.5847664
2016-03-26 05:00:00,5.335,3.044264,3.4132884
2016-03-26 06:00:00,5.56,3.7865176,3.7384603
2016-03-26 07:00:00,5.745,4.588634,4.093421
2016-03-26 08:00:00,5.9183335,5.082812,4.640907
2016-03-26 09:00:00,6.5333333,5.5978947,5.4750967
2016-03-26 10:00:00,7.471667,7.010881,6.6220703
2016-03-26 11:00:00,8.485,7.816013,7.6677704
2016-03-26 12:00:00,9.068334,8.100856,8.124769
2016-03-26 13:00:00,9.986667,8.732803,9.010092
2016-03-26 14:00:00,10.851666,9.484108,9.681572
2016-03-26 15:00:00,11.541667,11.017456,10.323022
2016-03-26 16:00:00,11.518333,11.381129,10.317262
2016-03-26 17:00:00,11.466666,10.770707,10.203074
2016-03-26 18:00:00,10.711667,9.3718815,9.164537
2016-03-26 19:00:00,9.386666,10.046553,9.459426
2016-03-26 20:00:00,8.24,9.445694,9.156145
2016-03-26 21:00:00,6.7533336,9.144829,8.912008
2016-03-26 22:00:00,6.14,8.263889,8.041816
2016-03-26 23:00:00,5.5233335,7.678612,7.259889
2016-03-27 00:00:00,5.0133333,7.3457847,7.15605
2016-03-27 01:00:00,4.3433332,6.1485014,6.49656
2016-03-27 02:00:00,3.945,5.3054667,5.7444572
2016-03-27 03:00:00,3.705,4.03673,4.3715487
2016-03-27 04:00:00,3.4433334,4.2673106,4.6609015
2016-03-27 05:00:00,3.7433333,4.092172,4.2164917
2016-03-27 06:00:00,3.27,3.874987,3.6490464
2016-03-27 07:00:00,4.215,3.790693,3.5182784
2016-03-27 08:00:00,5.935,4.4365516,4.213746
2016-03-27 09:00:00,8.018333,6.2103915,5.1237373
2016-03-27 10:00:00,10.085,8.591451,6.6173215
2016-03-27 11:00:00,12.121667,10.997595,9.194892
2016-03-27 12:00:00,12.931666,11.519663,9.922866
2016-03-27 13:00:00,12.006667,12.174839,12.042269
2016-03-27 14:00:00,11.386666,11.98895,12.342691
2016-03-27 15:00:00,10.671667,12.988027,13.29731
2016-03-27 16:00:00,9.78,13.519531,13.18713
2016-03-27 17:00:00,9.518333,13.354686,13.396729
2016-03-27 18:00:00,9.713333,12.528585,12.487848
2016-03-27 19:00:00,9.32,11.19853,11.017404
2016-03-27 20:00:00,8.981667,9.176014,8.985535
2016-03-27 21:00:00,8.143333,7.3635864,6.971924
2016-03-27 22:00:00,7.681667,6.900603,6.8420177
2016-03-27 23:00:00,6.6783333,6.042724,6.3457084
2016-03-28 00:00:00,6.366667,7.0105405,7.2958574
2016-03-28 01:00:00,5.8016667,6.625574,7.219241
2016-03-28 02:00:00,5.0183334,6.4426856,7.1349993
2016-03-28 03:00:00,4.5433335,5.362435,6.137486
2016-03-28 04:00:00,3.84,5.0127363,5.5448146
2016-03-28 05:00:00,3.8566666,3.9338186,4.595479
2016-03-28 06:00:00,2.9283333,4.3203626,4.582499
2016-03-28 07:00:00,3.485,4.884019,4.689026
2016-03-28 08:00:00,5.0983334,4.8180065,4.497314
2016-03-28 09:00:00,7.24,5.973768,5.5975556
2016-03-28 10:00:00,9.931666,7.6367087,6.771338
2016-03-28 11:00:00,10.918333,10.363066,9.561176
2016-03-28 12:00:00,10.871667,10.74879,9.980924
2016-03-28 13:00:00,11.203333,11.974507,11.814254
2016-03-28 14:00:00,12.1866665,12.700515,12.793219
2016-03-28 15:00:00,12.996667,12.344259,12.891119
2016-03-28 16:00:00,12.72,12.99953,13.200907
2016-03-28 17:00:00,12.108334,12.366669,11.828052
2016-03-28 18:00:00,12.021667,11.134528,10.632362
2016-03-28 19:00:00,11.731667,11.144148,11.040617
2016-03-28 20:00:00,9.691667,9.502883,8.951127
2016-03-28 21:00:00,7.6316667,8.625218,8.27575
2016-03-28 22:00:00,7.88,8.304471,8.734079
2016-03-28 23:00:00,7.565,7.8915124,7.6790776
2016-03-29 00:00:00,6.8,7.9976625,7.3728175
2016-03-29 01:00:00,6.65,8.270755,7.7377586
2016-03-29 02:00:00,6.815,6.831991,6.4146175
2016-03-29 03:00:00,5.9766665,6.2683754,5.3345704
2016-03-29 04:00:00,5.6066666,6.8341103,6.372566
2016-03-29 05:00:00,4.9733334,6.4506187,5.7453446
2016-03-29 06:00:00,5.03,6.335534,5.5034738
2016-03-29 07:00:00,5.318333,6.9319186,5.8015823
2016-03-29 08:00:00,6.62,7.9213614,6.817752
2016-03-29 09:00:00,6.886667,6.275475,5.7186556
2016-03-29 10:00:00,7.7633333,7.8475556,6.8538804
2016-03-29 11:00:00,8.3,8.910757,7.7178364
2016-03-29 12:00:00,8.795,9.575258,8.558903
2016-03-29 13:00:00,9.595,9.343143,8.877643
2016-03-29 14:00:00,10.523334,10.184253,10.236398
2016-03-29 15:00:00,11.093333,9.333899,9.255529
2016-03-29 16:00:00,11.101666,9.999264,9.760144
2016-03-29 17:00:00,11.278334,9.845308,9.380262
2016-03-29 18:00:00,10.801666,9.682513,9.349172
2016-03-29 19:00:00,8.82,8.546095,8.68908
2016-03-29 20:00:00,7.6266665,7.919225,7.8594127
2016-03-29 21:00:00,6.7316666,7.348997,7.366419
2016-03-29 22:00:00,6.795,7.103912,6.720514
2016-03-29 23:00:00,5.475,6.698496,6.10379
2016-03-30 00:00:00,4.68,6.5098667,6.0373755
2016-03-30 01:00:00,4.165,5.799858,6.0639315
2016-03-30 02:00:00,3.72,5.300033,5.5392694
2016-03-30 03:00:00,3.435,4.7399445,4.609973
2016-03-30 04:00:00,4.185,5.6152964,5.1131053
2016-03-30 05:00:00,4.425,4.32923,3.6801107
2016-03-30 06:00:00,4.858333,4.300087,3.3776474
2016-03-30 07:00:00,5.2733335,4.4855294,3.7884967
2016-03-30 08:00:00,6.38,5.0041213,4.245581
2016-03-30 09:00:00,8.11,5.8208156,5.0764403
2016-03-30 10:00:00,10.143333,8.191872,7.8584304
2016-03-30 11:00:00,11.013333,8.956596,8.507525
2016-03-30 12:00:00,11.536667,10.797307,10.0608225
2016-03-30 13:00:00,8.555,10.673919,9.656513
2016-03-30 14:00:00,8.493333,11.322633,10.871687
2016-03-30 15:00:00,9.403334,11.849445,11.45035
2016-03-30 16:00:00,9.928333,12.246511,12.118115
2016-03-30 17:00:00,9.97,12.23055,11.68079
2016-03-30 18:00:00,9.975,12.057439,11.239617
2016-03-30 19:00:00,9.346666,8.247206,7.606971
2016-03-30 20:00:00,8.941667,7.5566163,7.5138125
2016-03-30 21:00:00,8.0616665,7.8758764,7.923327
2016-03-30 22:00:00,7.81,7.350902,7.184216
2016-03-30 23:00:00,8.13,7.3963485,7.6412525
2016-03-31 00:00:00,8.151667,6.8454933,7.1218867
2016-03-31 01:00:00,7.94,6.2037535,6.6372805
2016-03-31 02:00:00,7.5033336,6.597187,7.2113066
2016-03-31 03:00:00,7.5333333,5.6977005,5.999648
2016-03-31 04:00:00,7.235,5.6289945,5.534876
2016-03-31 05:00:00,7.1716666,6.4806914,6.165288
2016-03-31 06:00:00,6.975,6.9351473,6.510039
2016-03-31 07:00:00,6.9416666,7.449189,6.848564
2016-03-31 08:00:00,6.818333,7.789978,6.9427466
2016-03-31 09:00:00,6.9383335,8.72004,8.183415
2016-03-31 10:00:00,7.1666665,8.977809,9.070307
2016-03-31 11:00:00,7.06,10.068893,9.848383
2016-03-31 12:00:00,6.911667,9.991818,9.9058075
2016-03-31 13:00:00,6.705,9.664687,9.705303
2016-03-31 14:00:00,6.9733334,9.329455,9.079855
2016-03-31 15:00:00,6.9183335,9.087601,8.83249
2016-03-31 16:00:00,6.315,8.873564,8.876561
2016-03-31 17:00:00,5.805,7.8708005,7.77039
2016-03-31 18:00:00,5.528333,6.9308076,7.151777
2016-03-31 19:00:00,5.056667,5.6981087,6.2299824
2016-03-31 20:00:00,4.5616665,5.7539473,6.0856605
2016-03-31 21:00:00,3.7066667,5.129891,5.1293283
2016-03-31 22:00:00,3.31,4.765663,4.711551
2016-03-31 23:00:00,2.8533332,4.225124,4.4313283
2016-04-01 00:00:00,2.2083333,4.5424705,4.677411
2016-04-01 01:00:00,1.5366666,3.9601166,3.9796035
2016-04-01 02:00:00,1.1466666,3.0111117,3.0125468
2016-04-01 03:00:00,0.345,2.0667496,2.1651912
2016-04-01 04:00:00,0.14666666,1.8758435,2.1327677
2016-04-01 05:00:00,0.195,1.3930517,1.704437
2016-04-01 06:00:00,0.053333335,0.6860242,1.0811596
2016-04-01 07:00:00,0.60333335,0.2724476,0.7997947
2016-04-01 08:00:00,1.19,0.54903376,1.3348635
2016-04-01 09:00:00,1.775,0.03258884,0.6505308
2016-04-01 10:00:00,2.2883334,0.65442437,1.4229375
2016-04-01 11:00:00,3.6166666,1.866445,2.6198094
2016-04-01 12:00:00,4.22,3.0100584,3.0210783
2016-04-01 13:00:00,5.1883335,4.5356736,4.4544783
2016-04-01 14:00:00,6.8966665,4.87444,4.70691
2016-04-01 15:00:00,7.338333,5.5107512,5.5260835
2016-04-01 16:00:00,8.09,5.3568645,5.113869
2016-04-01 17:00:00,8.428333,7.1090384,6.8164663
2016-04-01 18:00:00,8.16,6.3259373,6.1271453
2016-04-01 19:00:00,6.6983333,6.4488983,5.845805
2016-04-01 20:00:00,5.51,6.64847,6.3873553
2016-04-01 21:00:00,4.675,5.816809,5.620192
2016-04-01 22:00:00,2.915,5.472748,5.5425277
2016-04-01 23:00:00,1.8683333,5.394176,5.5047293
2016-04-02 00:00:00,1.2966666,4.737944,5.539722
2016-04-02 01:00:00,0.24333334,3.0628042,3.8715837
2016-04-02 02:00:00,-0.95166665,1.5815889,2.4925787
2016-04-02 03:00:00,-1.15,0.79848766,1.8060097
2016-04-02 04:00:00,-0.835,-0.6053792,-5.8948994e-05
2016-04-02 05:00:00,-0.12666667,-0.89649475,-0.5697746
2016-04-02 06:00:00,0.17833333,-0.986179,-0.67678165
2016-04-02 07:00:00,0.87833333,-1.3065226,-1.5309807
2016-04-02 08:00:00,2.2533333,-0.9911673,-1.0917717
2016-04-02 09:00:00,4.4333334,0.8559079,1.5791755
2016-04-02 10:00:00,6.443333,3.2377841,3.8596349
2016-04-02 11:00:00,9.233334,6.150128,7.0178227
2016-04-02 12:00:00,11.536667,7.630985,8.886732
2016-04-02 13:00:00,13.776667,8.717699,11.039422
2016-04-02 14:00:00,15.145,9.664267,12.082695
2016-04-02 15:00:00,15.873333,10.305107,12.09346
2016-04-02 16:00:00,16.301666,11.0423355,12.396831
2016-04-02 17:00:00,15.935,12.229166,13.323456
2016-04-02 18:00:00,15.655,12.897103,13.756523
2016-04-02 19:00:00,14.406667,13.374362,13.465518
2016-04-02 20:00:00,13.351666,13.032579,12.358147
2016-04-02 21:00:00,12.443334,11.519016,11.324649
2016-04-02 22:00:00,11.876667,9.851653,10.299725
2016-04-02 23:00:00,11.21,8.896764,9.045843
2016-04-03 00:00:00,10.115,8.50303,8.459272
2016-04-03 01:00:00,9.096666,7.5869308,7.4907045
2016-04-03 02:00:00,8.255,7.177665,7.3658676
2016-04-03 03:00:00,7.1266665,6.822198,7.4822245
2016-04-03 04:00:00,7.068333,6.5352983,7.40167
2016-04-03 05:00:00,5.5133333,6.1579742,6.7744246
2016-04-03 06:00:00,6.338333,6.2562346,6.190795
2016-04-03 07:00:00,5.31,6.896204,6.4343076
2016-04-03 08:00:00,6.8516665,7.9007087,7.0085297
2016-04-03 09:00:00,10.305,9.600611,7.92518
2016-04-03 10:00:00,13.108334,12.83886,10.869995
2016-04-03 11:00:00,15.26,14.868643,12.2243595
2016-04-03 12:00:00,16.766666,17.606852,16.392395
2016-04-03 13:00:00,18.528334,17.959494,16.40613
2016-04-03 14:00:00,18.746666,19.169994,17.639725
2016-04-03 15:00:00,19.41,20.377596,18.67581
2016-04-03 16:00:00,19.773333,19.42612,18.206793
2016-04-03 17:00:00,19.671667,18.182964,18.037497
2016-04-03 18:00:00,18.888334,16.938791,16.945326
2016-04-03 19:00:00,18.128334,16.483732,16.251434
2016-04-03 20:00:00,17.028334,14.379025,13.77249
2016-04-03 21:00:00,15.708333,13.943009,13.299049
2016-04-03 22:00:00,14.793333,12.846676,12.63364
2016-04-03 23:00:00,13.816667,12.823758,11.785166
2016-04-04 00:00:00,12.94,11.645568,10.7783165
2016-04-04 01:00:00,11.673333,10.5996895,10.665737
2016-04-04 02:00:00,10.463333,10.274787,9.974305
2016-04-04 03:00:00,9.583333,9.19031,9.699784
2016-04-04 04:00:00,9.0,9.325955,9.330858
2016-04-04 05:00:00,8.793333,8.957882,9.358103
2016-04-04 06:00:00,8.841666,9.0865135,9.008577
2016-04-04 07:00:00,8.616667,8.756433,9.061212
2016-04-04 08:00:00,9.668333,9.3774185,9.607038
2016-04-04 09:00:00,10.493333,10.892099,11.23926
2016-04-04 10:00:00,13.638333,13.239463,13.54718
2016-04-04 11:00:00,15.998333,15.040396,15.760123
2016-04-04 12:00:00,17.335,16.756557,17.840952
2016-04-04 13:00:00,19.133333,17.084179,18.051506
2016-04-04 14:00:00,19.483334,17.743076,18.806803
2016-04-04 15:00:00,20.021667,17.13482,18.333746
2016-04-04 16:00:00,20.77,17.19988,18.354906
2016-04-04 17:00:00,20.823334,16.737427,16.185925
2016-04-04 18:00:00,19.99,16.940184,16.128502
2016-04-04 19:00:00,18.861666,15.540552,14.8678875
2016-04-04 20:00:00,17.823334,14.368826,14.031944
2016-04-04 21:00:00,16.53,13.769502,13.434805
2016-04-04 22:00:00,15.575,13.660602,12.856611
2016-04-04 23:00:00,14.845,13.082426,12.2032385
2016-04-05 00:00:00,13.01,11.696491,11.547618
2016-04-05 01:00:00,12.373333,10.792129,10.98086
2016-04-05 02:00:00,10.845,10.447123,10.661324
2016-04-05 03:00:00,10.503333,10.192234,10.342994
2016-04-05 04:00:00,10.631667,10.043416,10.072633
2016-04-05 05:00:00,10.183333,9.401528,9.655354
2016-04-05 06:00:00,9.611667,8.929994,8.965869
2016-04-05 07:00:00,8.988334,9.301612,9.402772
2016-04-05 08:00:00,10.32,10.299437,9.713439
2016-04-05 09:00:00,12.675,11.841671,11.663205
2016-04-05 10:00:00,14.233334,13.248436,13.072418
2016-04-05 11:00:00,15.86,15.48992,14.258094
2016-04-05 12:00:00,17.623333,15.424859,14.987456
2016-04-05 13:00:00,18.578333,15.780457,15.02149
2016-04-05 14:00:00,19.183332,17.678692,18.265505
2016-04-05 15:00:00,18.39,18.488665,17.921392
2016-04-05 16:00:00,18.33,17.740236,16.56727
2016-04-05 17:00:00,18.32,17.278269,16.308704
2016-04-05 18:00:00,17.616667,16.997074,16.549381
2016-04-05 19:00:00,16.616667,15.899742,15.291476
2016-04-05 20:00:00,15.83,14.346556,13.765801
2016-04-05 21:00:00,15.178333,12.881417,12.534988
2016-04-05 22:00:00,13.088333,12.255216,11.892373
2016-04-05 23:00:00,10.738334,11.480342,11.195417
2016-04-06 00:00:00,9.52,10.826814,10.880418
2016-04-06 01:00:00,9.486667,10.211189,10.475953
2016-04-06 02:00:00,9.531667,9.878828,10.239596
2016-04-06 03:00:00,9.536667,9.571913,9.941354
2016-04-06 04:00:00,9.37,8.353493,8.724661
2016-04-06 05:00:00,9.095,6.8122272,6.842262
2016-04-06 06:00:00,8.043333,6.5495133,6.3504024
2016-04-06 07:00:00,8.27,7.428748,7.316445
2016-04-06 08:00:00,10.283334,8.682421,8.427542
2016-04-06 09:00:00,11.261666,10.043053,9.801971
2016-04-06 10:00:00,11.905,11.334387,10.9468
2016-04-06 11:00:00,13.113334,12.466175,12.137588
2016-04-06 12:00:00,13.071667,11.6952095,11.216808
2016-04-06 13:00:00,13.786667,12.298468,12.755535
2016-04-06 14:00:00,14.305,13.614525,14.610466
2016-04-06 15:00:00,14.633333,13.605964,13.466853
2016-04-06 16:00:00,14.431666,12.939864,12.750189
2016-04-06 17:00:00,14.42,13.36135,13.003459
2016-04-06 18:00:00,13.86,12.29054,12.002962
2016-04-06 19:00:00,13.195,11.490575,11.403244
2016-04-06 20:00:00,12.208333,10.034178,10.393539
2016-04-06 21:00:00,11.593333,9.177189,10.043975
2016-04-06 22:00:00,11.33,8.109061,8.984187
2016-04-06 23:00:00,11.246667,8.2288685,9.263294
2016-04-07 00:00:00,11.228333,8.158628,8.890328
2016-04-07 01:00:00,11.366667,8.195217,8.712208
2016-04-07 02:00:00,11.468333,7.803349,8.050538
2016-04-07 03:00:00,11.045,8.162939,8.205912
2016-04-07 04:00:00,8.483334,8.586991,8.262179
2016-04-07 05:00:00,7.3416667,8.436227,8.607836
2016-04-07 06:00:00,6.6516666,8.930867,8.848528
2016-04-07 07:00:00,6.7633333,9.8081045,9.54752
2016-04-07 08:00:00,6.9566665,10.95629,10.65055
2016-04-07 09:00:00,7.65,10.661965,10.757386
2016-04-07 10:00:00,8.495,8.763035,7.9808955
2016-04-07 11:00:00,8.998333,9.264569,8.660556
2016-04-07 12:00:00,7.891667,9.489394,9.523353
2016-04-07 13:00:00,8.59,10.863762,10.867705
2016-04-07 14:00:00,10.246667,11.360515,10.806888
2016-04-07 15:00:00,10.848333,11.177291,10.825738
2016-04-07 16:00:00,11.013333,11.894002,11.579292
2016-04-07 17:00:00,10.623333,10.37171,10.378982
2016-04-07 18:00:00,10.8116665,7.7558856,7.568155
2016-04-07 19:00:00,9.718333,8.687281,8.136568
2016-04-07 20:00:00,8.575,8.220396,7.6295633
2016-04-07 21:00:00,7.93,7.6813297,7.111552
2016-04-07 22:00:00,6.98,6.5538783,6.6758695
2016-04-07 23:00:00,4.886667,5.7532754,5.8072786
2016-04-08 00:00:00,4.2883334,6.289874,6.334888
2016-04-08 01:00:00,4.0,5.13579,5.6222677
2016-04-08 02:00:00,3.8033333,4.189875,4.3453526
2016-04-08 03:00:00,3.6283333,3.6090562,3.6621368
2016-04-08 04:00:00,3.44,3.2002718,3.110676
2016-04-08 05:00:00,3.0516667,2.2889214,1.9131911
2016-04-08 06:00:00,3.0116668,1.9919708,2.3386908
2016-04-08 07:00:00,2.8716667,2.9065287,3.3278406
2016-04-08 08:00:00,5.3516665,4.172161,4.3676214
2016-04-08 09:00:00,7.76,6.039117,5.721406
2016-04-08 10:00:00,9.315,8.148707,7.262622
2016-04-08 11:00:00,10.078333,8.604199,8.09856
2016-04-08 12:00:00,10.306666,8.690118,8.512485
2016-04-08 13:00:00,11.385,8.594223,8.837533
2016-04-08 14:00:00,11.511666,11.019726,11.751539
2016-04-08 15:00:00,11.925,11.672196,11.714286
2016-04-08 16:00:00,11.943334,11.75736,11.421817
2016-04-08 17:00:00,12.045,11.157693,11.062793
2016-04-08 18:00:00,12.158334,10.808239,10.584507
2016-04-08 19:00:00,11.216666,10.512368,10.097701
2016-04-08 20:00:00,10.551666,9.283656,8.706237
2016-04-08 21:00:00,9.708333,7.62392,8.100725
2016-04-08 22:00:00,8.723333,6.357757,6.718674
2016-04-08 23:00:00,8.0,5.9457855,5.8178663
2016-04-09 00:00:00,7.011667,5.2834926,5.1106772
2016-04-09 01:00:00,6.375,4.3935146,3.8904545
2016-04-09 02:00:00,5.3166666,3.3969295,3.4005334
2016-04-09 03:00:00,4.2916665,3.5918746,2.9991076
2016-04-09 04:00:00,2.8633332,3.6324086,3.2041676
2016-04-09 05:00:00,1.8766667,3.252898,3.1362813
2016-04-09 06:00:00,1.5933334,2.97862,2.805425
2016-04-09 07:00:00,1.7266667,3.9336424,3.1850865
2016-04-09 08:00:00,4.141667,4.2636056,3.6776693
2016-04-09 09:00:00,6.7733335,4.889753,4.420343
2016-04-09 10:00:00,8.988334,5.6495748,5.4979224
2016-04-09 11:00:00,10.778334,6.775949,7.7218647
2016-04-09 12:00:00,11.113334,7.6277385,9.344426
2016-04-09 13:00:00,11.795,9.024988,10.429807
2016-04-09 14:00:00,12.003333,11.991435,12.373392
2016-04-09 15:00:00,12.033334,12.596601,12.491402
2016-04-09 16:00:00,11.975,12.116991,12.690109
2016-04-09 17:00:00,11.781667,11.847851,12.383753
2016-04-09 18:00:00,11.615,10.730209,10.030984
2016-04-09 19:00:00,10.808333,10.928675,10.78643
2016-04-09 20:00:00,9.9366665,9.835998,9.156355
2016-04-09 21:00:00,8.775,8.585131,8.147624
2016-04-09 22:00:00,7.75,7.5356865,7.0468574
2016-04-09 23:00:00,6.28,6.5631146,6.255065
2016-04-10 00:00:00,5.35,5.6176867,5.3183227
2016-04-10 01:00:00,4.6383333,5.163083,4.655875
2016-04-10 02:00:00,3.7733333,4.7658753,4.225505
2016-04-10 03:00:00,2.95,3.4569895,3.3360207
2016-04-10 04:00:00,2.3916667,2.6348195,2.9917624
2016-04-10 05:00:00,1.5966667,1.8471546,1.8550782
2016-04-10 06:00:00,0.96,2.089691,1.686365
2016-04-10 07:00:00,1.2266667,2.5601013,1.8924415
2016-04-10 08:00:00,4.386667,3.2926946,2.577491
2016-04-10 09:00:00,7.11,4.721092,4.00509
2016-04-10 10:00:00,9.38,6.3058743,6.649939
2016-04-10 11:00:00,11.345,7.6012626,8.825651
2016-04-10 12:00:00,12.101666,8.991495,10.692118
2016-04-10 13:00:00,11.378333,10.9192,12.232511
2016-04-10 14:00:00,11.008333,13.457975,14.328571
2016-04-10 15:00:00,10.968333,13.487357,14.126124
2016-04-10 16:00:00,10.736667,12.9954815,14.330375
2016-04-10 17:00:00,9.723333,12.756068,13.6982355
2016-04-10 18:00:00,9.0633335,12.737397,13.195013
2016-04-10 19:00:00,8.541667,10.27081,10.293121
2016-04-10 20:00:00,7.8983335,8.96106,9.364131
2016-04-10 21:00:00,7.325,8.465494,8.534486
2016-04-10 22:00:00,6.3966665,7.397493,7.3339767
2016-04-10 23:00:00,5.548333,6.063279,5.876081
2016-04-11 00:00:00,5.3933334,5.3754444,5.081046
2016-04-11 01:00:00,5.2883334,4.876302,4.9799714
2016-04-11 02:00:00,5.0933332,4.3977165,4.9724646
2016-04-11 03:00:00,4.755,4.126123,4.77322
2016-04-11 04:00:00,4.385,3.1721323,3.9911509
2016-04-11 05:00:00,3.7866666,2.3920083,3.414258
2016-04-11 06:00:00,3.7733333,2.4104812,3.6547036
2016-04-11 07:00:00,3.95,3.1259584,4.044119
2016-04-11 08:00:00,4.5233335,3.8561482,4.447115
2016-04-11 09:00:00,5.2833333,4.764785,5.3227844
2016-04-11 10:00:00,6.241667,5.6087346,6.2216187
2016-04-11 11:00:00,7.483333,5.9158206,6.977845
2016-04-11 12:00:00,8.523334,6.4390492,8.477193
2016-04-11 13:00:00,9.623333,6.607027,9.154123
2016-04-11 14:00:00,9.806666,7.178555,10.0206175
2016-04-11 15:00:00,10.185,7.558867,10.396989
2016-04-11 16:00:00,10.68,8.205701,10.455185
2016-04-11 17:00:00,10.908334,8.836538,10.378137
2016-04-11 18:00:00,10.698334,8.896363,9.768134
2016-04-11 19:00:00,10.306666,9.418617,9.970664
2016-04-11 20:00:00,9.986667,9.057252,8.596611
2016-04-11 21:00:00,9.7,8.593489,8.481002
2016-04-11 22:00:00,9.455,8.450203,7.985722
2016-04-11 23:00:00,9.393333,8.066083,7.5350347
2016-04-12 00:00:00,8.856667,7.6971297,7.031973
2016-04-12 01:00:00,7.955,7.541993,6.8084483
2016-04-12 02:00:00,6.5733333,7.308025,6.686844
2016-04-12 03:00:00,5.4083333,7.100957,6.6420608
2016-04-12 04:00:00,4.1383333,6.9307446,6.662176
2016-04-12 05:00:00,3.6816666,6.9889154,6.817896
2016-04-12 06:00:00,3.44,6.589265,6.5284424
2016-04-12 07:00:00,3.4183333,6.1618824,5.9903393
2016-04-12 08:00:00,3.905,5.390152,5.409776
2016-04-12 09:00:00,4.94,6.3650446,6.365679
2016-04-12 10:00:00,8.405,8.075804,7.435398
2016-04-12 11:00:00,12.663333,11.005906,10.790753
2016-04-12 12:00:00,15.345,12.518296,12.581168
2016-04-12 13:00:00,16.408333,13.667759,14.238066
2016-04-12 14:00:00,16.678333,14.563268,15.035998
2016-04-12 15:00:00,15.473333,14.508497,14.572529
2016-04-12 16:00:00,13.016666,15.018665,15.652456
2016-04-12 17:00:00,14.02,14.80118,15.661911
2016-04-12 18:00:00,14.528334,15.029384,16.534792
2016-04-12 19:00:00,13.775,14.071439,14.242673
2016-04-12 20:00:00,12.521667,13.1342945,13.016692
2016-04-12 21:00:00,10.991667,10.350756,9.913094
2016-04-12 22:00:00,9.658334,9.775174,10.050832
2016-04-12 23:00:00,8.81,10.147329,9.833588
2016-04-13 00:00:00,7.79,9.384955,9.457876
2016-04-13 01:00:00,6.9066668,7.9477096,8.485987
2016-04-13 02:00:00,6.673333,7.3798103,7.671691
2016-04-13 03:00:00,6.403333,6.709765,7.013264
2016-04-13 04:00:00,6.3816667,5.8647327,6.547106
2016-04-13 05:00:00,6.195,5.535299,6.3644104
2016-04-13 06:00:00,6.0216665,5.1384444,5.54758
2016-04-13 07:00:00,6.945,5.6871033,5.421705
2016-04-13 08:00:00,8.495,7.6172237,6.84902
2016-04-13 09:00:00,11.243333,9.623467,8.035592
2016-04-13 10:00:00,12.66,11.952248,10.435857
2016-04-13 11:00:00,13.646667,13.695028,12.484454
2016-04-13 12:00:00,14.235,14.905963,13.966946
2016-04-13 13:00:00,15.758333,15.791137,15.567952
2016-04-13 14:00:00,16.21,16.592888,16.218096
2016-04-13 15:00:00,15.56,16.525227,17.019928
2016-04-13 16:00:00,14.898334,15.380436,15.834642
2016-04-13 17:00:00,10.681666,14.711333,15.3815775
2016-04-13 18:00:00,9.743333,14.092988,14.138495
2016-04-13 19:00:00,9.678333,13.890312,14.036524
2016-04-13 20:00:00,9.605,12.401605,12.584418
2016-04-13 21:00:00,9.406667,10.912349,11.00346
2016-04-13 22:00:00,9.318334,9.351122,9.561958
2016-04-13 23:00:00,9.166667,6.687208,6.744796
2016-04-14 00:00:00,8.916667,7.718023,7.1664224
2016-04-14 01:00:00,8.641666,7.5781965,7.2568364
2016-04-14 02:00:00,8.376667,8.024331,7.411406
2016-04-14 03:00:00,8.06,7.3266864,7.1692185
2016-04-14 04:00:00,7.9266667,7.332742,7.1219144
2016-04-14 05:00:00,7.568333,7.0096846,6.746616
2016-04-14 06:00:00,7.5433335,6.8698287,6.6985555
2016-04-14 07:00:00,7.636667,7.173226,6.772198
2016-04-14 08:00:00,8.051666,7.6084733,7.1397834
2016-04-14 09:00:00,8.868333,8.42294,7.7017574
2016-04-14 10:00:00,9.34,9.477842,8.774628
2016-04-14 11:00:00,10.121667,10.309448,9.645695
2016-04-14 12:00:00,11.168333,10.16606,9.478763
2016-04-14 13:00:00,11.473333,10.493509,10.075529
2016-04-14 14:00:00,12.675,10.581282,10.084747
2016-04-14 15:00:00,13.518333,10.816916,10.369978
2016-04-14 16:00:00,13.441667,10.918497,10.428234
2016-04-14 17:00:00,13.24,10.962223,10.402904
2016-04-14 18:00:00,13.198334,10.771191,10.383109
2016-04-14 19:00:00,12.265,10.216954,10.144716
2016-04-14 20:00:00,10.815,9.871235,9.83927
2016-04-14 21:00:00,9.658334,9.296473,9.481022
2016-04-14 22:00:00,9.081667,8.212885,8.483091
2016-04-14 23:00:00,8.523334,7.9410214,8.081209
2016-04-15 00:00:00,7.65,7.316193,7.554572
2016-04-15 01:00:00,7.0516667,6.3399215,6.466734
2016-04-15 02:00:00,6.366667,5.6301656,6.0021377
2016-04-15 03:00:00,5.056667,5.2107315,5.72808
2016-04-15 04:00:00,4.0983334,5.096267,6.232848
2016-04-15 05:00:00,4.515,4.9770093,5.8652816
2016-04-15 06:00:00,4.95,4.8743057,5.193729
2016-04-15 07:00:00,5.175,5.7512393,5.7806716
2016-04-15 08:00:00,6.2683334,7.0504866,6.586782
2016-04-15 09:00:00,6.415,8.336498,7.063155
2016-04-15 10:00:00,7.185,10.510238,9.403093
2016-04-15 11:00:00,8.858334,13.313458,13.354717
2016-04-15 12:00:00,10.818334,14.094947,14.662811
2016-04-15 13:00:00,11.355,14.110874,14.463033
2016-04-15 14:00:00,12.403334,14.249034,14.827098
2016-04-15 15:00:00,13.09,12.24132,12.313691
2016-04-15 16:00:00,13.88,11.433598,12.241157
2016-04-15 17:00:00,10.403334,10.827129,11.402531
2016-04-15 18:00:00,12.146667,11.344587,11.295493
2016-04-15 19:00:00,11.801666,11.11461,10.407654
2016-04-15 20:00:00,10.966666,11.169897,10.217891
2016-04-15 21:00:00,11.026667,10.405548,9.636225
2016-04-15 22:00:00,10.401667,9.790513,9.186395
2016-04-15 23:00:00,10.465,7.5883493,7.406261
2016-04-16 00:00:00,10.593333,9.667925,9.448882
2016-04-16 01:00:00,10.471666,8.944557,8.585658
2016-04-16 02:00:00,10.341666,8.433473,8.123596
2016-04-16 03:00:00,10.273334,8.366391,8.278385
2016-04-16 04:00:00,10.526667,7.634223,7.5978065
2016-04-16 05:00:00,10.16,8.636712,8.503867
2016-04-16 06:00:00,10.113334,8.993444,8.828238
2016-04-16 07:00:00,10.38,9.780088,9.319236
2016-04-16 08:00:00,10.846666,10.677092,10.092156
2016-04-16 09:00:00,11.093333,11.94084,11.149221
2016-04-16 10:00:00,10.636666,13.078163,12.338054
2016-04-16 11:00:00,10.543333,13.743682,12.779063
2016-04-16 12:00:00,10.665,13.819778,12.857814
2016-04-16 13:00:00,11.508333,14.330866,13.511542
2016-04-16 14:00:00,12.275,14.766298,13.935216
2016-04-16 15:00:00,12.895,15.041035,14.105032
2016-04-16 16:00:00,13.358334,13.465063,12.783434
2016-04-16 17:00:00,13.626667,12.6700325,12.057185
2016-04-16 18:00:00,13.351666,12.123202,11.420644
2016-04-16 19:00:00,12.691667,10.971291,10.328789
2016-04-16 20:00:00,11.86,10.509396,9.774327
2016-04-16 21:00:00,10.993333,10.253115,9.528489
2016-04-16 22:00:00,10.596666,9.497075,9.047233
2016-04-16 23:00:00,10.083333,8.984195,8.701652
2016-04-17 00:00:00,9.776667,8.624009,8.729371
2016-04-17 01:00:00,9.88,8.166549,8.38171
2016-04-17 02:00:00,9.24,8.342931,8.7321
2016-04-17 03:00:00,7.971667,7.588481,8.09109
2016-04-17 04:00:00,7.7033334,7.9664574,8.290822
2016-04-17 05:00:00,7.2266665,7.528128,8.014826
2016-04-17 06:00:00,6.68,7.897118,7.932481
2016-04-17 07:00:00,6.5216665,8.7585335,8.619537
2016-04-17 08:00:00,6.8433332,8.913484,8.813259
2016-04-17 09:00:00,7.4383335,9.796107,8.99533
2016-04-17 10:00:00,7.5916667,9.687419,10.0259
2016-04-17 11:00:00,7.8033333,9.248,9.242665
2016-04-17 12:00:00,8.008333,9.112644,9.507027
2016-04-17 13:00:00,6.9333334,9.847492,10.723843
2016-04-17 14:00:00,7.4616666,11.030613,11.445896
2016-04-17 15:00:00,8.44,10.093406,9.984814
2016-04-17 16:00:00,8.743333,9.3727865,9.542073
2016-04-17 17:00:00,9.298333,9.278688,9.023156
2016-04-17 18:00:00,9.32,8.609266,8.805219
2016-04-17 19:00:00,8.626667,6.446265,6.531448
2016-04-17 20:00:00,7.6566668,6.186887,6.13741
2016-04-17 21:00:00,7.536667,5.744286,6.192758
2016-04-17 22:00:00,7.125,5.6129313,5.9333324
2016-04-17 23:00:00,6.0866666,5.948327,6.3342347
2016-04-18 00:00:00,5.4783335,5.374002,5.847543
2016-04-18 01:00:00,4.5333333,5.525719,5.506034
2016-04-18 02:00:00,3.935,5.218458,5.207148
2016-04-18 03:00:00,3.235,4.321901,4.931165
2016-04-18 04:00:00,2.6116667,4.0450597,4.2165074
2016-04-18 05:00:00,1.8983333,3.2764635,3.4010277
2016-04-18 06:00:00,0.93666667,3.3054104,3.3005474
2016-04-18 07:00:00,0.85833335,3.2872121,3.259055
2016-04-18 08:00:00,1.85,4.165966,4.137734
2016-04-18 09:00:00,5.15,5.6780047,5.1532526
2016-04-18 10:00:00,8.375,8.378621,7.4880414
2016-04-18 11:00:00,9.066667,8.769587,8.746858
2016-04-18 12:00:00,10.133333,9.495816,9.770288
2016-04-18 13:00:00,10.643333,10.252411,10.34163
2016-04-18 14:00:00,11.17,11.5717745,11.030736
2016-04-18 15:00:00,11.908334,13.247959,12.576431
2016-04-18 16:00:00,11.94,12.274204,12.5935335
2016-04-18 17:00:00,11.875,10.399458,11.333606
2016-04-18 18:00:00,12.07,10.148758,10.994832
2016-04-18 19:00:00,10.96,10.020812,10.416228
2016-04-18 20:00:00,9.761666,8.819468,9.153035
2016-04-18 21:00:00,8.93,7.8270607,8.476103
2016-04-18 22:00:00,6.9133334,6.387504,6.984717
2016-04-18 23:00:00,6.625,5.513412,5.876048
2016-04-19 00:00:00,6.87,5.408176,5.7214346
2016-04-19 01:00:00,5.17,4.18008,4.735823
2016-04-19 02:00:00,4.161667,3.4949443,3.6041377
2016-04-19 03:00:00,3.31,3.2802455,3.7063923
2016-04-19 04:00:00,3.5283334,2.427138,2.8960118
2016-04-19 05:00:00,4.3883333,2.8199701,3.202822
2016-04-19 06:00:00,5.6183333,3.8544908,4.07331
2016-04-19 07:00:00,6.96,3.3412957,2.6492503
2016-04-19 08:00:00,7.9816666,4.1834903,3.4366314
2016-04-19 09:00:00,8.961667,5.609079,5.870272
2016-04-19 10:00:00,9.616667,8.105917,9.1334715
2016-04-19 11:00:00,10.531667,10.2184105,11.435977
2016-04-19 12:00:00,11.12,10.746059,12.075561
2016-04-19 13:00:00,10.59,10.40373,11.802882
2016-04-19 14:00:00,10.94,11.303068,12.611421
2016-04-19 15:00:00,10.8116665,11.275599,11.478457
2016-04-19 16:00:00,11.296667,12.089407,11.936166
2016-04-19 17:00:00,11.11,12.39012,12.142157
2016-04-19 18:00:00,11.083333,11.686174,11.318137
2016-04-19 19:00:00,10.393333,9.936665,10.168264
2016-04-19 20:00:00,9.46,8.762603,9.311873
2016-04-19 21:00:00,8.918333,7.355562,8.1034355
2016-04-19 22:00:00,8.326667,7.3507786,8.049624
2016-04-19 23:00:00,7.4216666,6.7544866,7.244907
2016-04-20 00:00:00,6.655,6.6216817,7.0633106
2016-04-20 01:00:00,5.766667,5.816659,6.384507
2016-04-20 02:00:00,5.085,4.9837995,5.4205513
2016-04-20 03:00:00,4.51,4.6196384,5.267817
2016-04-20 04:00:00,3.93,3.5699942,4.614241
2016-04-20 05:00:00,3.385,2.6162622,3.513068
2016-04-20 06:00:00,3.3566666,2.578081,2.972287
2016-04-20 07:00:00,3.4316666,3.4835405,3.3083055
2016-04-20 08:00:00,4.1783333,5.2436676,4.4554505
2016-04-20 09:00:00,6.19,7.104564,5.955758
2016-04-20 10:00:00,7.2533336,8.30277,7.4010935
2016-04-20 11:00:00,8.108334,8.745783,8.103243
2016-04-20 12:00:00,9.173333,9.000505,8.739525
2016-04-20 13:00:00,10.023334,10.048449,9.861843
2016-04-20 14:00:00,10.9383335,11.095799,10.59082
2016-04-20 15:00:00,11.621667,11.107054,11.320037
2016-04-20 16:00:00,11.788333,10.488527,10.683874
2016-04-20 17:00:00,11.861667,10.597577,10.930347
2016-04-20 18:00:00,12.318334,10.726209,11.16675
2016-04-20 19:00:00,11.26,10.596834,10.794519
2016-04-20 20:00:00,10.491667,9.378299,9.923456
2016-04-20 21:00:00,8.546667,8.220333,8.668799
2016-04-20 22:00:00,7.585,7.389892,7.8977566
2016-04-20 23:00:00,6.2266665,6.1296887,6.4907646
2016-04-21 00:00:00,4.7883334,5.3790946,6.1739483
2016-04-21 01:00:00,3.6366668,3.877665,4.4924793
2016-04-21 02:00:00,2.5433333,3.6528695,4.030805
2016-04-21 03:00:00,1.8383334,2.1906078,2.8349426
2016-04-21 04:00:00,1.1,2.0629573,2.753277
2016-04-21 05:00:00,0.68333334,1.1977451,1.9289086
2016-04-21 06:00:00,0.7416667,0.87856805,0.938661
2016-04-21 07:00:00,2.2316666,1.5019422,1.1355168
2016-04-21 08:00:00,4.135,2.6225052,2.097499
2016-04-21 09:00:00,7.6433334,5.4213943,5.2001915
2016-04-21 10:00:00,10.0,8.236343,7.5105267
2016-04-21 11:00:00,12.02,10.283773,9.732409
2016-04-21 12:00:00,13.156667,11.51366,11.60877
2016-04-21 13:00:00,14.928333,12.97691,13.149986
2016-04-21 14:00:00,16.065,13.378202,13.204629
2016-04-21 15:00:00,16.323334,13.370683,14.320385
2016-04-21 16:00:00,16.61,12.929456,14.788884
2016-04-21 17:00:00,16.761667,13.402303,15.315762
2016-04-21 18:00:00,16.606667,13.041207,14.324171
2016-04-21 19:00:00,15.215,14.102659,15.633997
2016-04-21 20:00:00,14.108334,13.463512,13.774438
2016-04-21 21:00:00,12.07,12.098426,12.510106
2016-04-21 22:00:00,10.316667,10.368438,11.033678
2016-04-21 23:00:00,8.873333,9.181582,9.90914
2016-04-22 00:00:00,7.75,8.682806,8.898279
2016-04-22 01:00:00,6.5,6.656331,6.977671
2016-04-22 02:00:00,5.278333,5.759932,5.779096
2016-04-22 03:00:00,5.153333,4.68648,4.5844846
2016-04-22 04:00:00,5.765,3.903951,3.8323064
2016-04-22 05:00:00,4.465,3.6299841,3.2949102
2016-04-22 06:00:00,3.39,3.8786252,3.085089
2016-04-22 07:00:00,5.008333,4.622379,3.2825284
2016-04-22 08:00:00,6.945,6.0096717,4.2942767
2016-04-22 09:00:00,7.971667,8.949144,7.0407915
2016-04-22 10:00:00,8.443334,12.344643,9.731812
2016-04-22 11:00:00,9.355,13.875494,10.429332
2016-04-22 12:00:00,10.251667,16.017862,12.297509
2016-04-22 13:00:00,11.001667,18.044556,14.599718
2016-04-22 14:00:00,11.838333,18.051392,14.778185
2016-04-22 15:00:00,12.555,16.040659,13.489778
2016-04-22 16:00:00,12.9383335,14.891117,13.307011
2016-04-22 17:00:00,13.066667,13.886752,12.492578
2016-04-22 18:00:00,12.741667,13.212819,12.033719
2016-04-22 19:00:00,11.841666,11.665978,11.046149
2016-04-22 20:00:00,11.0633335,10.393066,10.482351
2016-04-22 21:00:00,10.301666,9.605957,9.595984
2016-04-22 22:00:00,9.395,8.285276,8.407867
2016-04-22 23:00:00,8.791667,7.437976,7.2311563
2016-04-23 00:00:00,7.971667,6.0094285,5.812178
2016-04-23 01:00:00,7.22,5.475324,4.496306
2016-04-23 02:00:00,6.8316665,4.717905,3.8543608
2016-04-23 03:00:00,6.245,4.094137,3.814747
2016-04-23 04:00:00,5.5833335,4.0910554,3.7542675
2016-04-23 05:00:00,5.113333,4.308607,3.624555
2016-04-23 06:00:00,4.6283336,4.305721,3.664018
2016-04-23 07:00:00,4.511667,4.8643703,4.182565
2016-04-23 08:00:00,4.6466665,5.331653,5.3464923
2016-04-23 09:00:00,4.7083335,6.065495,6.1159725
2016-04-23 10:00:00,4.3016667,6.4781394,6.6758246
2016-04-23 11:00:00,4.5016665,7.3638105,7.81627
2016-04-23 12:00:00,4.983333,7.682555,8.236212
2016-04-23 13:00:00,5.4733334,7.8350058,8.164629
2016-04-23 14:00:00,4.39,8.366033,8.525927
2016-04-23 15:00:00,4.73,8.473416,8.155188
2016-04-23 16:00:00,5.4816666,7.9206715,7.3727307
2016-04-23 17:00:00,5.35,7.4388385,6.949863
2016-04-23 18:00:00,5.2316666,6.4191747,6.2268586
2016-04-23 19:00:00,5.2166667,5.812174,5.6670423
2016-04-23 20:00:00,5.11,4.0192466,4.049622
2016-04-23 21:00:00,4.345,3.9581683,4.1499515
2016-04-23 22:00:00,3.3983333,3.9025795,4.457331
2016-04-23 23:00:00,2.8033333,3.5879762,3.4858944
2016-04-24 00:00:00,2.205,3.2100215,3.3817103
2016-04-24 01:00:00,1.8833333,3.0502334,3.5605586
2016-04-24 02:00:00,1.5983334,2.5662208,3.278669
2016-04-24 03:00:00,1.23,0.91967857,1.4619299
2016-04-24 04:00:00,0.9916667,0.18831983,0.74705374
2016-04-24 05:00:00,0.79833335,0.33874142,1.3828624
2016-04-24 06:00:00,0.78,0.8629581,1.4145496
2016-04-24 07:00:00,2.46,1.7046661,1.8610384
2016-04-24 08:00:00,3.2633333,2.6578474,2.365211
2016-04-24 09:00:00,4.03,3.8929656,3.0319955
2016-04-24 10:00:00,4.3683333,5.1275444,3.885915
2016-04-24 11:00:00,4.8283334,5.995078,4.5278373
2016-04-24 12:00:00,4.5016665,6.734389,5.21609
2016-04-24 13:00:00,4.818333,8.577265,7.094064
2016-04-24 14:00:00,3.645,8.368911,6.968283
2016-04-24 15:00:00,6.3416667,8.093009,7.1180005
2016-04-24 16:00:00,6.8416667,7.869996,6.8004518
2016-04-24 17:00:00,7.58,8.173605,6.934145
2016-04-24 18:00:00,6.1033335,6.9865737,5.6443353
2016-04-24 19:00:00,4.971667,5.7970014,5.0584693
2016-04-24 20:00:00,3.8316667,4.382622,4.0349035
2016-04-24 21:00:00,2.5816667,4.666048,4.005838
2016-04-24 22:00:00,1.9316666,4.435788,3.687187
2016-04-24 23:00:00,1.7333333,3.8372362,3.3380969
2016-04-25 00:00:00,1.3,2.727114,2.8872383
2016-04-25 01:00:00,1.1033334,1.6505828,1.8327447
2016-04-25 02:00:00,0.67,0.97005713,1.4015106
2016-04-25 03:00:00,0.6666667,-0.090317726,0.46489218
2016-04-25 04:00:00,0.86333334,-0.10586721,0.7116822
2016-04-25 05:00:00,0.9716667,0.12261906,0.8959571
2016-04-25 06:00:00,1.3466667,0.302812,0.7925904
2016-04-25 07:00:00,1.78,1.1320425,1.1875921
2016-04-25 08:00:00,2.705,2.0409286,1.4165689
2016-04-25 09:00:00,3.7466667,3.8543358,2.794802
2016-04-25 10:00:00,3.8616667,5.2250223,3.9398565
2016-04-25 11:00:00,4.463333,6.1783032,4.6786456
2016-04-25 12:00:00,4.5,6.6387424,5.4299874
2016-04-25 13:00:00,6.365,7.237654,6.2194114
2016-04-25 14:00:00,6.58,7.2009583,6.5596976
2016-04-25 15:00:00,7.125,7.8664384,7.1718426
2016-04-25 16:00:00,7.86,8.139012,7.2172856
2016-04-25 17:00:00,7.096667,8.012626,6.8508554
2016-04-25 18:00:00,6.535,7.769599,6.358085
2016-04-25 19:00:00,5.88,7.4961896,6.447306
2016-04-25 20:00:00,5.133333,5.8703556,5.118077
2016-04-25 21:00:00,4.8,4.951013,4.4851747
2016-04-25 22:00:00,4.4666667,5.5986886,5.0737834
2016-04-25 23:00:00,4.266667,4.4859715,4.42619
2016-04-26 00:00:00,4.116667,3.6836042,3.669637
2016-04-26 01:00:00,3.8883333,3.2397096,3.9253294
2016-04-26 02:00:00,3.6233332,3.266128,4.277556
2016-04-26 03:00:00,3.5383334,3.6419723,4.415362
2016-04-26 04:00:00,3.1783333,4.0837326,4.5043445
2016-04-26 05:00:00,2.6116667,4.4519787,4.3439045
2016-04-26 06:00:00,1.9883333,4.9211392,4.3763313
2016-04-26 07:00:00,2.2766666,5.433905,4.62068
2016-04-26 08:00:00,1.915,6.122335,5.0321717
2016-04-26 09:00:00,1.7966666,6.83958,5.717411
2016-04-26 10:00:00,2.1383333,7.3562727,5.8569617
2016-04-26 11:00:00,4.135,6.083025,4.7901845
2016-04-26 12:00:00,5.008333,7.1518826,6.1741986
2016-04-26 13:00:00,5.3216667,8.603759,7.281244
2016-04-26 14:00:00,6.18,6.1043735,5.1562014
2016-04-26 15:00:00,6.875,6.078012,5.7791557
2016-04-26 16:00:00,7.265,5.9088907,5.547494
2016-04-26 17:00:00,7.008333,7.4186373,6.6818695
2016-04-26 18:00:00,7.005,6.4499846,5.309381
2016-04-26 19:00:00,6.0216665,6.272129,4.820262
2016-04-26 20:00:00,4.99,5.716754,4.4818945
2016-04-26 21:00:00,3.9533334,4.6433315,4.2190204
2016-04-26 22:00:00,3.525,4.1816874,4.139017
2016-04-26 23:00:00,2.7516668,3.7216413,3.9339437
2016-04-27 00:00:00,2.515,3.8951895,3.8579512
2016-04-27 01:00:00,2.3016667,3.3646073,2.7700522
2016-04-27 02:00:00,2.8316667,2.657929,2.525204
2016-04-27 03:00:00,2.9716666,3.1360343,3.183998
2016-04-27 04:00:00,2.8366666,3.1835594,2.997783
2016-04-27 05:00:00,2.8,2.7487524,2.1505842
2016-04-27 06:00:00,2.825,2.9190223,2.2327127
2016-04-27 07:00:00,3.0466666,3.4306977,2.7732656
2016-04-27 08:00:00,3.0833333,4.8055816,4.0894313
2016-04-27 09:00:00,3.5933332,6.218156,4.966286
2016-04-27 10:00:00,4.4583335,7.0682974,5.8795934
2016-04-27 11:00:00,4.9816666,7.8228836,6.549302
2016-04-27 12:00:00,5.761667,7.997608,6.853455
2016-04-27 13:00:00,5.88,7.9289956,6.901585
2016-04-27 14:00:00,6.44,8.151746,7.299813
2016-04-27 15:00:00,6.765,7.5462494,7.3269057
2016-04-27 16:00:00,6.3983335,7.475111,7.6509266
2016-04-27 17:00:00,6.2566667,6.585188,7.649107
2016-04-27 18:00:00,5.8883333,6.5157948,7.5107255
2016-04-27 19:00:00,4.145,6.2033367,6.6518893
2016-04-27 20:00:00,3.2633333,6.038259,6.42429
2016-04-27 21:00:00,3.23,5.786543,5.626689
2016-04-27 22:00:00,3.405,5.099284,4.273621
2016-04-27 23:00:00,3.0016668,4.8033295,4.12722
2016-04-28 00:00:00,2.46,4.2078977,3.5058637
2016-04-28 01:00:00,2.6466668,3.4798388,3.1878743
2016-04-28 02:00:00,2.08,3.1049473,2.9007862
2016-04-28 03:00:00,1.8833333,3.3304,3.5016792
2016-04-28 04:00:00,2.445,3.9138443,3.6252303
2016-04-28 05:00:00,2.74,3.391376,2.1935787
2016-04-28 06:00:00,2.7233334,3.465889,2.2431266
2016-04-28 07:00:00,3.5066667,4.395015,3.5426526
2016-04-28 08:00:00,4.56,4.460596,3.794279
2016-04-28 09:00:00,5.048333,5.631229,5.0265064
2016-04-28 10:00:00,5.298333,6.930942,6.80117
2016-04-28 11:00:00,5.366667,7.8814855,7.3149343
2016-04-28 12:00:00,6.7683334,8.733686,7.9785438
2016-04-28 13:00:00,6.855,8.84685,8.440565
2016-04-28 14:00:00,8.411667,9.554667,9.157591
2016-04-28 15:00:00,8.923333,9.82685,9.458277
2016-04-28 16:00:00,8.535,9.857682,9.231774
2016-04-28 17:00:00,9.176666,9.05728,8.235841
2016-04-28 18:00:00,9.381667,9.462167,8.495672
2016-04-28 19:00:00,8.516666,7.705199,7.111899
2016-04-28 20:00:00,7.3766665,8.178167,7.254831
2016-04-28 21:00:00,5.5,7.1007676,6.8618536
2016-04-28 22:00:00,4.3166666,5.3850284,5.247108
2016-04-28 23:00:00,2.9133334,5.6496224,5.1663475
2016-04-29 00:00:00,1.9983333,5.3899097,5.1162066
2016-04-29 01:00:00,0.85833335,3.7350059,3.3698657
2016-04-29 02:00:00,0.14833333,3.0541978,2.1591527
2016-04-29 03:00:00,-0.375,1.5813056,0.9734006
2016-04-29 04:00:00,-1.0933334,0.7489891,0.6910701
2016-04-29 05:00:00,-1.0966667,0.052108914,0.51194584
2016-04-29 06:00:00,-0.83,-0.13490486,0.25907663
2016-04-29 07:00:00,1.3316667,0.5125617,0.9032775
2016-04-29 08:00:00,3.5666666,2.512083,2.7708297
2016-04-29 09:00:00,7.346667,5.191757,4.71884
2016-04-29 10:00:00,9.915,6.7808337,6.3873925
2016-04-29 11:00:00,10.878333,8.044355,8.3816
2016-04-29 12:00:00,11.225,8.8911,9.378003
2016-04-29 13:00:00,11.431666,10.186804,10.618649
2016-04-29 14:00:00,11.521667,10.655891,11.062876
2016-04-29 15:00:00,12.128333,12.205882,12.722938
2016-04-29 16:00:00,12.681666,13.480839,13.231701
2016-04-29 17:00:00,12.941667,13.405435,12.81299
2016-04-29 18:00:00,13.13,13.33073,12.917828
2016-04-29 19:00:00,11.995,12.495227,11.950224
2016-04-29 20:00:00,11.216666,10.943319,10.661068
2016-04-29 21:00:00,10.056666,10.362526,10.201245
2016-04-29 22:00:00,8.136666,9.441916,9.207946
2016-04-29 23:00:00,6.386667,8.757656,8.615976
2016-04-30 00:00:00,4.91,8.373479,8.227045
2016-04-30 01:00:00,3.7383332,6.7372737,6.775741
2016-04-30 02:00:00,3.6016667,6.1285067,5.813761
2016-04-30 03:00:00,2.815,5.0702105,4.6009474
2016-04-30 04:00:00,2.0583334,3.4881668,3.2219622
2016-04-30 05:00:00,1.6566666,2.3108563,2.4473891
2016-04-30 06:00:00,1.6616666,1.9501464,2.0169806
2016-04-30 07:00:00,2.3816667,2.7511492,2.5736272
2016-04-30 08:00:00,3.7966666,5.505926,5.873077
2016-04-30 09:00:00,6.64,7.6454034,7.2095284
2016-04-30 10:00:00,11.073334,9.814304,10.150563
2016-04-30 11:00:00,14.118333,11.481495,12.349631
2016-04-30 12:00:00,16.056667,12.107504,13.184619
2016-04-30 13:00:00,16.86,12.9956455,13.806474
2016-04-30 14:00:00,17.72,12.957838,13.620758
2016-04-30 15:00:00,17.456667,12.95506,14.658629
2016-04-30 16:00:00,17.253334,14.362226,16.417528
2016-04-30 17:00:00,16.456667,14.745382,16.083607
2016-04-30 18:00:00,16.445,16.079224,16.957857
2016-04-30 19:00:00,15.955,16.200459,15.961465
2016-04-30 20:00:00,14.553333,15.071964,15.039821
2016-04-30 21:00:00,11.888333,12.376859,12.376727
2016-04-30 22:00:00,10.795,11.149664,11.388299
2016-04-30 23:00:00,9.515,9.112478,9.544856
2016-05-01 00:00:00,8.231667,9.104234,9.080473
2016-05-01 01:00:00,7.4266667,8.480463,8.237879
2016-05-01 02:00:00,6.9766665,7.3600297,7.1560082
2016-05-01 03:00:00,6.633333,5.8692136,5.9106383
2016-05-01 04:00:00,6.245,5.4818087,5.2660203
2016-05-01 05:00:00,6.0033336,5.1655784,5.0826592
2016-05-01 06:00:00,5.82,4.8181067,5.244839
2016-05-01 07:00:00,6.113333,5.107256,5.866708
2016-05-01 08:00:00,6.785,6.8594418,6.879657
2016-05-01 09:00:00,8.058333,8.855191,7.8859305
2016-05-01 10:00:00,9.538333,10.601948,8.7748165
2016-05-01 11:00:00,10.826667,11.634282,9.6438465
2016-05-01 12:00:00,12.225,12.015674,10.610583
2016-05-01 13:00:00,14.038333,12.475158,11.44763
2016-05-01 14:00:00,15.481667,12.318622,11.65112
2016-05-01 15:00:00,15.861667,13.278639,12.880741
2016-05-01 16:00:00,16.045,14.1254225,13.2437525
2016-05-01 17:00:00,15.866667,14.169477,13.885066
2016-05-01 18:00:00,16.011667,14.579421,14.417519
2016-05-01 19:00:00,15.383333,15.032834,14.860771
2016-05-01 20:00:00,14.21,13.930675,14.050075
2016-05-01 21:00:00,13.098333,12.112594,12.786031
2016-05-01 22:00:00,11.893333,10.731635,11.39229
2016-05-01 23:00:00,10.103333,9.676529,10.496986
2016-05-02 00:00:00,8.991667,9.734027,10.262091
2016-05-02 01:00:00,7.2733335,9.29844,9.729054
2016-05-02 02:00:00,6.1783333,8.056563,8.366386
2016-05-02 03:00:00,5.8483334,6.950447,7.176004
2016-05-02 04:00:00,4.9083333,5.7376676,6.197799
2016-05-02 05:00:00,4.346667,4.970346,4.9215293
2016-05-02 06:00:00,4.275,5.4628816,5.4571376
2016-05-02 07:00:00,6.125,6.1624465,5.7383094
2016-05-02 08:00:00,8.751667,7.9092264,7.3582582
2016-05-02 09:00:00,10.208333,10.988502,11.193925
2016-05-02 10:00:00,12.263333,13.781366,12.662224
2016-05-02 11:00:00,13.541667,15.274533,14.081224
2016-05-02 12:00:00,14.621667,16.958555,15.317446
2016-05-02 13:00:00,15.37,19.269165,17.1032
2016-05-02 14:00:00,15.91,19.682259,17.034143
2016-05-02 15:00:00,16.216667,18.96276,16.703255
2016-05-02 16:00:00,16.368334,18.549026,17.414429
2016-05-02 17:00:00,16.693333,17.87357,17.50073
2016-05-02 18:00:00,17.013334,17.409264,17.083439
2016-05-02 19:00:00,16.103333,16.537846,16.26095
2016-05-02 20:00:00,14.941667,14.921905,15.067094
2016-05-02 21:00:00,13.285,13.160904,13.657319
2016-05-02 22:00:00,12.041667,11.802242,12.076813
2016-05-02 23:00:00,10.016666,11.202175,11.018493
2016-05-03 00:00:00,8.683333,10.878666,10.281761
2016-05-03 01:00:00,7.2816668,9.332715,8.945893
2016-05-03 02:00:00,5.905,8.5150385,8.055731
2016-05-03 03:00:00,4.8033333,7.0516996,6.7662263
2016-05-03 04:00:00,4.1883335,6.315166,6.251724
2016-05-03 05:00:00,3.55,5.3649464,4.918911
2016-05-03 06:00:00,3.7933333,5.511838,5.1203303
2016-05-03 07:00:00,6.016667,5.7545323,5.464572
2016-05-03 08:00:00,8.395,7.515281,7.5883875
2016-05-03 09:00:00,11.248333,10.201294,10.991223
2016-05-03 10:00:00,14.69,12.48095,14.15915
2016-05-03 11:00:00,16.831667,14.546602,16.206247
2016-05-03 12:00:00,17.231667,15.147009,17.381216
2016-05-03 13:00:00,16.561666,16.870598,18.56012
2016-05-03 14:00:00,16.541666,16.882923,18.869774
2016-05-03 15:00:00,14.481667,16.869947,19.576908
2016-05-03 16:00:00,12.7,16.656834,20.080015
2016-05-03 17:00:00,11.381667,16.89256,19.299915
2016-05-03 18:00:00,10.441667,16.355627,17.224
2016-05-03 19:00:00,9.1,14.570838,15.044055
2016-05-03 20:00:00,8.098333,13.402731,13.75145
2016-05-03 21:00:00,7.905,9.988622,10.497065
2016-05-03 22:00:00,7.7566667,8.011522,8.166124
2016-05-03 23:00:00,7.613333,7.5717707,7.7627964
2016-05-04 00:00:00,7.58,6.406149,6.781665
2016-05-04 01:00:00,7.54,5.9629207,6.343099
2016-05-04 02:00:00,6.81,5.3881607,6.3873096
2016-05-04 03:00:00,6.0616665,5.3317666,6.51344
2016-05-04 04:00:00,5.423333,4.688292,5.993978
2016-05-04 05:00:00,4.5783334,4.606168,5.805995
2016-05-04 06:00:00,4.605,5.078783,5.870429
2016-05-04 07:00:00,4.7433333,6.3212867,6.551986
2016-05-04 08:00:00,5.8483334,6.9827576,6.63152
2016-05-04 09:00:00,7.1216664,8.501239,7.536497
2016-05-04 10:00:00,7.66,9.73897,8.858487
2016-05-04 11:00:00,9.088333,9.562316,8.658611
2016-05-04 12:00:00,9.983334,10.194944,9.54796
2016-05-04 13:00:00,10.681666,10.658753,10.340065
2016-05-04 14:00:00,11.236667,10.376815,9.924324
2016-05-04 15:00:00,12.03,11.816175,11.380255
2016-05-04 16:00:00,12.34,11.844954,11.114906
2016-05-04 17:00:00,12.445,12.880754,12.07298
2016-05-04 18:00:00,12.548333,12.488294,11.929924
2016-05-04 19:00:00,11.726666,11.590801,11.730581
2016-05-04 20:00:00,10.5616665,10.262551,10.9473915
2016-05-04 21:00:00,9.123333,8.972951,9.927389
2016-05-04 22:00:00,8.906667,7.778189,8.537213
2016-05-04 23:00:00,8.718333,6.6356378,7.337823
2016-05-05 00:00:00,8.4,6.746274,6.574075
2016-05-05 01:00:00,7.971667,4.8067355,5.235441
2016-05-05 02:00:00,7.7116666,3.7169845,4.0738497
2016-05-05 03:00:00,7.4966664,4.0281515,4.780718
2016-05-05 04:00:00,7.4216666,3.5922637,5.431454
2016-05-05 05:00:00,7.2283335,4.1429925,5.252145
2016-05-05 06:00:00,7.8083334,5.0357866,5.524624
2016-05-05 07:00:00,9.93,6.453504,6.338808
2016-05-05 08:00:00,10.3133335,8.448546,8.20911
2016-05-05 09:00:00,11.925,9.37391,9.898362
2016-05-05 10:00:00,13.001667,10.588173,11.18991
2016-05-05 11:00:00,13.586667,11.730672,12.390486
2016-05-05 12:00:00,14.576667,12.721714,14.017987
2016-05-05 13:00:00,15.701667,13.791765,15.19172
2016-05-05 14:00:00,16.788334,13.55629,14.262337
2016-05-05 15:00:00,17.765,15.015049,16.560244
2016-05-05 16:00:00,17.818333,15.585526,16.052225
2016-05-05 17:00:00,17.641666,15.835644,16.73121
2016-05-05 18:00:00,17.631666,16.507463,16.804483
2016-05-05 19:00:00,16.761667,17.172102,17.156664
2016-05-05 20:00:00,15.593333,17.049505,16.684177
2016-05-05 21:00:00,14.428333,15.751061,15.420328
2016-05-05 22:00:00,13.65,13.511038,13.402166
2016-05-05 23:00:00,13.185,12.120088,12.23562
2016-05-06 00:00:00,12.218333,12.371053,11.67587
2016-05-06 01:00:00,11.61,11.676263,10.567022
2016-05-06 02:00:00,10.45,10.276272,9.283217
2016-05-06 03:00:00,8.955,8.897439,8.6424
2016-05-06 04:00:00,7.975,8.716532,8.645833
2016-05-06 05:00:00,7.0316668,9.533036,9.038385
2016-05-06 06:00:00,7.838333,9.769791,9.063258
2016-05-06 07:00:00,9.903334,11.325724,10.059647
2016-05-06 08:00:00,12.37,12.820326,11.218919
2016-05-06 09:00:00,15.385,14.755266,12.806894
2016-05-06 10:00:00,17.613333,17.814926,16.124432
2016-05-06 11:00:00,19.15,18.936945,17.73754
2016-05-06 12:00:00,20.368334,20.22769,19.367811
2016-05-06 13:00:00,21.395,20.558863,19.767286
2016-05-06 14:00:00,22.04,21.556395,20.530867
2016-05-06 15:00:00,22.835,22.65401,21.572432
2016-05-06 16:00:00,23.238333,22.21089,21.948317
2016-05-06 17:00:00,23.18,22.283607,22.301355
2016-05-06 18:00:00,23.32,22.014027,22.038815
2016-05-06 19:00:00,22.276667,21.323582,21.17131
2016-05-06 20:00:00,20.393333,19.921118,19.639517
2016-05-06 21:00:00,18.858334,19.067717,18.363478
2016-05-06 22:00:00,17.565,17.903091,16.788145
2016-05-06 23:00:00,16.87,16.507862,15.639236
2016-05-07 00:00:00,16.09,15.791463,15.207244
2016-05-07 01:00:00,15.183333,14.664673,14.014335
2016-05-07 02:00:00,12.878333,13.186349,12.805061
2016-05-07 03:00:00,11.376667,11.881353,11.606306
2016-05-07 04:00:00,10.065,11.532796,11.254277
2016-05-07 05:00:00,8.906667,12.126867,11.603927
2016-05-07 06:00:00,9.53,12.68348,11.958952
2016-05-07 07:00:00,11.433333,13.797655,12.825321
2016-05-07 08:00:00,14.663333,14.212602,13.159354
2016-05-07 09:00:00,17.815,16.123674,16.318174
2016-05-07 10:00:00,20.113333,18.556408,19.893713
2016-05-07 11:00:00,20.723333,18.993902,20.74871
2016-05-07 12:00:00,21.498333,20.805885,22.29127
2016-05-07 13:00:00,22.121666,22.081726,24.214645
2016-05-07 14:00:00,22.366667,23.316933,25.34647
2016-05-07 15:00:00,22.69,24.099415,25.511951
2016-05-07 16:00:00,22.793333,23.794756,24.825872
2016-05-07 17:00:00,22.778334,22.81,23.993948
2016-05-07 18:00:00,22.646667,22.001947,22.89954
2016-05-07 19:00:00,21.818333,20.685696,21.255438
2016-05-07 20:00:00,20.581667,18.987864,19.617426
2016-05-07 21:00:00,19.118334,17.992495,18.32736
2016-05-07 22:00:00,17.635,16.744402,16.731142
2016-05-07 23:00:00,16.385,15.391712,15.712555
2016-05-08 00:00:00,15.468333,14.880597,15.014022
2016-05-08 01:00:00,14.735,14.061297,13.924179
2016-05-08 02:00:00,14.47,13.067888,12.868727
2016-05-08 03:00:00,13.906667,11.913566,11.7952795
2016-05-08 04:00:00,13.243333,10.247962,10.285944
2016-05-08 05:00:00,11.941667,9.611894,10.069895
2016-05-08 06:00:00,11.555,10.672057,11.232254
2016-05-08 07:00:00,12.765,12.260905,12.671091
2016-05-08 08:00:00,14.961667,14.571965,14.694865
2016-05-08 09:00:00,16.303333,16.870865,16.739422
2016-05-08 10:00:00,17.25,17.91148,19.134895
2016-05-08 11:00:00,18.588333,17.025219,20.371206
2016-05-08 12:00:00,19.678333,16.992023,20.851067
2016-05-08 13:00:00,20.411667,17.597633,20.91316
2016-05-08 14:00:00,20.816668,19.452675,22.08904
2016-05-08 15:00:00,20.986666,20.044704,21.545652
2016-05-08 16:00:00,21.281666,20.462309,21.443691
2016-05-08 17:00:00,21.331667,21.226532,21.796886
2016-05-08 18:00:00,21.411667,20.805738,20.893654
2016-05-08 19:00:00,20.931667,20.283176,20.009491
2016-05-08 20:00:00,19.641666,18.903053,18.733866
2016-05-08 21:00:00,18.48,17.15854,16.832815
2016-05-08 22:00:00,17.451666,16.24404,16.078066
2016-05-08 23:00:00,16.415,15.380157,15.072925
2016-05-09 00:00:00,15.068334,15.118334,14.608137
2016-05-09 01:00:00,13.588333,14.418378,13.742552
2016-05-09 02:00:00,12.731667,13.590185,13.102047
2016-05-09 03:00:00,11.7,12.68505,12.419323
2016-05-09 04:00:00,11.483334,11.991796,11.808373
2016-05-09 05:00:00,11.626667,11.607886,11.714393
2016-05-09 06:00:00,12.471666,11.163975,11.747996
2016-05-09 07:00:00,13.333333,12.234038,12.64114
2016-05-09 08:00:00,14.941667,14.600816,15.234718
2016-05-09 09:00:00,16.855,16.070549,16.9898
2016-05-09 10:00:00,17.838333,17.644175,19.117317
2016-05-09 11:00:00,19.086666,18.28887,19.41432
2016-05-09 12:00:00,20.02,18.98815,20.330006
2016-05-09 13:00:00,20.881666,19.472708,20.235546
2016-05-09 14:00:00,21.631666,21.079966,21.883184
2016-05-09 15:00:00,22.431667,21.635,22.193834
2016-05-09 16:00:00,22.848333,20.882336,21.353935
2016-05-09 17:00:00,22.965,21.907318,22.16756
2016-05-09 18:00:00,22.758333,21.601086,21.649376
2016-05-09 19:00:00,21.92,20.76612,20.967508
2016-05-09 20:00:00,20.71,19.349289,19.603802
2016-05-09 21:00:00,19.691668,18.579592,18.535753
2016-05-09 22:00:00,18.398333,17.462088,17.12276
2016-05-09 23:00:00,17.221666,16.328304,16.09091
2016-05-10 00:00:00,16.058332,15.646469,15.536742
2016-05-10 01:00:00,15.31,14.691033,14.459241
2016-05-10 02:00:00,14.83,13.560033,13.264039
2016-05-10 03:00:00,13.51,13.106816,12.872785
2016-05-10 04:00:00,12.15,11.996179,11.801525
2016-05-10 05:00:00,10.821667,11.454315,11.413116
2016-05-10 06:00:00,11.423333,12.157862,12.130209
2016-05-10 07:00:00,13.923333,13.982041,14.252186
2016-05-10 08:00:00,15.155,16.080336,16.529354
2016-05-10 09:00:00,17.35,16.488083,17.449244
2016-05-10 10:00:00,19.871666,17.605663,19.211668
2016-05-10 11:00:00,20.638334,18.399656,20.505068
2016-05-10 12:00:00,21.308332,20.193758,22.584532
2016-05-10 13:00:00,22.098333,21.687561,24.286463
2016-05-10 14:00:00,22.926666,20.65315,22.82335
2016-05-10 15:00:00,23.121666,22.29577,24.025484
2016-05-10 16:00:00,23.291666,23.124756,24.346436
2016-05-10 17:00:00,23.266666,22.630943,23.068209
2016-05-10 18:00:00,22.843334,21.815845,21.776964
2016-05-10 19:00:00,21.975,20.586567,20.676022
2016-05-10 20:00:00,20.763334,19.849117,19.997583
2016-05-10 21:00:00,19.413334,18.615362,18.465815
2016-05-10 22:00:00,17.951666,17.570599,17.39231
2016-05-10 23:00:00,16.963333,16.483822,16.23803
2016-05-11 00:00:00,16.173334,15.627438,15.689129
2016-05-11 01:00:00,14.88,14.663879,14.743783
2016-05-11 02:00:00,14.2,14.080997,14.112756
2016-05-11 03:00:00,12.113334,13.172094,13.137444
2016-05-11 04:00:00,11.391666,12.873474,12.726618
2016-05-11 05:00:00,10.576667,13.258506,12.655634
2016-05-11 06:00:00,11.306666,13.992749,13.436715
2016-05-11 07:00:00,13.8133335,14.751772,14.22675
2016-05-11 08:00:00,15.766666,17.00946,16.932705
2016-05-11 09:00:00,16.636667,17.207071,17.49725
2016-05-11 10:00:00,18.043333,18.379747,19.850037
2016-05-11 11:00:00,19.423334,18.461445,20.7977
2016-05-11 12:00:00,20.491667,20.011852,22.646486
2016-05-11 13:00:00,20.971666,22.2181,25.221174
2016-05-11 14:00:00,21.023333,22.677546,24.953188
2016-05-11 15:00:00,20.486666,21.486193,23.337778
2016-05-11 16:00:00,20.661667,21.185244,22.74983
2016-05-11 17:00:00,20.846666,20.905167,22.06253
2016-05-11 18:00:00,20.941668,20.044487,20.749886
2016-05-11 19:00:00,20.318333,19.30647,19.680693
2016-05-11 20:00:00,19.57,17.787882,18.059624
2016-05-11 21:00:00,18.766666,15.753096,15.624279
2016-05-11 22:00:00,18.14,14.861855,15.167008
2016-05-11 23:00:00,16.971666,14.128277,14.363582
2016-05-12 00:00:00,16.131666,13.837429,14.27251
2016-05-12 01:00:00,15.485,13.239089,13.534949
2016-05-12 02:00:00,14.823334,12.907194,13.177542
2016-05-12 03:00:00,14.451667,12.604629,12.85974
2016-05-12 04:00:00,13.743333,12.437875,12.757397
2016-05-12 05:00:00,13.136666,11.614572,12.000713
2016-05-12 06:00:00,13.788333,11.523597,11.85575
2016-05-12 07:00:00,14.823334,13.178497,13.241798
2016-05-12 08:00:00,15.98,14.855625,15.411469
2016-05-12 09:00:00,17.68,15.591691,16.493658
2016-05-12 10:00:00,18.673334,15.397146,16.983353
2016-05-12 11:00:00,20.188334,15.060959,17.649666
2016-05-12 12:00:00,20.156666,15.091961,17.593204
2016-05-12 13:00:00,20.605,15.924912,18.462353
2016-05-12 14:00:00,20.815,16.201498,18.340593
2016-05-12 15:00:00,21.405,17.915842,20.247063
2016-05-12 16:00:00,22.016666,18.405157,19.912344
2016-05-12 17:00:00,21.428333,18.783092,20.292543
2016-05-12 18:00:00,17.5,17.399055,18.418295
2016-05-12 19:00:00,14.635,16.557571,17.794577
2016-05-12 20:00:00,14.288333,15.535386,16.645985
2016-05-12 21:00:00,14.28,15.149601,16.083855
2016-05-12 22:00:00,13.591666,14.868727,15.71432
2016-05-12 23:00:00,13.16,13.421335,14.048985
2016-05-13 00:00:00,13.466666,10.96557,11.971154
2016-05-13 01:00:00,13.921667,10.42523,10.951976
2016-05-13 02:00:00,13.376667,10.553693,10.682562
2016-05-13 03:00:00,13.246667,10.7544,10.745468
2016-05-13 04:00:00,12.85,11.164475,11.085753
2016-05-13 05:00:00,12.4366665,10.446959,10.849928
2016-05-13 06:00:00,12.053333,10.55206,10.917069
2016-05-13 07:00:00,11.776667,11.071153,11.7546835
2016-05-13 08:00:00,12.423333,11.596292,12.511119
2016-05-13 09:00:00,13.183333,11.983484,13.26163
2016-05-13 10:00:00,14.475,12.520966,14.125806
2016-05-13 11:00:00,15.045,12.679039,14.409277
2016-05-13 12:00:00,16.53,13.034104,14.6942215
2016-05-13 13:00:00,18.396667,13.720396,15.003791
2016-05-13 14:00:00,19.163334,14.098418,15.399936
2016-05-13 15:00:00,19.683332,14.108109,15.615179
2016-05-13 16:00:00,20.083334,14.257483,15.970736
2016-05-13 17:00:00,20.446667,13.895693,15.85342
2016-05-13 18:00:00,20.52,15.39846,16.758772
2016-05-13 19:00:00,19.478333,15.296992,16.179544
2016-05-13 20:00:00,17.451666,14.742004,15.435902
2016-05-13 21:00:00,15.8133335,14.034954,14.524352
2016-05-13 22:00:00,14.905,13.378762,13.9559
2016-05-13 23:00:00,13.978333,12.584962,12.997895
2016-05-14 00:00:00,13.095,11.729605,12.109857
2016-05-14 01:00:00,12.915,10.609546,11.234604
2016-05-14 02:00:00,11.808333,9.471941,9.950589
2016-05-14 03:00:00,11.221666,9.326963,9.472405
2016-05-14 04:00:00,10.53,9.708424,9.633226
2016-05-14 05:00:00,9.57,10.447993,9.925459
2016-05-14 06:00:00,8.875,9.920839,9.960168
2016-05-14 07:00:00,9.0633335,10.775177,10.889028
2016-05-14 08:00:00,9.618333,11.521113,11.741266
2016-05-14 09:00:00,8.463333,12.851135,13.705606
2016-05-14 10:00:00,8.771667,13.521109,15.241106
2016-05-14 11:00:00,9.718333,12.851107,14.241081
2016-05-14 12:00:00,10.76,11.954087,12.577299
2016-05-14 13:00:00,10.5633335,11.950195,12.821969
2016-05-14 14:00:00,10.706667,11.867157,12.255066
2016-05-14 15:00:00,11.095,11.571505,11.56722
2016-05-14 16:00:00,10.995,10.82829,10.671624
2016-05-14 17:00:00,10.738334,11.289162,10.982693
2016-05-14 18:00:00,10.425,11.330241,10.680765
2016-05-14 19:00:00,9.875,10.388203,9.452146
2016-05-14 20:00:00,8.881667,8.855345,8.007171
2016-05-14 21:00:00,8.053333,7.3739843,6.975864
2016-05-14 22:00:00,6.9016666,6.4193997,6.3240476
2016-05-14 23:00:00,6.161667,5.895248,6.042323
2016-05-15 00:00:00,6.173333,5.461529,5.6346183
2016-05-15 01:00:00,5.7516665,5.123502,5.5674944
2016-05-15 02:00:00,5.0233335,4.3975177,5.289588
2016-05-15 03:00:00,4.5066667,4.033172,4.6006527
2016-05-15 04:00:00,4.133333,3.8006802,4.45583
2016-05-15 05:00:00,4.64,3.8191195,4.5671406
2016-05-15 06:00:00,5.233333,4.914492,5.278401
2016-05-15 07:00:00,5.6783333,5.4712305,5.768992
2016-05-15 08:00:00,6.305,6.3048587,5.826517
2016-05-15 09:00:00,7.511667,7.6630783,6.655446
2016-05-15 10:00:00,8.26,8.436175,7.195687
2016-05-15 11:00:00,8.306666,9.26914,7.819129
2016-05-15 12:00:00,8.353333,9.851415,8.268057
2016-05-15 13:00:00,7.5733333,10.177509,8.642043
2016-05-15 14:00:00,9.991667,10.639144,9.126892
2016-05-15 15:00:00,8.363334,11.266214,9.760987
2016-05-15 16:00:00,9.293333,11.448061,9.928289
2016-05-15 17:00:00,10.185,10.879542,9.478234
2016-05-15 18:00:00,9.97,9.792163,8.770885
2016-05-15 19:00:00,7.825,8.429708,7.7067184
2016-05-15 20:00:00,6.7816668,9.867533,8.995138
2016-05-15 21:00:00,5.9966664,6.9387136,6.948352
2016-05-15 22:00:00,5.935,7.7942467,7.1958437
2016-05-15 23:00:00,6.011667,7.701812,7.3736854
2016-05-16 00:00:00,5.8133335,6.601982,6.305319
2016-05-16 01:00:00,6.0033336,4.7663693,4.897059
2016-05-16 02:00:00,5.8683333,5.0798626,4.813457
2016-05-16 03:00:00,5.4733334,4.24119,4.685119
2016-05-16 04:00:00,4.9483333,4.447923,5.04258
2016-05-16 05:00:00,5.1016665,4.4044123,5.2713227
2016-05-16 06:00:00,5.42,5.0797815,5.5106406
2016-05-16 07:00:00,5.955,6.5405097,6.682437
2016-05-16 08:00:00,6.9466667,7.9019356,7.5337224
2016-05-16 09:00:00,8.096666,8.676069,7.82667
2016-05-16 10:00:00,8.603333,9.264218,8.214919
2016-05-16 11:00:00,7.835,9.982815,9.0935135
2016-05-16 12:00:00,8.911667,10.432402,9.5758095
2016-05-16 13:00:00,9.621667,10.614387,9.9213295
2016-05-16 14:00:00,10.718333,10.849386,10.42787
2016-05-16 15:00:00,11.603333,11.659882,11.316445
2016-05-16 16:00:00,11.205,11.536283,11.137093
2016-05-16 17:00:00,11.648334,10.546537,10.261984
2016-05-16 18:00:00,11.405,10.876932,10.349083
2016-05-16 19:00:00,10.266666,9.54849,9.234657
2016-05-16 20:00:00,9.196667,9.693895,9.659514
2016-05-16 21:00:00,8.74,8.574892,8.58502
2016-05-16 22:00:00,8.31,7.377342,7.317951
2016-05-16 23:00:00,7.9683332,7.0617375,6.895982
2016-05-17 00:00:00,7.846667,6.974198,6.782086
2016-05-17 01:00:00,7.7766666,5.6799107,5.3031325
2016-05-17 02:00:00,7.595,5.0301805,4.5513835
2016-05-17 03:00:00,7.0066667,4.942475,4.575914
2016-05-17 04:00:00,6.3983335,4.9995832,4.9623294
2016-05-17 05:00:00,6.4166665,5.1977367,5.5608897
2016-05-17 06:00:00,6.8966665,5.9206123,6.3243275
2016-05-17 07:00:00,7.4166665,7.2456613,7.2489133
2016-05-17 08:00:00,7.89,8.640353,8.265795
2016-05-17 09:00:00,8.553333,9.459133,8.764439
2016-05-17 10:00:00,9.401667,10.064805,9.27609
2016-05-17 11:00:00,10.555,10.487004,9.807343
2016-05-17 12:00:00,10.576667,11.319565,10.655104
2016-05-17 13:00:00,11.325,11.737642,10.866913
2016-05-17 14:00:00,11.9,11.39509,10.549957
2016-05-17 15:00:00,11.6866665,11.9550905,11.258441
2016-05-17 16:00:00,12.48,11.681546,11.021266
2016-05-17 17:00:00,12.921667,12.657244,12.05273
2016-05-17 18:00:00,12.713333,11.897803,11.38008
2016-05-17 19:00:00,12.223333,11.276159,11.09684
2016-05-17 20:00:00,11.733334,9.852661,9.93091
2016-05-17 21:00:00,11.253333,9.294384,9.497064
2016-05-17 22:00:00,11.041667,9.170691,8.887526
2016-05-17 23:00:00,10.905,9.163054,8.906767
2016-05-18 00:00:00,10.823334,8.889898,8.456045
2016-05-18 01:00:00,10.645,8.380049,8.252191
2016-05-18 02:00:00,10.425,7.9461675,8.125145
2016-05-18 03:00:00,10.206667,7.644072,7.9800496
2016-05-18 04:00:00,9.518333,7.7605996,8.198918
2016-05-18 05:00:00,9.286667,8.148524,8.669922
2016-05-18 06:00:00,9.26,8.847271,9.279716
2016-05-18 07:00:00,9.465,9.918003,9.993031
2016-05-18 08:00:00,10.921667,11.2703705,11.131773
2016-05-18 09:00:00,13.448334,12.663352,12.609229
2016-05-18 10:00:00,14.9,12.611542,12.765573
2016-05-18 11:00:00,15.783334,12.787191,13.1409855
2016-05-18 12:00:00,15.696667,13.249603,13.669356
2016-05-18 13:00:00,16.5,13.714084,14.006328
2016-05-18 14:00:00,16.81,15.12905,15.443476
2016-05-18 15:00:00,17.088333,17.503508,17.645422
2016-05-18 16:00:00,16.661667,18.08207,17.574957
2016-05-18 17:00:00,16.741667,16.941755,16.882181
2016-05-18 18:00:00,16.89,16.183256,15.978736
2016-05-18 19:00:00,16.776667,15.752628,15.656215
2016-05-18 20:00:00,16.088333,13.734996,13.613451
2016-05-18 21:00:00,14.808333,13.031009,13.120421
2016-05-18 22:00:00,13.03,11.850882,11.854378
2016-05-18 23:00:00,11.711667,11.389578,11.218985
2016-05-19 00:00:00,9.905,11.134488,10.746
2016-05-19 01:00:00,9.915,11.149241,10.247995
2016-05-19 02:00:00,9.993333,9.77792,9.374325
2016-05-19 03:00:00,9.476666,9.216398,8.669067
2016-05-19 04:00:00,9.435,8.406338,7.908987
2016-05-19 05:00:00,9.876667,8.379849,7.5308857
2016-05-19 06:00:00,8.505,8.159941,7.0683866
2016-05-19 07:00:00,9.508333,10.766899,9.588331
2016-05-19 08:00:00,10.985,12.9774,12.05132
2016-05-19 09:00:00,11.681666,14.692256,13.013154
2016-05-19 10:00:00,11.63,15.611088,14.191055
2016-05-19 11:00:00,12.018333,16.28641,14.943578
2016-05-19 12:00:00,13.211667,16.484255,13.873337
2016-05-19 13:00:00,14.703333,17.2015,14.299216
2016-05-19 14:00:00,15.845,16.995499,14.99832
2016-05-19 15:00:00,16.596666,16.003605,14.564352
2016-05-19 16:00:00,17.443333,14.919011,13.734344
2016-05-19 17:00:00,17.185,14.826964,13.694714
2016-05-19 18:00:00,16.885,15.481075,14.458215
2016-05-19 19:00:00,16.33,14.970209,14.503236
2016-05-19 20:00:00,15.41,14.169181,13.566549
2016-05-19 21:00:00,14.405,13.096196,12.6514225
2016-05-19 22:00:00,14.28,13.048381,12.810333
2016-05-19 23:00:00,13.815,11.86035,11.719128
2016-05-20 00:00:00,13.97,11.536157,11.560365
2016-05-20 01:00:00,12.526667,10.867563,11.149762
2016-05-20 02:00:00,11.408334,10.227438,10.829647
2016-05-20 03:00:00,10.041667,9.533211,10.122389
2016-05-20 04:00:00,8.821667,10.004043,10.405498
2016-05-20 05:00:00,8.09,10.55707,10.671256
2016-05-20 06:00:00,9.183333,11.902022,11.812092
2016-05-20 07:00:00,10.11,12.028923,11.25532
2016-05-20 08:00:00,11.88,13.493175,12.671589
2016-05-20 09:00:00,15.161667,15.805004,14.790293
2016-05-20 10:00:00,16.985,17.32785,16.582186
2016-05-20 11:00:00,18.198334,18.195583,17.893202
2016-05-20 12:00:00,18.531666,19.616997,19.699898
2016-05-20 13:00:00,18.823334,19.84494,19.714054
2016-05-20 14:00:00,19.145,20.23136,20.195547
2016-05-20 15:00:00,19.325,21.046038,21.559069
2016-05-20 16:00:00,19.636667,19.703262,20.362127
2016-05-20 17:00:00,19.42,19.705557,20.56597
2016-05-20 18:00:00,19.188334,18.77883,19.425114
2016-05-20 19:00:00,18.431667,17.72574,17.962006
2016-05-20 20:00:00,17.716667,16.699615,16.835855
2016-05-20 21:00:00,16.96,15.266224,15.350887
2016-05-20 22:00:00,16.125,14.542778,14.283599
2016-05-20 23:00:00,15.338333,13.796442,13.386685
2016-05-21 00:00:00,14.56,12.84418,12.563704
2016-05-21 01:00:00,13.835,11.707953,11.625078
2016-05-21 02:00:00,13.518333,11.2154455,11.247501
2016-05-21 03:00:00,13.31,11.004046,11.222518
2016-05-21 04:00:00,12.5616665,10.8301935,10.977476
2016-05-21 05:00:00,12.58,10.972279,10.965311
2016-05-21 06:00:00,12.71,11.582674,11.234005
2016-05-21 07:00:00,13.59,12.8311615,12.300403
2016-05-21 08:00:00,16.046667,14.82753,14.392411
2016-05-21 09:00:00,17.783333,16.283604,17.070621
2016-05-21 10:00:00,18.773333,16.90605,17.79554
2016-05-21 11:00:00,19.686666,17.099598,18.301933
2016-05-21 12:00:00,20.581667,17.072378,18.444271
2016-05-21 13:00:00,21.09,17.940998,19.489645
2016-05-21 14:00:00,21.441668,20.149656,21.531706
2016-05-21 15:00:00,21.83,20.652739,21.157854
2016-05-21 16:00:00,21.72,21.197742,21.281815
2016-05-21 17:00:00,21.895,21.76975,21.582644
2016-05-21 18:00:00,22.731667,21.300528,21.121916
2016-05-21 19:00:00,22.018333,20.372131,20.378807
2016-05-21 20:00:00,20.806667,19.399555,19.061846
2016-05-21 21:00:00,18.596666,18.336058,17.79711
2016-05-21 22:00:00,16.86,16.697802,16.144844
2016-05-21 23:00:00,15.601666,15.6250515,15.278964
2016-05-22 00:00:00,14.228333,15.642798,15.371413
2016-05-22 01:00:00,13.38,15.357569,14.966436
2016-05-22 02:00:00,12.218333,14.333967,13.560558
2016-05-22 03:00:00,10.893333,12.72598,12.06816
2016-05-22 04:00:00,10.058333,11.482867,11.286048
2016-05-22 05:00:00,10.035,11.875184,11.972633
2016-05-22 06:00:00,11.653334,13.044088,12.49493
2016-05-22 07:00:00,14.225,14.790537,14.28112
2016-05-22 08:00:00,17.463333,16.70227,16.028027
2016-05-22 09:00:00,20.063334,19.033096,18.475185
2016-05-22 10:00:00,22.155,21.563679,21.156357
2016-05-22 11:00:00,24.518333,22.694492,22.736177
2016-05-22 12:00:00,26.281666,23.709671,24.157032
2016-05-22 13:00:00,27.551666,24.311245,24.619799
2016-05-22 14:00:00,28.236666,24.931658,25.199911
2016-05-22 15:00:00,28.546667,25.020653,25.451464
2016-05-22 16:00:00,29.191668,25.56106,26.25753
2016-05-22 17:00:00,30.088333,26.049356,26.845009
2016-05-22 18:00:00,29.076666,25.388222,26.199009
2016-05-22 19:00:00,28.028334,25.49826,25.686514
2016-05-22 20:00:00,25.765,25.17783,24.18639
2016-05-22 21:00:00,24.718334,23.33227,22.454666
2016-05-22 22:00:00,22.348333,22.141258,21.613813
2016-05-22 23:00:00,19.965,21.799591,20.52945
2016-05-23 00:00:00,17.421667,19.707773,19.34656
2016-05-23 01:00:00,14.885,18.785334,18.00422
2016-05-23 02:00:00,14.633333,17.086033,16.149593
2016-05-23 03:00:00,13.911667,16.52286,15.570981
2016-05-23 04:00:00,13.348333,15.613579,14.986784
2016-05-23 05:00:00,12.948334,15.129531,13.882484
2016-05-23 06:00:00,12.98,14.779724,12.947542
2016-05-23 07:00:00,13.736667,14.036955,12.281333
2016-05-23 08:00:00,15.378333,15.534235,15.216371
2016-05-23 09:00:00,16.015,16.08201,16.934942
2016-05-23 10:00:00,17.095,17.49717,18.861738
2016-05-23 11:00:00,18.015,17.562313,20.338129
2016-05-23 12:00:00,18.545,16.721834,19.926338
2016-05-23 13:00:00,17.651667,17.97116,21.15858
2016-05-23 14:00:00,17.671667,18.701633,20.809635
2016-05-23 15:00:00,17.516666,18.806198,19.931067
2016-05-23 16:00:00,16.898333,18.472763,19.515326
2016-05-23 17:00:00,16.105,18.52488,19.272507
2016-05-23 18:00:00,14.728333,18.046236,18.485128
2016-05-23 19:00:00,13.185,16.489754,16.868917
2016-05-23 20:00:00,12.876667,15.375106,15.691099
2016-05-23 21:00:00,12.518333,14.142009,14.618464
2016-05-23 22:00:00,12.145,12.955235,13.372579
2016-05-23 23:00:00,12.031667,11.868585,12.268687
2016-05-24 00:00:00,12.03,11.457483,11.914748
2016-05-24 01:00:00,12.003333,11.563106,11.924475
2016-05-24 02:00:00,12.231667,11.083847,11.263446
2016-05-24 03:00:00,12.415,11.231717,10.975978
2016-05-24 04:00:00,12.421667,10.800177,10.546595
2016-05-24 05:00:00,12.396667,10.759333,10.416463
2016-05-24 06:00:00,12.528334,10.7327795,10.516448
2016-05-24 07:00:00,12.486667,11.164199,10.923451
2016-05-24 08:00:00,12.315,11.860103,11.89765
2016-05-24 09:00:00,11.995,12.544964,12.695456
2016-05-24 10:00:00,12.068334,13.231458,13.380542
2016-05-24 11:00:00,12.223333,14.164667,14.388233
2016-05-24 12:00:00,12.028334,14.680899,14.865687
2016-05-24 13:00:00,12.181666,14.818313,15.08119
2016-05-24 14:00:00,12.293333,15.148588,15.324708
2016-05-24 15:00:00,12.001667,14.629563,14.676846
2016-05-24 16:00:00,11.61,14.436477,14.592631
2016-05-24 17:00:00,11.191667,14.325748,14.393066
2016-05-24 18:00:00,10.943334,13.671449,13.685923
2016-05-24 19:00:00,10.81,12.751285,12.942657
2016-05-24 20:00:00,10.476666,12.095727,12.455688
2016-05-24 21:00:00,10.216666,11.066658,11.535363
2016-05-24 22:00:00,10.271667,10.305545,10.758788
2016-05-24 23:00:00,10.325,9.837283,10.455905
2016-05-25 00:00:00,10.281667,9.790048,10.228303
2016-05-25 01:00:00,10.346666,9.66326,10.141283
2016-05-25 02:00:00,10.33,9.430392,9.85601
2016-05-25 03:00:00,10.338333,9.631507,9.617653
2016-05-25 04:00:00,10.17,9.750483,9.82725
2016-05-25 05:00:00,10.108334,9.697771,9.908298
2016-05-25 06:00:00,10.338333,10.042758,10.131226
2016-05-25 07:00:00,10.593333,10.580171,10.787955
2016-05-25 08:00:00,10.835,11.357904,11.542218
2016-05-25 09:00:00,11.778334,12.551998,12.5104685
2016-05-25 10:00:00,12.36,13.102839,12.932297
2016-05-25 11:00:00,13.005,14.08984,13.826475
2016-05-25 12:00:00,13.26,14.175291,13.932436
2016-05-25 13:00:00,14.291667,14.773576,14.536745
2016-05-25 14:00:00,14.215,14.455026,14.233663
2016-05-25 15:00:00,14.966666,15.28243,15.333755
2016-05-25 16:00:00,14.801666,16.100193,15.856407
2016-05-25 17:00:00,15.066667,16.150873,15.745728
2016-05-25 18:00:00,15.198334,15.275933,15.029367
2016-05-25 19:00:00,14.8116665,15.343325,15.752961
2016-05-25 20:00:00,13.918333,13.7544565,13.996339
2016-05-25 21:00:00,13.59,13.334358,13.782425
2016-05-25 22:00:00,13.465,12.280758,12.846797
2016-05-25 23:00:00,13.373333,12.557427,12.381174
2016-05-26 00:00:00,13.123333,12.28065,11.78117
2016-05-26 01:00:00,12.945,11.86133,11.4325075
2016-05-26 02:00:00,12.77,11.079246,10.627464
2016-05-26 03:00:00,12.596666,10.646026,10.715621
2016-05-26 04:00:00,12.266666,10.591139,10.544613
2016-05-26 05:00:00,11.856667,10.74925,10.481557
2016-05-26 06:00:00,12.166667,11.237003,10.868598
2016-05-26 07:00:00,12.56,12.049695,11.500236
2016-05-26 08:00:00,13.615,13.386653,12.632981
2016-05-26 09:00:00,14.6,14.837122,14.766307
2016-05-26 10:00:00,14.923333,15.105823,15.637798
2016-05-26 11:00:00,15.958333,15.887544,16.013922
2016-05-26 12:00:00,16.381666,16.19199,17.098326
2016-05-26 13:00:00,16.893333,17.188206,17.573193
2016-05-26 14:00:00,17.616667,18.205965,18.477915
2016-05-26 15:00:00,18.496666,18.912228,18.740873
2016-05-26 16:00:00,19.411667,18.072762,18.036768
2016-05-26 17:00:00,19.686666,18.631691,18.760342
2016-05-26 18:00:00,19.618334,17.55694,17.813507
2016-05-26 19:00:00,19.26,17.124592,17.548044
2016-05-26 20:00:00,17.638334,16.46051,16.77225
2016-05-26 21:00:00,16.038334,15.333115,15.865992
2016-05-26 22:00:00,14.428333,14.663008,14.703951
2016-05-26 23:00:00,13.29,14.048665,13.5396385
2016-05-27 00:00:00,12.066667,13.304234,12.4662285
2016-05-27 01:00:00,11.371667,12.367618,11.83489
2016-05-27 02:00:00,10.445,10.91936,10.908605
2016-05-27 03:00:00,9.893333,10.116022,10.288156
2016-05-27 04:00:00,9.255,9.610861,9.608806
2016-05-27 05:00:00,9.178333,9.79135,9.802079
2016-05-27 06:00:00,9.045,10.046292,10.140388
2016-05-27 07:00:00,9.855,12.016645,11.632253
2016-05-27 08:00:00,11.45,14.359102,13.564885
2016-05-27 09:00:00,12.701667,16.91805,16.597874
2016-05-27 10:00:00,15.463333,18.68018,18.472044
2016-05-27 11:00:00,15.881667,18.697338,19.47723
2016-05-27 12:00:00,17.77,19.487808,19.621225
2016-05-27 13:00:00,18.076666,20.169645,20.129047
2016-05-27 14:00:00,16.535,20.63878,20.25229
2016-05-27 15:00:00,15.776667,19.830439,19.475367
2016-05-27 16:00:00,16.286667,20.104626,20.549519
2016-05-27 17:00:00,16.2,18.190931,18.601606
2016-05-27 18:00:00,16.953333,18.906023,19.63237
2016-05-27 19:00:00,17.308332,17.704332,18.347115
2016-05-27 20:00:00,16.411667,15.349611,15.97295
2016-05-27 21:00:00,15.841666,14.390514,14.968211
2016-05-27 22:00:00,15.165,14.20492,14.47387
2016-05-27 23:00:00,14.661667,13.720157,13.439059
2016-05-28 00:00:00,13.888333,13.838758,13.368641
2016-05-28 01:00:00,13.178333,13.424462,13.067945
2016-05-28 02:00:00,12.778334,12.205321,12.24557
2016-05-28 03:00:00,12.605,11.816993,12.346153
2016-05-28 04:00:00,12.02,11.205023,12.086406
2016-05-28 05:00:00,12.108334,11.250972,12.168369
2016-05-28 06:00:00,12.055,11.487848,12.370181
2016-05-28 07:00:00,13.35,12.306911,12.985151
2016-05-28 08:00:00,14.043333,14.331018,14.91017
2016-05-28 09:00:00,14.8116665,16.412891,16.889027
2016-05-28 10:00:00,16.386667,17.178547,17.9074
2016-05-28 11:00:00,18.463333,18.584192,20.020927
2016-05-28 12:00:00,20.013334,19.951271,21.06177
2016-05-28 13:00:00,21.255,20.05998,20.912233
2016-05-28 14:00:00,22.081667,18.89774,19.594093
2016-05-28 15:00:00,22.363333,18.492039,19.614254
2016-05-28 16:00:00,22.721666,19.501448,20.233482
2016-05-28 17:00:00,22.615,20.349594,21.01357
2016-05-28 18:00:00,22.365,20.693739,21.060389
2016-05-28 19:00:00,20.625,20.36517,20.770422
2016-05-28 20:00:00,20.026667,19.955244,20.006962
2016-05-28 21:00:00,19.853333,19.02406,18.80783
2016-05-28 22:00:00,19.273333,18.172327,18.037306
2016-05-28 23:00:00,18.71,17.156033,17.002552
2016-05-29 00:00:00,18.113333,16.448526,16.214088
2016-05-29 01:00:00,17.448334,15.230682,15.274229
2016-05-29 02:00:00,16.305,15.285684,15.402654
2016-05-29 03:00:00,15.548333,15.032268,15.290708
2016-05-29 04:00:00,15.243333,14.813929,15.10096
2016-05-29 05:00:00,15.151667,14.724605,14.991539
2016-05-29 06:00:00,15.17,15.279354,15.425972
2016-05-29 07:00:00,15.293333,15.99588,16.30792
2016-05-29 08:00:00,15.798333,16.369677,16.715937
2016-05-29 09:00:00,16.203333,16.900885,17.774103
2016-05-29 10:00:00,16.896667,17.811975,19.62377
2016-05-29 11:00:00,18.046667,17.60319,19.691507
2016-05-29 12:00:00,19.968334,18.796574,20.322733
2016-05-29 13:00:00,21.16,18.487213,19.551199
2016-05-29 14:00:00,21.621666,19.008018,19.99926
2016-05-29 15:00:00,22.556667,18.91635,19.470041
2016-05-29 16:00:00,22.46,18.91538,19.356737
2016-05-29 17:00:00,22.163334,19.118486,19.646755
2016-05-29 18:00:00,22.006666,20.080223,20.575676
2016-05-29 19:00:00,22.016666,19.962648,20.343618
2016-05-29 20:00:00,21.256666,19.461157,19.755878
2016-05-29 21:00:00,20.615,19.10339,19.323812
2016-05-29 22:00:00,19.823334,18.020113,18.237646
2016-05-29 23:00:00,19.253334,17.163324,17.58248
2016-05-30 00:00:00,18.83,17.134518,17.68399
2016-05-30 01:00:00,18.58,17.431168,17.68289
2016-05-30 02:00:00,18.348333,16.777496,16.835522
2016-05-30 03:00:00,17.683332,16.40747,16.750452
2016-05-30 04:00:00,17.433332,16.370033,16.517128
2016-05-30 05:00:00,16.916666,16.601357,16.46059
2016-05-30 06:00:00,15.695,16.309622,16.290585
2016-05-30 07:00:00,15.846666,16.607998,17.16529
2016-05-30 08:00:00,16.425,16.797262,17.52545
2016-05-30 09:00:00,17.753334,16.434937,17.063261
2016-05-30 10:00:00,18.906666,17.196793,18.33885
2016-05-30 11:00:00,19.185,16.998652,17.826277
2016-05-30 12:00:00,19.818333,17.365513,18.320726
2016-05-30 13:00:00,20.29,18.801357,19.53933
2016-05-30 14:00:00,20.256666,19.698778,20.189215
2016-05-30 15:00:00,19.7,19.568357,20.332373
2016-05-30 16:00:00,20.481667,19.911236,20.972794
2016-05-30 17:00:00,21.061666,19.106739,20.145332
2016-05-30 18:00:00,19.238333,19.535265,20.425165
2016-05-30 19:00:00,18.381666,19.379936,19.913939
2016-05-30 20:00:00,18.031666,18.672108,18.569914
2016-05-30 21:00:00,17.108334,16.798485,17.143038
2016-05-30 22:00:00,16.423334,16.749107,17.33631
2016-05-30 23:00:00,15.401667,16.204193,16.57999
2016-05-31 00:00:00,14.403334,14.628601,14.882605
2016-05-31 01:00:00,13.623333,14.311023,14.985108
2016-05-31 02:00:00,13.086667,14.300271,14.811935
2016-05-31 03:00:00,12.851666,13.8244705,14.123394
2016-05-31 04:00:00,12.051666,13.665045,13.646286
2016-05-31 05:00:00,11.565,13.49118,13.3538065
2016-05-31 06:00:00,11.651667,13.822949,13.644387
2016-05-31 07:00:00,12.556666,14.441419,14.565699
2016-05-31 08:00:00,16.546667,15.260242,16.032068
2016-05-31 09:00:00,18.7,16.363005,17.875923
2016-05-31 10:00:00,20.01,17.192234,18.94323
2016-05-31 11:00:00,20.941668,17.66191,19.620792
2016-05-31 12:00:00,21.553333,18.840244,20.805956
2016-05-31 13:00:00,22.116667,18.695719,20.808113
2016-05-31 14:00:00,23.17,21.20051,23.039686
2016-05-31 15:00:00,23.3,21.245068,21.869814
2016-05-31 16:00:00,22.331667,22.209549,23.739132
2016-05-31 17:00:00,22.151667,22.155691,23.643486
2016-05-31 18:00:00,20.951666,22.071629,23.391743
2016-05-31 19:00:00,19.188334,21.610348,22.73065
2016-05-31 20:00:00,18.946667,21.001062,21.514914
2016-05-31 21:00:00,18.268333,19.23595,19.35357
2016-05-31 22:00:00,17.301666,17.469002,17.608318
2016-05-31 23:00:00,17.075,15.996039,16.605171
2016-06-01 00:00:00,16.553333,15.337628,15.758303
2016-06-01 01:00:00,16.453333,14.921756,15.139027
2016-06-01 02:00:00,16.078333,14.653101,14.439253
2016-06-01 03:00:00,16.053333,14.23579,13.964623
2016-06-01 04:00:00,16.146667,13.584883,13.27886
2016-06-01 05:00:00,16.056667,13.984543,13.500536
2016-06-01 06:00:00,16.125,14.7874365,14.352862
2016-06-01 07:00:00,16.538334,16.096695,15.983082
2016-06-01 08:00:00,17.301666,17.332628,16.965704
2016-06-01 09:00:00,18.08,19.000088,18.81249
2016-06-01 10:00:00,18.538334,20.102001,20.058342
2016-06-01 11:00:00,18.746666,21.089365,21.030054
2016-06-01 12:00:00,19.243334,20.266907,20.251488
2016-06-01 13:00:00,19.948334,19.92088,20.255533
2016-06-01 14:00:00,19.585,20.33849,21.032387
2016-06-01 15:00:00,18.08,20.404812,20.85875
2016-06-01 16:00:00,17.178333,20.227425,20.658405
2016-06-01 17:00:00,17.636667,19.832253,19.989002
2016-06-01 18:00:00,17.818333,19.52028,19.672314
2016-06-01 19:00:00,17.535,18.945114,19.470808
2016-06-01 20:00:00,17.606667,18.609465,18.421133
2016-06-01 21:00:00,17.103333,16.358715,17.02222
2016-06-01 22:00:00,16.225,15.201852,15.993166
2016-06-01 23:00:00,15.443334,15.377152,15.793229
2016-06-02 00:00:00,14.39,14.778334,15.07549
2016-06-02 01:00:00,13.676666,14.38122,14.68941
2016-06-02 02:00:00,12.96,14.377982,14.791327
2016-06-02 03:00:00,12.276667,14.197045,14.264891
2016-06-02 04:00:00,12.14,13.40739,13.497189
2016-06-02 05:00:00,12.4383335,13.237841,13.310273
2016-06-02 06:00:00,12.865,13.057462,13.021788
2016-06-02 07:00:00,13.528334,13.912312,13.7630005
2016-06-02 08:00:00,14.26,15.3435545,15.300194
2016-06-02 09:00:00,15.036667,16.573406,16.953465
2016-06-02 10:00:00,15.158334,18.739143,19.49333
2016-06-02 11:00:00,15.546667,20.0519,20.834259
2016-06-02 12:00:00,15.981667,20.879906,21.166807
2016-06-02 13:00:00,16.025,21.169485,20.958878
2016-06-02 14:00:00,16.848333,20.75365,20.74046
2016-06-02 15:00:00,18.128334,19.93022,20.41159
2016-06-02 16:00:00,20.663334,18.699392,18.968185
2016-06-02 17:00:00,20.478333,17.593271,17.799286
2016-06-02 18:00:00,19.855,17.545332,17.735273
2016-06-02 19:00:00,19.706667,16.671213,16.851763
2016-06-02 20:00:00,18.398333,16.177471,16.414217
2016-06-02 21:00:00,17.448334,16.061243,16.78392
2016-06-02 22:00:00,16.77,16.42301,16.48217
2016-06-02 23:00:00,16.023333,15.629633,15.34971
2016-06-03 00:00:00,15.345,14.788442,15.161849
2016-06-03 01:00:00,14.731667,14.81486,15.649416
2016-06-03 02:00:00,14.358334,14.157692,14.90016
2016-06-03 03:00:00,14.02,13.854788,14.180482
2016-06-03 04:00:00,13.851666,12.954604,13.266448
2016-06-03 05:00:00,13.753333,12.62322,12.692722
2016-06-03 06:00:00,13.911667,13.220371,13.544213
2016-06-03 07:00:00,14.181666,13.979557,14.346256
2016-06-03 08:00:00,14.943334,16.113806,16.307558
2016-06-03 09:00:00,15.363334,18.10477,18.830715
2016-06-03 10:00:00,16.345,18.979828,20.554878
2016-06-03 11:00:00,18.141666,19.84763,21.339144
2016-06-03 12:00:00,18.516666,20.48828,21.059984
2016-06-03 13:00:00,19.776667,19.431808,20.400196
2016-06-03 14:00:00,20.085,20.095602,21.136763
2016-06-03 15:00:00,18.221666,18.830305,19.705656
2016-06-03 16:00:00,17.665,18.781612,19.462261
2016-06-03 17:00:00,18.4,19.358498,20.033745
2016-06-03 18:00:00,17.213333,18.92996,19.432068
2016-06-03 19:00:00,17.426666,18.969719,19.461176
2016-06-03 20:00:00,17.303333,18.076939,18.426525
2016-06-03 21:00:00,17.118334,16.1166,16.764389
2016-06-03 22:00:00,17.05,15.776944,16.203213
2016-06-03 23:00:00,16.556667,15.653402,16.11971
2016-06-04 00:00:00,15.988334,14.653237,14.577856
2016-06-04 01:00:00,15.705,15.118819,15.399989
2016-06-04 02:00:00,15.271667,14.550971,14.742567
2016-06-04 03:00:00,15.146667,14.274809,14.601276
2016-06-04 04:00:00,14.983334,14.208476,14.558006
2016-06-04 05:00:00,14.78,14.038004,14.367208
2016-06-04 06:00:00,15.176666,14.09562,14.781085
2016-06-04 07:00:00,16.25,14.730303,15.516122
2016-06-04 08:00:00,17.366667,15.205755,16.039259
2016-06-04 09:00:00,18.838333,16.499474,17.528818
2016-06-04 10:00:00,19.606667,17.790459,19.041714
2016-06-04 11:00:00,20.735,18.563496,19.91905
2016-06-04 12:00:00,20.783333,20.615765,21.81867
2016-06-04 13:00:00,21.04,22.61778,23.142756
2016-06-04 14:00:00,22.001667,23.359707,23.386818
2016-06-04 15:00:00,21.606667,23.911602,23.537668
2016-06-04 16:00:00,19.795,22.273497,22.348104
2016-06-04 17:00:00,20.986666,22.237425,23.44122
2016-06-04 18:00:00,21.736666,20.758318,21.445055
2016-06-04 19:00:00,20.006666,20.393162,21.209072
2016-06-04 20:00:00,19.228333,19.86894,20.763342
2016-06-04 21:00:00,18.506666,18.561203,19.377409
2016-06-04 22:00:00,17.928333,16.52678,17.32078
2016-06-04 23:00:00,17.385,16.787777,17.486067
2016-06-05 00:00:00,16.765,16.921995,17.13484
2016-06-05 01:00:00,15.975,15.715544,16.385466
2016-06-05 02:00:00,15.23,15.681312,16.342695
2016-06-05 03:00:00,14.406667,15.26084,15.506991
2016-06-05 04:00:00,14.15,14.743446,15.124366
2016-06-05 05:00:00,13.906667,14.6373415,14.961133
2016-06-05 06:00:00,13.888333,15.027944,15.157949
2016-06-05 07:00:00,14.045,15.405218,15.505912
2016-06-05 08:00:00,15.081667,16.99835,16.921606
2016-06-05 09:00:00,17.413334,18.706146,18.92904
2016-06-05 10:00:00,20.298334,20.173315,21.155886
2016-06-05 11:00:00,22.258333,20.441925,21.821758
2016-06-05 12:00:00,23.585,21.628483,22.224804
2016-06-05 13:00:00,24.276667,21.288155,21.19771
2016-06-05 14:00:00,24.906666,22.338331,22.00861
2016-06-05 15:00:00,25.403334,22.44409,22.374826
2016-06-05 16:00:00,25.783333,22.501291,23.135782
2016-06-05 17:00:00,25.788334,23.401293,23.953627
2016-06-05 18:00:00,24.886667,23.769756,24.171587
2016-06-05 19:00:00,24.273333,23.4703,23.338041
2016-06-05 20:00:00,22.388334,23.167664,22.881807
2016-06-05 21:00:00,20.811666,21.956663,21.806053
2016-06-05 22:00:00,18.726667,20.679213,20.366825
2016-06-05 23:00:00,17.636667,19.326448,18.838213
2016-06-06 00:00:00,16.745,17.736288,17.53713
2016-06-06 01:00:00,15.826667,17.353634,17.094952
2016-06-06 02:00:00,15.031667,16.354488,15.859302
2016-06-06 03:00:00,14.208333,15.489623,15.415494
2016-06-06 04:00:00,13.428333,14.702559,14.522436
2016-06-06 05:00:00,12.923333,14.96753,14.835054
2016-06-06 06:00:00,13.145,15.736254,15.667335
2016-06-06 07:00:00,13.466666,17.180597,17.031431
2016-06-06 08:00:00,16.128334,19.59333,19.059597
2016-06-06 09:00:00,19.47,21.201391,20.799314
2016-06-06 10:00:00,21.683332,23.163788,22.903833
2016-06-06 11:00:00,22.755,23.993597,24.241566
2016-06-06 12:00:00,23.748333,24.265745,25.070421
2016-06-06 13:00:00,24.195,23.71976,24.606993
2016-06-06 14:00:00,24.398333,24.706505,25.74692
2016-06-06 15:00:00,24.658333,24.484474,24.706327
2016-06-06 16:00:00,24.636667,24.364262,25.269175
2016-06-06 17:00:00,24.701666,24.092897,25.059086
2016-06-06 18:00:00,24.166666,23.99533,24.728964
2016-06-06 19:00:00,23.336666,23.701286,24.222984
2016-06-06 20:00:00,22.093334,22.882929,22.907707
2016-06-06 21:00:00,20.708334,21.608295,21.693758
2016-06-06 22:00:00,19.005,20.299114,20.309782
2016-06-06 23:00:00,17.268333,19.275248,19.04072
2016-06-07 00:00:00,15.821667,18.25366,17.84767
2016-06-07 01:00:00,14.416667,17.176037,16.83114
2016-06-07 02:00:00,13.391666,15.878443,15.740963
2016-06-07 03:00:00,12.405,14.5190525,14.540937
2016-06-07 04:00:00,11.645,13.338696,13.607478
2016-06-07 05:00:00,11.606667,13.147158,13.437156
2016-06-07 06:00:00,13.408334,13.681995,14.395674
2016-06-07 07:00:00,15.376667,14.963718,15.852211
2016-06-07 08:00:00,17.471666,18.072857,18.29242
2016-06-07 09:00:00,20.096666,21.499857,20.962404
2016-06-07 10:00:00,21.815,23.408855,22.954578
2016-06-07 11:00:00,23.14,24.122433,24.354355
2016-06-07 12:00:00,23.268333,25.40709,25.912594
2016-06-07 13:00:00,23.926666,25.523254,26.306402
2016-06-07 14:00:00,24.255,25.540077,26.148853
2016-06-07 15:00:00,24.67,26.38655,27.137218
2016-06-07 16:00:00,25.11,25.517801,26.80464
2016-06-07 17:00:00,24.726667,26.361984,27.243776
2016-06-07 18:00:00,24.701666,24.793167,25.911356
2016-06-07 19:00:00,23.681667,24.643448,25.08986
2016-06-07 20:00:00,22.318333,23.074398,23.64818
2016-06-07 21:00:00,20.938334,21.58776,21.914454
2016-06-07 22:00:00,18.51,20.47368,20.123959
2016-06-07 23:00:00,16.93,18.382679,17.6112
2016-06-08 00:00:00,15.901667,17.269863,16.956434
2016-06-08 01:00:00,14.425,16.144106,15.741022
2016-06-08 02:00:00,13.285,14.678382,14.55465
2016-06-08 03:00:00,12.365,13.7084,13.364152
2016-06-08 04:00:00,11.498333,12.635022,12.515066
2016-06-08 05:00:00,11.566667,12.779587,12.946255
2016-06-08 06:00:00,12.148334,14.200888,13.954259
2016-06-08 07:00:00,13.931666,16.294643,15.326994
2016-06-08 08:00:00,17.571667,19.200285,18.39949
2016-06-08 09:00:00,19.413334,21.243416,20.969198
2016-06-08 10:00:00,20.846666,23.574505,23.342476
2016-06-08 11:00:00,22.021667,24.43447,24.83901
2016-06-08 12:00:00,22.346666,24.552809,25.702114
2016-06-08 13:00:00,23.151667,25.114147,26.527868
2016-06-08 14:00:00,24.1,26.10058,27.760015
2016-06-08 15:00:00,24.113333,24.840944,26.601534
2016-06-08 16:00:00,24.588333,23.191721,25.184633
2016-06-08 17:00:00,23.926666,23.683632,24.567276
2016-06-08 18:00:00,22.738333,22.369297,22.724237
2016-06-08 19:00:00,21.893333,22.269608,22.284676
2016-06-08 20:00:00,21.043333,21.632095,21.783928
2016-06-08 21:00:00,18.915,19.904411,20.161037
2016-06-08 22:00:00,17.21,18.723812,18.55921
2016-06-08 23:00:00,15.331667,17.557926,17.081524
2016-06-09 00:00:00,14.408334,16.778421,16.102846
2016-06-09 01:00:00,13.706667,15.162784,15.335365
2016-06-09 02:00:00,13.87,15.128108,15.018142
2016-06-09 03:00:00,13.56,13.382177,13.425413
2016-06-09 04:00:00,12.835,12.827842,12.563116
2016-06-09 05:00:00,12.253333,11.883726,11.774936
2016-06-09 06:00:00,12.096666,12.334001,12.291743
2016-06-09 07:00:00,13.33,13.581183,14.142952
2016-06-09 08:00:00,13.963333,16.478476,17.388308
2016-06-09 09:00:00,14.425,17.300705,18.89945
2016-06-09 10:00:00,14.743333,17.984024,18.744738
2016-06-09 11:00:00,15.62,16.689903,17.45968
2016-06-09 12:00:00,16.235,17.253864,18.3193
2016-06-09 13:00:00,16.438334,17.991009,19.455744
2016-06-09 14:00:00,17.238333,18.017216,18.952171
2016-06-09 15:00:00,17.638334,17.986536,18.507936
2016-06-09 16:00:00,17.703333,17.909956,18.382214
2016-06-09 17:00:00,17.678333,18.135904,18.68231
2016-06-09 18:00:00,18.498333,17.81274,18.30781
2016-06-09 19:00:00,18.66,17.024254,17.65574
2016-06-09 20:00:00,17.11,16.19455,17.06842
2016-06-09 21:00:00,16.17,15.3588915,16.16305
2016-06-09 22:00:00,15.4383335,14.641284,15.049045
2016-06-09 23:00:00,14.1883335,13.98652,14.117473
2016-06-10 00:00:00,13.958333,13.98137,14.128086
2016-06-10 01:00:00,12.72,13.83954,13.79716
2016-06-10 02:00:00,11.075,12.44135,12.7283325
2016-06-10 03:00:00,10.541667,11.964071,12.126573
2016-06-10 04:00:00,9.948334,11.686623,11.792055
2016-06-10 05:00:00,9.588333,11.512064,11.305659
2016-06-10 06:00:00,9.853333,12.434666,12.361702
2016-06-10 07:00:00,12.14,12.933115,12.784722
2016-06-10 08:00:00,14.32,13.74238,13.644412
2016-06-10 09:00:00,15.965,15.37097,16.562582
2016-06-10 10:00:00,17.385,16.336931,18.117254
2016-06-10 11:00:00,17.991667,16.702341,18.352282
2016-06-10 12:00:00,18.766666,17.277355,18.865103
2016-06-10 13:00:00,19.178333,18.648556,20.679237
2016-06-10 14:00:00,19.931667,17.981524,19.349617
2016-06-10 15:00:00,20.721666,18.174349,18.558392
2016-06-10 16:00:00,21.268333,18.973156,19.327637
2016-06-10 17:00:00,21.555,18.973354,19.207903
2016-06-10 18:00:00,21.93,18.716625,18.85797
2016-06-10 19:00:00,21.348333,17.770191,17.883408
2016-06-10 20:00:00,19.181667,17.214598,17.185753
2016-06-10 21:00:00,18.066668,15.873499,15.826456
2016-06-10 22:00:00,17.223333,15.217428,15.58475
2016-06-10 23:00:00,15.953333,14.493265,14.680141
2016-06-11 00:00:00,14.466666,14.448762,14.115223
2016-06-11 01:00:00,13.415,13.47011,13.463846
2016-06-11 02:00:00,12.751667,11.712707,12.027001
2016-06-11 03:00:00,12.213333,11.777655,11.721887
2016-06-11 04:00:00,11.821667,11.421529,11.390632
2016-06-11 05:00:00,11.641666,10.951374,11.132658
2016-06-11 06:00:00,11.633333,11.746074,11.304519
2016-06-11 07:00:00,12.63,12.823155,12.264095
2016-06-11 08:00:00,13.826667,15.070315,14.420716
2016-06-11 09:00:00,14.323334,16.361189,16.794567
2016-06-11 10:00:00,15.191667,16.852427,17.194735
2016-06-11 11:00:00,17.153334,16.973621,17.368633
2016-06-11 12:00:00,17.723333,16.913637,17.586613
2016-06-11 13:00:00,17.863333,16.894356,18.220991
2016-06-11 14:00:00,18.646667,17.010077,17.860607
2016-06-11 15:00:00,19.941668,17.717543,18.138184
2016-06-11 16:00:00,19.881666,18.398275,18.496084
2016-06-11 17:00:00,19.72,20.04233,19.554646
2016-06-11 18:00:00,19.556667,19.714825,19.016184
2016-06-11 19:00:00,19.116667,17.8158,17.535202
2016-06-11 20:00:00,18.681667,17.863375,17.414131
2016-06-11 21:00:00,17.893333,16.730288,16.646486
2016-06-11 22:00:00,17.326666,15.450859,15.1226225
2016-06-11 23:00:00,16.673334,14.407372,14.090846
2016-06-12 00:00:00,15.866667,13.441023,13.310656
2016-06-12 01:00:00,15.47,12.982262,13.10099
2016-06-12 02:00:00,14.891666,12.970133,13.22409
2016-06-12 03:00:00,14.381667,12.697608,12.78514
2016-06-12 04:00:00,13.648334,12.614233,12.827501
2016-06-12 05:00:00,13.416667,13.344265,12.962847
2016-06-12 06:00:00,13.5616665,13.967676,13.834501
2016-06-12 07:00:00,14.741667,15.652155,15.648052
2016-06-12 08:00:00,16.478333,16.710232,17.296534
2016-06-12 09:00:00,17.343334,18.579206,19.992767
2016-06-12 10:00:00,18.125,19.667023,21.974575
2016-06-12 11:00:00,17.498333,20.59544,22.773558
2016-06-12 12:00:00,19.388334,20.73011,21.916443
2016-06-12 13:00:00,20.196667,21.497564,22.842083
2016-06-12 14:00:00,19.655,21.314913,22.880596
2016-06-12 15:00:00,17.821667,20.757975,21.944344
2016-06-12 16:00:00,17.635,20.829344,21.449352
2016-06-12 17:00:00,16.651667,19.411308,19.914204
2016-06-12 18:00:00,16.496666,20.165567,20.343777
2016-06-12 19:00:00,16.25,19.285564,19.397333
2016-06-12 20:00:00,14.975,17.590591,17.739796
2016-06-12 21:00:00,14.378333,15.790694,16.273613
2016-06-12 22:00:00,14.521667,14.697641,14.7614565
2016-06-12 23:00:00,14.211667,13.8334465,14.024648
2016-06-13 00:00:00,14.01,13.417586,13.822058
2016-06-13 01:00:00,13.9,13.961529,14.312157
2016-06-13 02:00:00,13.923333,12.990387,12.8672695
2016-06-13 03:00:00,13.71,12.707791,12.62468
2016-06-13 04:00:00,13.615,13.093075,12.950299
2016-06-13 05:00:00,13.551666,12.721537,12.544301
2016-06-13 06:00:00,13.791667,12.991092,12.421657
2016-06-13 07:00:00,14.921667,13.385474,13.26403
2016-06-13 08:00:00,15.481667,14.004313,14.317792
2016-06-13 09:00:00,16.551666,15.209183,15.526031
2016-06-13 10:00:00,17.291666,16.378826,16.507973
2016-06-13 11:00:00,18.155,17.253931,17.101171
2016-06-13 12:00:00,19.646667,18.260553,17.931107
2016-06-13 13:00:00,19.523333,19.413233,19.137386
2016-06-13 14:00:00,18.248333,19.5596,18.720995
2016-06-13 15:00:00,18.941668,18.988022,18.36731
2016-06-13 16:00:00,18.71,19.188793,19.187119
2016-06-13 17:00:00,18.24,18.625927,18.616814
2016-06-13 18:00:00,18.26,18.990717,18.966425
2016-06-13 19:00:00,18.268333,18.652325,18.394209
2016-06-13 20:00:00,16.908333,16.025478,16.116282
2016-06-13 21:00:00,14.986667,16.115355,16.127142
2016-06-13 22:00:00,13.433333,14.992416,15.01156
2016-06-13 23:00:00,12.985,14.577977,14.726239
2016-06-14 00:00:00,12.651667,14.15969,14.350941
2016-06-14 01:00:00,12.638333,13.490594,13.863275
2016-06-14 02:00:00,12.376667,12.812403,13.335378
2016-06-14 03:00:00,12.045,11.457317,11.32142
2016-06-14 04:00:00,11.783334,12.040632,11.850897
2016-06-14 05:00:00,11.703333,11.864679,11.388969
2016-06-14 06:00:00,11.838333,12.260189,11.693121
2016-06-14 07:00:00,12.5,13.501507,13.010328
2016-06-14 08:00:00,14.643333,14.1375065,13.777069
2016-06-14 09:00:00,15.256667,15.070852,14.683238
2016-06-14 10:00:00,16.9,15.437006,15.2496605
2016-06-14 11:00:00,17.783333,15.917457,15.976378
2016-06-14 12:00:00,19.14,16.274889,16.592312
2016-06-14 13:00:00,20.296667,17.046099,17.542713
2016-06-14 14:00:00,20.761667,18.145742,18.466454
2016-06-14 15:00:00,19.61,17.416225,17.338812
2016-06-14 16:00:00,19.888334,17.814144,18.577454
2016-06-14 17:00:00,19.4,17.549416,18.166222
2016-06-14 18:00:00,18.116667,18.259422,18.467215
2016-06-14 19:00:00,17.808332,17.898096,17.87712
2016-06-14 20:00:00,17.803333,17.340244,16.893015
2016-06-14 21:00:00,17.258333,15.124774,14.938714
2016-06-14 22:00:00,15.961667,15.001444,15.079165
2016-06-14 23:00:00,15.196667,14.391817,14.349366
2016-06-15 00:00:00,14.495,14.018088,14.228586
2016-06-15 01:00:00,14.06,14.249742,14.685239
2016-06-15 02:00:00,13.615,14.455385,15.005046
2016-06-15 03:00:00,13.41,13.723848,13.796128
2016-06-15 04:00:00,13.216666,14.384007,14.33571
2016-06-15 05:00:00,12.905,14.373029,13.989962
2016-06-15 06:00:00,13.626667,14.675847,14.300231
2016-06-15 07:00:00,13.745,15.3681555,15.276451
2016-06-15 08:00:00,14.428333,15.7581835,16.215252
2016-06-15 09:00:00,15.475,16.766634,18.002636
2016-06-15 10:00:00,16.303333,17.225939,19.184813
2016-06-15 11:00:00,17.791666,16.912153,18.696985
2016-06-15 12:00:00,18.633333,18.122524,20.570625
2016-06-15 13:00:00,19.156666,18.198225,19.77202
2016-06-15 14:00:00,19.536667,18.484314,19.749998
2016-06-15 15:00:00,18.315,18.442812,19.015047
2016-06-15 16:00:00,17.101667,18.320173,19.060806
2016-06-15 17:00:00,16.886667,18.464888,19.563566
2016-06-15 18:00:00,17.526667,18.088545,18.633707
2016-06-15 19:00:00,17.87,16.814821,17.671463
2016-06-15 20:00:00,16.718334,16.82403,16.165352
2016-06-15 21:00:00,15.171667,14.274831,14.217983
2016-06-15 22:00:00,14.41,12.904464,13.34424
2016-06-15 23:00:00,13.618333,12.628748,12.722927
2016-06-16 00:00:00,12.246667,12.924803,12.725188
2016-06-16 01:00:00,11.431666,12.858869,12.66109
2016-06-16 02:00:00,11.011666,12.46593,12.5843725
2016-06-16 03:00:00,10.611667,11.82597,11.884971
2016-06-16 04:00:00,10.036667,11.591786,11.582766
2016-06-16 05:00:00,9.305,11.569512,11.484034
2016-06-16 06:00:00,10.353333,11.844722,11.728645
2016-06-16 07:00:00,11.448334,12.331796,12.7781925
2016-06-16 08:00:00,14.085,13.102515,14.052524
2016-06-16 09:00:00,16.118334,13.707212,14.799601
2016-06-16 10:00:00,18.098333,13.869951,14.971637
2016-06-16 11:00:00,18.183332,14.293711,15.733796
2016-06-16 12:00:00,17.908333,15.43022,17.491274
2016-06-16 13:00:00,17.981667,15.959416,17.182535
2016-06-16 14:00:00,18.363333,18.132444,19.172373
2016-06-16 15:00:00,18.306667,19.344563,19.730066
2016-06-16 16:00:00,16.53,20.842266,21.006542
2016-06-16 17:00:00,17.043333,19.110308,20.326073
2016-06-16 18:00:00,17.168333,17.94534,19.284822
2016-06-16 19:00:00,17.241667,17.247984,18.323898
2016-06-16 20:00:00,16.52,16.785938,17.53898
2016-06-16 21:00:00,16.195,15.873445,16.304224
2016-06-16 22:00:00,15.641666,14.442921,14.70091
2016-06-16 23:00:00,15.373333,14.325709,14.45543
2016-06-17 00:00:00,14.95,13.861009,13.837065
2016-06-17 01:00:00,14.383333,13.608219,13.685236
2016-06-17 02:00:00,14.05,13.128086,13.142163
2016-06-17 03:00:00,13.885,13.060614,13.273421
2016-06-17 04:00:00,13.538333,13.242515,13.296511
2016-06-17 05:00:00,13.256667,13.294371,13.198848
2016-06-17 06:00:00,13.155,13.662913,13.488895
2016-06-17 07:00:00,13.208333,14.304753,14.03784
2016-06-17 08:00:00,13.443334,14.648102,14.741647
2016-06-17 09:00:00,14.28,15.970778,16.147022
2016-06-17 10:00:00,15.176666,15.417454,16.127861
2016-06-17 11:00:00,16.176666,16.820473,16.980038
2016-06-17 12:00:00,16.896667,17.41576,17.573822
2016-06-17 13:00:00,17.49,18.24807,18.235413
2016-06-17 14:00:00,17.691668,18.258799,17.965229
2016-06-17 15:00:00,18.206667,17.385326,17.021416
2016-06-17 16:00:00,18.298334,17.909248,17.694977
2016-06-17 17:00:00,18.098333,17.143215,17.068829
2016-06-17 18:00:00,17.335,16.693632,16.574457
2016-06-17 19:00:00,16.348333,16.71033,16.331308
2016-06-17 20:00:00,15.62,15.350927,15.128994
2016-06-17 21:00:00,14.63,14.397417,14.54754
2016-06-17 22:00:00,13.85,13.904103,14.168004
2016-06-17 23:00:00,12.886666,13.638916,13.658857
2016-06-18 00:00:00,12.185,13.324742,13.637037
2016-06-18 01:00:00,12.255,13.337698,14.108171
2016-06-18 02:00:00,11.911667,12.765787,13.290249
2016-06-18 03:00:00,11.273334,11.933899,12.4228945
2016-06-18 04:00:00,11.925,11.514344,11.826051
2016-06-18 05:00:00,12.053333,11.381195,11.613991
2016-06-18 06:00:00,12.918333,11.67238,12.151813
2016-06-18 07:00:00,14.271667,13.512701,14.38193
2016-06-18 08:00:00,16.603333,14.6882,16.176458
2016-06-18 09:00:00,17.68,15.726798,16.989573
2016-06-18 10:00:00,18.675,16.638742,18.361519
2016-06-18 11:00:00,19.211666,17.374063,19.158482
2016-06-18 12:00:00,19.108334,18.030165,19.837814
2016-06-18 13:00:00,19.281666,19.358562,20.762875
2016-06-18 14:00:00,16.015,20.39064,21.20981
2016-06-18 15:00:00,18.153334,20.014303,20.619116
2016-06-18 16:00:00,19.468334,21.024017,21.502785
2016-06-18 17:00:00,16.741667,20.684116,21.207088
2016-06-18 18:00:00,16.125,20.022486,20.585478
2016-06-18 19:00:00,17.985,18.880234,19.337576
2016-06-18 20:00:00,16.416666,15.485366,16.011154
2016-06-18 21:00:00,16.183332,16.757013,17.38214
2016-06-18 22:00:00,15.233334,16.167881,16.276917
2016-06-18 23:00:00,13.851666,13.030617,12.8326845
2016-06-19 00:00:00,13.008333,14.026276,14.312839
2016-06-19 01:00:00,12.361667,15.017876,15.15557
2016-06-19 02:00:00,11.66,13.6490135,13.654046
2016-06-19 03:00:00,11.29,13.230309,13.431815
2016-06-19 04:00:00,11.331667,12.354213,12.562954
2016-06-19 05:00:00,10.79,11.838523,11.979289
2016-06-19 06:00:00,11.845,12.284794,12.3199625
2016-06-19 07:00:00,12.855,13.181055,13.455013
2016-06-19 08:00:00,15.476666,14.708089,15.230167
2016-06-19 09:00:00,16.125,17.558287,18.300821
2016-06-19 10:00:00,16.708334,18.653051,20.040722
2016-06-19 11:00:00,17.348333,19.331831,20.00234
2016-06-19 12:00:00,17.655,20.183456,20.433115
2016-06-19 13:00:00,17.601667,21.440126,20.979021
2016-06-19 14:00:00,17.371666,19.78304,20.338724
2016-06-19 15:00:00,16.146667,19.835949,20.156889
2016-06-19 16:00:00,17.668333,19.716318,20.189287
2016-06-19 17:00:00,17.82,20.051281,20.550705
2016-06-19 18:00:00,17.756666,19.633852,20.137117
2016-06-19 19:00:00,17.813334,19.227966,20.14913
2016-06-19 20:00:00,16.073334,16.967585,17.961208
2016-06-19 21:00:00,15.17,15.377786,15.952759
2016-06-19 22:00:00,14.45,15.633506,16.151415
2016-06-19 23:00:00,14.443334,15.153933,14.643376
2016-06-20 00:00:00,14.191667,14.379439,13.609551
2016-06-20 01:00:00,13.4383335,14.276152,13.630144
2016-06-20 02:00:00,13.22,12.815882,12.5398655
2016-06-20 03:00:00,12.568334,12.380513,11.977625
2016-06-20 04:00:00,11.501667,11.960127,11.227758
2016-06-20 05:00:00,11.303333,12.421801,12.021667
2016-06-20 06:00:00,11.558333,12.833732,12.387968
2016-06-20 07:00:00,12.456667,13.452116,13.062834
2016-06-20 08:00:00,15.705,14.879372,14.735071
2016-06-20 09:00:00,17.23,15.767409,15.844453
2016-06-20 10:00:00,17.158333,16.007877,16.290329
2016-06-20 11:00:00,18.085,17.98474,18.93395
2016-06-20 12:00:00,19.046667,19.057,19.367727
2016-06-20 13:00:00,19.973333,20.46511,20.059422
2016-06-20 14:00:00,20.75,22.037182,21.993673
2016-06-20 15:00:00,21.631666,22.557789,22.216536
2016-06-20 16:00:00,21.648333,20.866047,21.118792
2016-06-20 17:00:00,22.158333,21.733952,21.911749
2016-06-20 18:00:00,21.146667,20.967354,21.65655
2016-06-20 19:00:00,20.323334,20.996756,21.562323
2016-06-20 20:00:00,19.456667,19.810448,20.302368
2016-06-20 21:00:00,18.591667,19.248526,19.175991
2016-06-20 22:00:00,18.135,17.811726,17.214304
2016-06-20 23:00:00,17.65,17.22765,16.709866
2016-06-21 00:00:00,17.166666,15.791076,15.503403
2016-06-21 01:00:00,15.085,15.342397,15.029474
2016-06-21 02:00:00,14.523334,14.609753,14.13525
2016-06-21 03:00:00,14.4366665,14.296668,13.606764
2016-06-21 04:00:00,14.475,14.374199,13.758744
2016-06-21 05:00:00,14.46,14.949587,14.272082
2016-06-21 06:00:00,14.755,15.665678,15.214078
2016-06-21 07:00:00,15.543333,15.801655,14.989623
2016-06-21 08:00:00,16.375,17.970337,17.136969
2016-06-21 09:00:00,17.815,17.840237,18.68744
2016-06-21 10:00:00,18.93,17.828932,17.529388
2016-06-21 11:00:00,19.48,18.709286,18.817896
2016-06-21 12:00:00,20.038334,19.737656,19.498335
2016-06-21 13:00:00,21.548334,20.794239,20.638062
2016-06-21 14:00:00,22.16,20.876825,20.67539
2016-06-21 15:00:00,22.308332,21.324038,21.523981
2016-06-21 16:00:00,22.751667,21.323761,21.759636
2016-06-21 17:00:00,22.353333,21.656446,22.173336
2016-06-21 18:00:00,21.761667,21.379192,22.16806
2016-06-21 19:00:00,21.785,21.421043,22.092712
2016-06-21 20:00:00,21.093334,20.827616,21.490711
2016-06-21 21:00:00,20.106667,19.431667,19.936914
2016-06-21 22:00:00,19.098333,18.705364,18.69594
2016-06-21 23:00:00,18.266666,17.59876,17.13099
2016-06-22 00:00:00,17.61,16.633732,16.58182
2016-06-22 01:00:00,17.088333,16.323511,16.199266
2016-06-22 02:00:00,16.831667,16.117838,15.838527
2016-06-22 03:00:00,16.396667,15.575501,15.486862
2016-06-22 04:00:00,16.193333,15.915958,15.084591
2016-06-22 05:00:00,16.08,15.563626,15.452676
2016-06-22 06:00:00,16.226667,16.80959,16.216179
2016-06-22 07:00:00,16.715,18.25309,17.840012
2016-06-22 08:00:00,18.686666,20.453373,20.488375
2016-06-22 09:00:00,20.988333,22.35588,22.342146
2016-06-22 10:00:00,22.041666,23.326752,23.945873
2016-06-22 11:00:00,22.55,24.169193,24.85767
2016-06-22 12:00:00,22.801666,24.08646,24.739365
2016-06-22 13:00:00,23.14,23.853262,24.585432
2016-06-22 14:00:00,23.681667,24.524115,25.324831
2016-06-22 15:00:00,25.305,25.228756,26.12332
2016-06-22 16:00:00,26.561666,24.919506,25.529762
2016-06-22 17:00:00,26.026667,25.075075,25.610126
2016-06-22 18:00:00,26.36,24.461273,24.812315
2016-06-22 19:00:00,25.928333,23.36287,23.78973
2016-06-22 20:00:00,24.535,23.282581,22.672045
2016-06-22 21:00:00,23.568333,22.930391,22.386013
2016-06-22 22:00:00,21.923334,22.22517,21.906157
2016-06-22 23:00:00,20.386667,21.060066,19.827381
2016-06-23 00:00:00,19.355,20.814995,20.25002
2016-06-23 01:00:00,18.541666,20.068445,19.218248
2016-06-23 02:00:00,17.565,18.653217,18.069052
2016-06-23 03:00:00,16.475,18.17841,17.879421
2016-06-23 04:00:00,15.89,17.54177,17.212225
2016-06-23 05:00:00,16.163334,17.47255,17.620207
2016-06-23 06:00:00,18.351667,18.469086,18.699202
2016-06-23 07:00:00,19.718334,20.259249,19.83231
2016-06-23 08:00:00,22.553333,22.62038,21.540022
2016-06-23 09:00:00,24.438334,24.440378,23.433996
2016-06-23 10:00:00,26.895,26.006844,25.504482
2016-06-23 11:00:00,28.355,27.613665,27.52485
2016-06-23 12:00:00,29.176666,29.33665,29.644064
2016-06-23 13:00:00,30.013334,29.80898,29.903158
2016-06-23 14:00:00,31.003334,31.023924,30.3869
2016-06-23 15:00:00,31.82,30.938507,30.305864
2016-06-23 16:00:00,32.535,31.524002,30.89605
2016-06-23 17:00:00,33.181667,31.74927,31.243502
2016-06-23 18:00:00,33.353333,31.614332,30.84821
2016-06-23 19:00:00,32.488335,31.405735,30.315023
2016-06-23 20:00:00,30.31,30.76691,29.547525
2016-06-23 21:00:00,28.811666,29.824415,28.019203
2016-06-23 22:00:00,27.145,28.572569,26.07224
2016-06-23 23:00:00,25.716667,27.310268,24.531244
2016-06-24 00:00:00,25.221666,25.625305,23.269163
2016-06-24 01:00:00,23.988333,24.221617,22.43582
2016-06-24 02:00:00,21.82,22.690022,21.376692
2016-06-24 03:00:00,20.461666,21.879305,20.874151
2016-06-24 04:00:00,20.893333,21.562824,20.522697
2016-06-24 05:00:00,20.281666,21.819761,20.543907
2016-06-24 06:00:00,21.156666,22.70789,21.148865
2016-06-24 07:00:00,22.055,24.018175,22.004255
2016-06-24 08:00:00,25.448334,24.567455,22.998693
2016-06-24 09:00:00,26.411667,26.234299,25.347456
2016-06-24 10:00:00,28.446667,28.45142,29.046865
2016-06-24 11:00:00,30.373333,29.03165,30.453655
2016-06-24 12:00:00,31.088333,29.943178,29.458931
2016-06-24 13:00:00,31.968334,29.48437,28.598162
2016-06-24 14:00:00,32.826668,32.566235,31.486805
2016-06-24 15:00:00,33.123333,32.073715,31.09281
2016-06-24 16:00:00,34.168335,32.585533,31.744009
2016-06-24 17:00:00,34.053333,33.2263,32.019314
2016-06-24 18:00:00,29.755,32.704445,31.60054
2016-06-24 19:00:00,25.993334,32.109413,31.076885
2016-06-24 20:00:00,24.538334,31.158438,29.585339
2016-06-24 21:00:00,23.516666,29.232307,28.32898
2016-06-24 22:00:00,23.393333,28.55523,27.646242
2016-06-24 23:00:00,22.021667,26.584728,26.295717
2016-06-25 00:00:00,20.826666,22.735035,21.983513
2016-06-25 01:00:00,19.781666,19.918337,19.73476
2016-06-25 02:00:00,19.215,18.308102,18.751328
2016-06-25 03:00:00,18.541666,18.06599,18.441416
2016-06-25 04:00:00,17.64,18.384777,18.084139
2016-06-25 05:00:00,17.493334,18.072763,17.674517
2016-06-25 06:00:00,19.466667,18.243567,18.198692
2016-06-25 07:00:00,20.9,19.130909,19.371878
2016-06-25 08:00:00,21.385,20.670328,20.59259
2016-06-25 09:00:00,22.456667,22.141148,21.714895
2016-06-25 10:00:00,23.748333,22.487705,22.769243
2016-06-25 11:00:00,23.89,23.801487,24.12871
2016-06-25 12:00:00,24.866667,25.674082,26.8185
2016-06-25 13:00:00,25.428333,25.916338,27.038015
2016-06-25 14:00:00,25.9,25.046429,26.405056
2016-06-25 15:00:00,26.91,25.170767,26.898684
2016-06-25 16:00:00,26.96,24.68894,26.303429
2016-06-25 17:00:00,27.8,23.74481,24.92074
2016-06-25 18:00:00,27.381666,24.013206,24.828312
2016-06-25 19:00:00,25.706667,23.371944,23.353964
2016-06-25 20:00:00,24.083334,22.845404,22.453686
2016-06-25 21:00:00,20.543333,22.461735,22.006424
2016-06-25 22:00:00,18.306667,21.765745,21.081211
2016-06-25 23:00:00,16.296667,21.524612,20.952328
2016-06-26 00:00:00,15.146667,20.80743,20.381882
2016-06-26 01:00:00,14.766666,19.510109,19.621054
2016-06-26 02:00:00,14.325,18.632805,18.678041
2016-06-26 03:00:00,14.155,16.828642,17.301516
2016-06-26 04:00:00,14.066667,15.751868,15.75816
2016-06-26 05:00:00,14.286667,14.704228,14.234266
2016-06-26 06:00:00,15.016666,14.362171,14.128722
2016-06-26 07:00:00,16.791666,14.098465,14.618367
2016-06-26 08:00:00,16.941668,14.225917,15.253968
2016-06-26 09:00:00,18.088333,16.046642,17.262867
2016-06-26 10:00:00,18.735,18.031376,19.272186
2016-06-26 11:00:00,19.723333,18.981394,20.295813
2016-06-26 12:00:00,20.255,20.06104,21.651375
2016-06-26 13:00:00,20.328333,21.013197,22.674183
2016-06-26 14:00:00,21.128334,20.169815,21.907034
2016-06-26 15:00:00,21.116667,20.995455,23.034328
2016-06-26 16:00:00,21.378334,21.197424,22.90303
2016-06-26 17:00:00,21.803333,21.196808,23.093655
2016-06-26 18:00:00,22.203333,21.389269,23.027405
2016-06-26 19:00:00,21.025,19.91242,21.544582
2016-06-26 20:00:00,20.14,18.93187,20.376192
2016-06-26 21:00:00,18.796667,17.637684,18.724638
2016-06-26 22:00:00,17.006666,16.906796,17.366045
2016-06-26 23:00:00,15.786667,16.51808,16.53258
2016-06-27 00:00:00,15.146667,15.884982,15.619988
2016-06-27 01:00:00,14.066667,14.562864,14.324868
2016-06-27 02:00:00,13.046667,13.993375,13.752646
2016-06-27 03:00:00,13.015,13.483898,13.295134
2016-06-27 04:00:00,12.333333,12.8424425,12.697856
2016-06-27 05:00:00,11.946667,12.729599,12.271546
2016-06-27 06:00:00,11.685,13.473967,13.272407
2016-06-27 07:00:00,12.826667,14.62639,14.221267
2016-06-27 08:00:00,16.318333,16.217125,16.25587
2016-06-27 09:00:00,17.618334,18.417168,19.256195
2016-06-27 10:00:00,18.548334,19.51451,19.889267
2016-06-27 11:00:00,19.355,19.584372,19.534771
2016-06-27 12:00:00,19.465,19.916937,20.033459
2016-06-27 13:00:00,19.943333,20.174553,20.7118
2016-06-27 14:00:00,20.803333,20.608753,21.53608
2016-06-27 15:00:00,21.378334,20.765007,21.328129
2016-06-27 16:00:00,21.525,21.125376,21.612398
2016-06-27 17:00:00,21.745,21.259487,21.927595
2016-06-27 18:00:00,20.836666,20.607552,21.221853
2016-06-27 19:00:00,20.251667,19.692465,20.253279
2016-06-27 20:00:00,19.018333,18.889544,19.302704
2016-06-27 21:00:00,18.071667,17.816998,18.009405
2016-06-27 22:00:00,17.093334,16.87418,16.505493
2016-06-27 23:00:00,17.321667,16.740011,15.950522
2016-06-28 00:00:00,16.733334,15.337622,14.941215
2016-06-28 01:00:00,14.98,14.791945,14.444258
2016-06-28 02:00:00,15.02,14.481306,14.191191
2016-06-28 03:00:00,14.78,14.506756,14.079421
2016-06-28 04:00:00,14.718333,14.433298,13.960482
2016-06-28 05:00:00,14.698334,15.171887,14.763357
2016-06-28 06:00:00,14.721666,15.746322,15.302297
2016-06-28 07:00:00,14.878333,16.463518,15.528645
2016-06-28 08:00:00,14.911667,18.09386,18.213072
2016-06-28 09:00:00,15.645,19.228016,19.846373
2016-06-28 10:00:00,17.41,20.025743,20.514656
2016-06-28 11:00:00,18.28,20.2742,21.018705
2016-06-28 12:00:00,19.495,19.958273,20.88351
2016-06-28 13:00:00,20.771667,19.131573,20.029055
2016-06-28 14:00:00,20.506666,19.67725,20.310194
2016-06-28 15:00:00,19.635,19.602312,20.26158
2016-06-28 16:00:00,19.983334,20.478857,20.877539
2016-06-28 17:00:00,19.368334,20.787182,21.508165
2016-06-28 18:00:00,19.588333,20.936762,21.253115
2016-06-28 19:00:00,19.968334,21.31255,21.69739
2016-06-28 20:00:00,18.605,18.900517,19.7135
2016-06-28 21:00:00,17.715,16.601496,17.61066
2016-06-28 22:00:00,16.87,16.141127,16.75329
2016-06-28 23:00:00,15.708333,15.739193,16.01706
2016-06-29 00:00:00,14.988334,15.6919775,16.076973
2016-06-29 01:00:00,14.953333,15.462671,15.92959
2016-06-29 02:00:00,14.86,14.192358,14.743892
2016-06-29 03:00:00,14.781667,13.781218,14.122887
2016-06-29 04:00:00,14.866667,14.053882,13.995321
2016-06-29 05:00:00,15.21,13.886567,13.680472
2016-06-29 06:00:00,16.055,14.645242,14.492297
2016-06-29 07:00:00,17.086666,16.294886,16.444254
2016-06-29 08:00:00,18.648333,18.0603,18.375628
2016-06-29 09:00:00,19.418333,19.636871,20.590614
2016-06-29 10:00:00,20.466667,20.315435,22.375858
2016-06-29 11:00:00,21.59,20.664331,22.420279
2016-06-29 12:00:00,22.338333,20.109625,20.90074
2016-06-29 13:00:00,23.038334,20.877188,21.217682
2016-06-29 14:00:00,23.578333,21.675325,21.964514
2016-06-29 15:00:00,23.956667,21.619831,21.677977
2016-06-29 16:00:00,24.778334,21.96516,22.163387
2016-06-29 17:00:00,24.615,22.223553,22.27019
2016-06-29 18:00:00,24.035,22.236122,22.318933
2016-06-29 19:00:00,23.305,21.603323,21.635778
2016-06-29 20:00:00,21.736666,21.188194,21.315529
2016-06-29 21:00:00,19.916666,20.033169,19.99411
2016-06-29 22:00:00,18.621666,18.984066,18.704967
2016-06-29 23:00:00,17.501667,18.712244,18.367428
2016-06-30 00:00:00,16.29,17.754805,17.568802
2016-06-30 01:00:00,15.321667,17.00911,17.00745
2016-06-30 02:00:00,14.73,15.889507,15.763439
2016-06-30 03:00:00,14.113334,14.74139,14.520838
2016-06-30 04:00:00,13.205,14.578946,14.159873
2016-06-30 05:00:00,12.885,14.241012,13.993678
2016-06-30 06:00:00,13.501667,14.987468,14.569974
2016-06-30 07:00:00,14.755,16.212109,16.148216
2016-06-30 08:00:00,16.471666,17.46333,18.395733
2016-06-30 09:00:00,17.195,18.779325,19.608639
2016-06-30 10:00:00,18.105,19.091051,19.601738
2016-06-30 11:00:00,19.15,19.521233,20.441658
2016-06-30 12:00:00,21.055,19.73052,21.124598
2016-06-30 13:00:00,22.195,19.749979,21.709082
2016-06-30 14:00:00,22.035,21.12722,22.931559
2016-06-30 15:00:00,21.993334,21.436462,22.373081
2016-06-30 16:00:00,22.941668,21.70438,22.322962
2016-06-30 17:00:00,23.528334,22.29038,22.532185
2016-06-30 18:00:00,24.185,21.79226,21.980402
2016-06-30 19:00:00,23.8,21.667278,21.386522
2016-06-30 20:00:00,22.171667,19.309381,19.669525
2016-06-30 21:00:00,20.883333,18.704575,18.961563
2016-06-30 22:00:00,19.895,18.41731,18.242027
2016-06-30 23:00:00,19.205,18.052845,17.518661
2016-07-01 00:00:00,18.44,17.991007,17.387442
2016-07-01 01:00:00,17.278334,17.345371,16.878607
2016-07-01 02:00:00,16.275,16.117725,15.980301
2016-07-01 03:00:00,15.706667,15.660233,15.545136
2016-07-01 04:00:00,14.826667,15.611444,15.425584
2016-07-01 05:00:00,15.046667,15.877967,15.69595
2016-07-01 06:00:00,16.861666,16.767977,16.553679
2016-07-01 07:00:00,18.485,17.659197,17.865162
2016-07-01 08:00:00,20.673334,18.737873,18.864614
2016-07-01 09:00:00,21.623333,20.620602,20.62289
2016-07-01 10:00:00,22.431667,20.668137,20.927681
2016-07-01 11:00:00,23.358334,21.96731,22.396296
2016-07-01 12:00:00,23.816668,23.176508,24.110044
2016-07-01 13:00:00,24.67,23.443188,24.281986
2016-07-01 14:00:00,25.256666,24.462973,25.171951
2016-07-01 15:00:00,25.19,23.843916,24.294542
2016-07-01 16:00:00,25.525,24.39555,24.631868
2016-07-01 17:00:00,26.056667,25.091478,25.240414
2016-07-01 18:00:00,26.306667,24.56151,24.674788
2016-07-01 19:00:00,25.893333,24.383125,24.735853
2016-07-01 20:00:00,23.97,23.396,23.903065
2016-07-01 21:00:00,21.808332,21.915207,22.366047
2016-07-01 22:00:00,20.416666,21.54096,21.662518
2016-07-01 23:00:00,19.516666,20.47228,20.017582
2016-07-02 00:00:00,18.885,20.376501,20.01652
2016-07-02 01:00:00,18.041666,19.787176,19.396769
2016-07-02 02:00:00,17.325,18.39302,18.084978
2016-07-02 03:00:00,16.375,17.643957,17.123964
2016-07-02 04:00:00,15.94,17.160208,16.574652
2016-07-02 05:00:00,16.425,17.302288,16.553795
2016-07-02 06:00:00,17.383333,17.554064,16.946112
2016-07-02 07:00:00,18.418333,18.653011,18.464012
2016-07-02 08:00:00,20.336666,19.849033,20.831484
2016-07-02 09:00:00,21.706667,20.388798,21.934801
2016-07-02 10:00:00,21.531666,21.448435,22.076538
2016-07-02 11:00:00,20.063334,22.565601,23.438683
2016-07-02 12:00:00,16.806667,22.536362,24.090614
2016-07-02 13:00:00,17.79,23.424957,24.793139
2016-07-02 14:00:00,15.608334,23.700352,24.593288
2016-07-02 15:00:00,15.021667,24.156734,24.748003
2016-07-02 16:00:00,14.4366665,23.916132,24.200766
2016-07-02 17:00:00,15.643333,20.829212,20.92029
2016-07-02 18:00:00,17.85,18.697708,19.23075
2016-07-02 19:00:00,17.775,17.671396,18.170692
2016-07-02 20:00:00,16.551666,14.730085,15.016233
2016-07-02 21:00:00,15.541667,13.636593,14.536908
2016-07-02 22:00:00,14.531667,12.861386,13.393798
2016-07-02 23:00:00,13.513333,13.681643,13.597651
2016-07-03 00:00:00,12.846666,13.861677,13.240909
2016-07-03 01:00:00,12.573334,12.536898,12.501807
2016-07-03 02:00:00,11.875,12.067769,12.190428
2016-07-03 03:00:00,11.305,11.888333,11.859833
2016-07-03 04:00:00,10.146667,11.561496,11.366618
2016-07-03 05:00:00,9.498333,12.21884,11.768566
2016-07-03 06:00:00,10.468333,11.924709,11.950562
2016-07-03 07:00:00,12.065,13.196784,12.9005995
2016-07-03 08:00:00,13.948334,14.093932,14.131546
2016-07-03 09:00:00,16.105,15.20172,15.016497
2016-07-03 10:00:00,17.308332,16.072498,15.545792
2016-07-03 11:00:00,17.596666,16.94099,15.914385
2016-07-03 12:00:00,17.941668,18.426828,17.327099
2016-07-03 13:00:00,17.506666,19.261194,18.699575
2016-07-03 14:00:00,18.756666,19.927376,19.701637
2016-07-03 15:00:00,14.883333,19.820843,19.961908
2016-07-03 16:00:00,14.16,20.384645,20.516092
2016-07-03 17:00:00,14.755,19.275427,19.999105
2016-07-03 18:00:00,14.3,19.333673,19.565422
2016-07-03 19:00:00,16.095,17.316532,17.844847
2016-07-03 20:00:00,14.463333,18.129929,18.30066
2016-07-03 21:00:00,13.343333,12.055714,12.905763
2016-07-03 22:00:00,12.516666,14.025245,14.180173
2016-07-03 23:00:00,11.788333,13.492763,13.237175
2016-07-04 00:00:00,10.828333,12.802315,12.345666
2016-07-04 01:00:00,9.725,13.869059,13.900545
2016-07-04 02:00:00,9.145,12.192342,11.791122
2016-07-04 03:00:00,8.44,10.888264,10.660421
2016-07-04 04:00:00,7.463333,10.641177,10.179476
2016-07-04 05:00:00,7.09,10.60638,10.1233015
2016-07-04 06:00:00,7.4,10.80555,10.298958
2016-07-04 07:00:00,8.286667,11.044254,11.233392
2016-07-04 08:00:00,10.078333,12.876419,13.493625
2016-07-04 09:00:00,13.385,14.594543,15.550493
2016-07-04 10:00:00,17.283333,16.382786,17.190353
2016-07-04 11:00:00,18.945,17.413595,18.157776
2016-07-04 12:00:00,19.665,18.437685,18.29117
2016-07-04 13:00:00,20.148333,19.13413,18.606874
2016-07-04 14:00:00,21.091667,19.8625,19.1746
2016-07-04 15:00:00,21.501667,20.55386,20.276405
2016-07-04 16:00:00,22.466667,22.31154,22.187378
2016-07-04 17:00:00,22.425,22.329584,22.406221
2016-07-04 18:00:00,22.176666,21.409761,21.73057
2016-07-04 19:00:00,21.985,21.255161,21.466139
2016-07-04 20:00:00,21.106667,20.749784,21.195515
2016-07-04 21:00:00,19.5,19.315878,19.138336
2016-07-04 22:00:00,18.3,18.805468,17.772514
2016-07-04 23:00:00,17.665,16.656897,15.730366
2016-07-05 00:00:00,16.515,15.03231,14.110501
2016-07-05 01:00:00,16.141666,15.0468235,13.873829
2016-07-05 02:00:00,16.155,14.471476,13.28441
2016-07-05 03:00:00,15.283334,14.226082,13.076695
2016-07-05 04:00:00,14.926666,14.211557,13.078846
2016-07-05 05:00:00,14.648334,14.744586,13.353927
2016-07-05 06:00:00,15.075,15.386934,14.01114
2016-07-05 07:00:00,16.245,16.966629,16.098904
2016-07-05 08:00:00,19.028334,18.507265,18.589237
2016-07-05 09:00:00,21.308332,19.173353,19.690035
2016-07-05 10:00:00,21.328333,19.824383,20.57137
2016-07-05 11:00:00,22.02,20.180077,21.4052
2016-07-05 12:00:00,22.556667,20.538986,22.50866
2016-07-05 13:00:00,23.305,21.41349,23.480951
2016-07-05 14:00:00,24.505,23.686068,25.184914
2016-07-05 15:00:00,24.838333,24.189373,24.605057
2016-07-05 16:00:00,24.878334,22.071156,22.534534
2016-07-05 17:00:00,24.268333,22.86825,22.827095
2016-07-05 18:00:00,23.29,22.592796,22.493116
2016-07-05 19:00:00,22.611666,22.333546,22.04574
2016-07-05 20:00:00,21.026667,21.703466,21.1644
2016-07-05 21:00:00,17.74,20.40755,19.6706
2016-07-05 22:00:00,14.826667,19.69464,19.239773
2016-07-05 23:00:00,14.733334,17.893791,17.50361
2016-07-06 00:00:00,15.093333,17.060797,16.744528
2016-07-06 01:00:00,14.3,16.432333,16.182257
2016-07-06 02:00:00,13.625,15.610282,15.523784
2016-07-06 03:00:00,12.765,14.336008,14.26285
2016-07-06 04:00:00,12.456667,13.442265,13.02856
2016-07-06 05:00:00,12.635,13.781578,13.590336
2016-07-06 06:00:00,12.648334,13.42016,13.675888
2016-07-06 07:00:00,13.351666,13.144387,13.232109
2016-07-06 08:00:00,14.033334,13.816061,13.75644
2016-07-06 09:00:00,14.338333,14.871525,15.148404
2016-07-06 10:00:00,15.001667,15.558168,15.965464
2016-07-06 11:00:00,15.571667,16.157595,16.770357
2016-07-06 12:00:00,16.831667,16.56624,16.991089
2016-07-06 13:00:00,17.36,17.102034,17.651428
2016-07-06 14:00:00,18.376667,17.268244,17.698112
2016-07-06 15:00:00,18.991667,17.363214,17.851166
2016-07-06 16:00:00,19.11,17.597973,18.124567
2016-07-06 17:00:00,19.75,17.972893,18.461485
2016-07-06 18:00:00,19.345,18.113256,18.464222
2016-07-06 19:00:00,19.08,17.222347,17.840588
2016-07-06 20:00:00,17.328333,16.734196,17.245111
2016-07-06 21:00:00,15.953333,15.602663,15.964559
2016-07-06 22:00:00,15.031667,14.57149,14.641884
2016-07-06 23:00:00,14.64,14.919747,14.48312
2016-07-07 00:00:00,14.183333,13.572617,13.080542
2016-07-07 01:00:00,11.373333,13.212231,12.826524
2016-07-07 02:00:00,10.408334,11.674285,11.706277
2016-07-07 03:00:00,10.055,11.223482,11.169412
2016-07-07 04:00:00,9.81,10.998863,11.002017
2016-07-07 05:00:00,10.051666,11.572485,11.585997
2016-07-07 06:00:00,9.776667,12.477747,12.44698
2016-07-07 07:00:00,12.228333,11.652882,10.832804
2016-07-07 08:00:00,14.181666,14.303664,13.192517
2016-07-07 09:00:00,16.331667,15.769502,16.649233
2016-07-07 10:00:00,17.54,16.539055,16.555603
2016-07-07 11:00:00,18.656666,17.562502,16.982016
2016-07-07 12:00:00,19.201666,17.955246,17.339293
2016-07-07 13:00:00,20.111666,19.596554,19.784529
2016-07-07 14:00:00,21.131666,20.167925,20.502665
2016-07-07 15:00:00,21.68,20.388891,20.847355
2016-07-07 16:00:00,21.983334,20.871696,21.302395
2016-07-07 17:00:00,22.275,20.75182,21.126833
2016-07-07 18:00:00,22.49,20.36021,20.836386
2016-07-07 19:00:00,21.781666,20.420116,20.818447
2016-07-07 20:00:00,20.423334,19.173843,19.447714
2016-07-07 21:00:00,19.283333,17.96822,18.139465
2016-07-07 22:00:00,17.435,16.719336,16.670313
2016-07-07 23:00:00,16.463333,16.350277,15.627458
2016-07-08 00:00:00,15.886666,15.355323,14.790642
2016-07-08 01:00:00,15.411667,14.163054,13.6556635
2016-07-08 02:00:00,14.943334,12.989342,12.556411
2016-07-08 03:00:00,14.675,12.5097475,11.873056
2016-07-08 04:00:00,13.925,12.285585,11.78245
2016-07-08 05:00:00,13.241667,12.882521,12.434286
2016-07-08 06:00:00,13.48,13.994997,13.062487
2016-07-08 07:00:00,14.408334,16.11798,14.847025
2016-07-08 08:00:00,16.11,17.787346,17.348696
2016-07-08 09:00:00,19.565,19.324646,19.811214
2016-07-08 10:00:00,22.655,20.28119,20.81273
2016-07-08 11:00:00,23.758333,20.629936,20.827951
2016-07-08 12:00:00,25.933332,20.65934,21.149076
2016-07-08 13:00:00,26.68,20.77486,21.894857
2016-07-08 14:00:00,27.175,21.207756,22.458279
2016-07-08 15:00:00,26.345,23.796312,24.954613
2016-07-08 16:00:00,26.373333,26.165962,26.449955
2016-07-08 17:00:00,25.481667,25.943531,25.969439
2016-07-08 18:00:00,24.546667,26.704351,26.768133
2016-07-08 19:00:00,23.87,25.876673,25.493942
2016-07-08 20:00:00,23.303333,24.320007,24.039793
2016-07-08 21:00:00,21.783333,22.301468,22.191381
2016-07-08 22:00:00,19.571667,21.16726,20.866959
2016-07-08 23:00:00,17.161667,19.119251,18.717146
2016-07-09 00:00:00,17.18,17.997381,17.79523
2016-07-09 01:00:00,17.186666,17.627754,17.538662
2016-07-09 02:00:00,16.496666,17.646164,17.381346
2016-07-09 03:00:00,15.735,16.478815,15.735204
2016-07-09 04:00:00,15.201667,15.791,15.159699
2016-07-09 05:00:00,15.458333,15.409672,14.523196
2016-07-09 06:00:00,15.673333,16.232628,15.761884
2016-07-09 07:00:00,16.645,16.94287,16.980875
2016-07-09 08:00:00,17.998333,17.940128,17.750237
2016-07-09 09:00:00,19.146667,19.17764,18.81867
2016-07-09 10:00:00,19.745,19.699774,19.702898
2016-07-09 11:00:00,20.388334,20.390932,20.954447
2016-07-09 12:00:00,21.448334,20.939758,21.422468
2016-07-09 13:00:00,22.466667,20.708712,21.307974
2016-07-09 14:00:00,23.103333,21.75116,22.564087
2016-07-09 15:00:00,23.685,21.71763,22.476505
2016-07-09 16:00:00,24.42,22.112019,23.049517
2016-07-09 17:00:00,24.588333,21.936493,22.74141
2016-07-09 18:00:00,24.54,21.886845,22.576761
2016-07-09 19:00:00,24.045,21.53407,22.171177
2016-07-09 20:00:00,22.54,20.50559,21.297491
2016-07-09 21:00:00,21.555,19.302446,19.8797
2016-07-09 22:00:00,20.878334,19.369535,19.395737
2016-07-09 23:00:00,19.605,18.5403,17.989372
2016-07-10 00:00:00,18.785,17.594791,16.941383
2016-07-10 01:00:00,17.418333,16.925005,16.30522
2016-07-10 02:00:00,16.975,15.8,15.373977
2016-07-10 03:00:00,16.3,15.941037,15.598583
2016-07-10 04:00:00,15.033334,15.81424,15.280261
2016-07-10 05:00:00,14.5616665,15.919908,15.42242
2016-07-10 06:00:00,15.448334,16.910725,16.383635
2016-07-10 07:00:00,17.275,18.005981,17.554266
2016-07-10 08:00:00,19.513334,19.914568,19.756876
2016-07-10 09:00:00,22.016666,21.738426,21.608267
2016-07-10 10:00:00,24.465,22.491,22.063354
2016-07-10 11:00:00,25.491667,23.181934,22.730484
2016-07-10 12:00:00,26.79,24.014894,23.998394
2016-07-10 13:00:00,27.471666,24.120846,24.86228
2016-07-10 14:00:00,28.378334,24.498856,25.598217
2016-07-10 15:00:00,29.13,26.22432,27.279484
2016-07-10 16:00:00,29.783333,26.737312,27.488121
2016-07-10 17:00:00,30.256666,27.055098,27.557636
2016-07-10 18:00:00,29.758333,27.594685,27.705458
2016-07-10 19:00:00,29.318333,26.689224,26.494923
2016-07-10 20:00:00,27.923334,26.592987,26.335608
2016-07-10 21:00:00,26.835,25.144093,24.937544
2016-07-10 22:00:00,25.905,24.905529,23.932869
2016-07-10 23:00:00,23.963333,24.144539,22.519247
2016-07-11 00:00:00,22.318333,22.932833,21.71176
2016-07-11 01:00:00,20.83,22.186342,21.369135
2016-07-11 02:00:00,20.06,21.221811,20.702185
2016-07-11 03:00:00,19.616667,20.720331,20.360247
2016-07-11 04:00:00,19.445,20.316916,19.88487
2016-07-11 05:00:00,18.786667,20.20234,19.44504
2016-07-11 06:00:00,20.003334,20.87902,19.704178
2016-07-11 07:00:00,22.116667,21.69145,20.688614
2016-07-11 08:00:00,25.118334,22.830687,22.898933
2016-07-11 09:00:00,27.48,24.667953,25.303091
2016-07-11 10:00:00,28.243334,26.419802,28.030922
2016-07-11 11:00:00,28.653334,27.327475,29.18298
2016-07-11 12:00:00,28.578333,29.209433,29.870136
2016-07-11 13:00:00,29.763334,30.361269,30.329535
2016-07-11 14:00:00,29.561666,30.99478,30.980167
2016-07-11 15:00:00,29.255,29.82675,29.18076
2016-07-11 16:00:00,29.525,29.079271,29.328077
2016-07-11 17:00:00,29.02,28.410261,28.201025
2016-07-11 18:00:00,27.793333,27.748802,27.566065
2016-07-11 19:00:00,25.881666,27.043333,26.426495
2016-07-11 20:00:00,25.005,26.387312,25.919504
2016-07-11 21:00:00,23.475,24.146519,23.810816
2016-07-11 22:00:00,22.508333,23.701591,23.25757
2016-07-11 23:00:00,21.395,22.12177,21.944595
2016-07-12 00:00:00,20.91,20.268766,20.772213
2016-07-12 01:00:00,20.345,18.306387,18.731133
2016-07-12 02:00:00,19.726667,18.034903,18.35602
2016-07-12 03:00:00,19.075,17.415743,17.492508
2016-07-12 04:00:00,18.826666,17.322813,17.011787
2016-07-12 05:00:00,18.641666,17.246782,16.624008
2016-07-12 06:00:00,18.476667,17.886848,17.386707
2016-07-12 07:00:00,18.88,19.07288,18.847889
2016-07-12 08:00:00,19.516666,20.454227,20.431297
2016-07-12 09:00:00,21.148333,21.314537,21.245234
2016-07-12 10:00:00,21.336666,21.701975,21.679813
2016-07-12 11:00:00,22.113333,22.010805,22.405827
2016-07-12 12:00:00,22.826666,22.190012,22.749952
2016-07-12 13:00:00,21.686666,22.733637,23.457727
2016-07-12 14:00:00,21.458334,22.838936,23.458548
2016-07-12 15:00:00,21.68,23.327541,24.358667
2016-07-12 16:00:00,21.621666,23.360178,24.218441
2016-07-12 17:00:00,21.465,23.076185,24.189913
2016-07-12 18:00:00,21.118334,22.596758,23.112791
2016-07-12 19:00:00,20.59,20.518719,20.961735
2016-07-12 20:00:00,19.993334,19.048801,19.270235
2016-07-12 21:00:00,18.941668,18.439926,18.589344
2016-07-12 22:00:00,18.011667,17.581728,17.387278
2016-07-12 23:00:00,17.331667,16.808723,16.49636
2016-07-13 00:00:00,16.851667,16.375751,15.981988
2016-07-13 01:00:00,16.215,16.173983,15.811179
2016-07-13 02:00:00,15.533334,16.030445,15.689366
2016-07-13 03:00:00,14.643333,15.488646,15.108143
2016-07-13 04:00:00,14.3,15.359371,14.8079
2016-07-13 05:00:00,14.368333,15.356083,14.87101
2016-07-13 06:00:00,14.341666,16.452559,15.690851
2016-07-13 07:00:00,15.483334,17.003597,17.049515
2016-07-13 08:00:00,15.455,17.89911,18.188341
2016-07-13 09:00:00,16.406666,18.864376,18.730831
2016-07-13 10:00:00,17.833334,20.39586,20.570219
2016-07-13 11:00:00,18.913334,20.22879,21.275673
2016-07-13 12:00:00,19.615,19.777138,20.975386
2016-07-13 13:00:00,19.115,19.251911,21.448578
2016-07-13 14:00:00,18.495,18.893211,19.99627
2016-07-13 15:00:00,16.32,19.745481,21.1462
2016-07-13 16:00:00,17.591667,20.346169,20.555016
2016-07-13 17:00:00,17.823334,21.116959,21.473635
2016-07-13 18:00:00,18.248333,20.029139,20.232853
2016-07-13 19:00:00,17.548334,18.857216,19.240189
2016-07-13 20:00:00,16.928333,18.050655,18.266537
2016-07-13 21:00:00,16.041666,15.586996,16.323355
2016-07-13 22:00:00,15.303333,16.169273,16.214645
2016-07-13 23:00:00,14.596666,15.861713,15.878192
2016-07-14 00:00:00,14.065,15.41196,15.512901
2016-07-14 01:00:00,13.99,14.677765,14.902047
2016-07-14 02:00:00,13.76,14.433621,14.906011
2016-07-14 03:00:00,13.373333,13.251987,13.779841
2016-07-14 04:00:00,12.805,13.1007595,13.389004
2016-07-14 05:00:00,12.51,12.634037,12.991105
2016-07-14 06:00:00,12.44,13.414405,13.3124075
2016-07-14 07:00:00,12.4366665,14.414785,14.597128
2016-07-14 08:00:00,12.465,15.251657,15.642754
2016-07-14 09:00:00,12.321667,16.60587,16.866737
2016-07-14 10:00:00,11.996667,16.837261,17.332266
2016-07-14 11:00:00,12.4383335,17.81734,18.316338
2016-07-14 12:00:00,13.108334,17.88069,18.352541
2016-07-14 13:00:00,13.48,17.434206,17.857153
2016-07-14 14:00:00,14.706667,16.194302,16.309694
2016-07-14 15:00:00,15.776667,15.734781,15.608726
2016-07-14 16:00:00,17.141666,14.987116,14.844982
2016-07-14 17:00:00,17.53,15.521001,15.265908
2016-07-14 18:00:00,17.756666,14.999241,14.870387
2016-07-14 19:00:00,16.898333,14.026724,13.859468
2016-07-14 20:00:00,16.261667,14.354112,14.328497
2016-07-14 21:00:00,15.158334,13.890427,13.975337
2016-07-14 22:00:00,14.505,13.84298,13.601114
2016-07-14 23:00:00,13.86,13.0457325,12.6062
2016-07-15 00:00:00,12.57,12.592177,12.413827
2016-07-15 01:00:00,12.036667,12.017784,11.897647
2016-07-15 02:00:00,12.151667,12.061155,12.018709
2016-07-15 03:00:00,11.876667,11.329555,11.351018
2016-07-15 04:00:00,11.995,11.531293,11.416937
2016-07-15 05:00:00,11.995,11.806214,11.7611885
2016-07-15 06:00:00,11.9366665,11.848244,11.650046
2016-07-15 07:00:00,12.24,12.728776,12.434811
2016-07-15 08:00:00,12.511666,13.889977,13.785749
2016-07-15 09:00:00,12.663333,14.536285,14.408175
2016-07-15 10:00:00,12.785,15.589683,15.483894
2016-07-15 11:00:00,13.781667,15.485146,15.5418
2016-07-15 12:00:00,14.635,16.130054,16.289165
2016-07-15 13:00:00,15.566667,16.399954,16.60047
2016-07-15 14:00:00,15.685,16.54625,16.610023
2016-07-15 15:00:00,15.74,16.69197,16.700426
2016-07-15 16:00:00,16.786667,16.501894,16.543943
2016-07-15 17:00:00,18.365,17.21279,17.43165
2016-07-15 18:00:00,18.456667,16.595787,17.071615
2016-07-15 19:00:00,16.906666,16.539425,17.098137
2016-07-15 20:00:00,16.17,15.173235,15.872989
2016-07-15 21:00:00,15.97,14.295011,14.801364
2016-07-15 22:00:00,14.96,14.238934,14.326671
2016-07-15 23:00:00,13.281667,14.394503,13.823759
2016-07-16 00:00:00,12.54,13.983993,13.212822
2016-07-16 01:00:00,11.536667,12.098709,11.952237
2016-07-16 02:00:00,10.775,11.629901,11.509411
2016-07-16 03:00:00,9.916667,11.44023,11.246281
2016-07-16 04:00:00,9.526667,10.740932,10.762766
2016-07-16 05:00:00,8.853333,10.252209,10.004045
2016-07-16 06:00:00,9.755,11.449891,10.665297
2016-07-16 07:00:00,11.47,12.845649,12.048402
2016-07-16 08:00:00,14.08,14.773949,14.58208
2016-07-16 09:00:00,17.346666,15.961901,16.39912
2016-07-16 10:00:00,19.696667,17.446648,17.81783
2016-07-16 11:00:00,20.578333,18.06408,17.777668
2016-07-16 12:00:00,21.193333,19.596613,19.098373
2016-07-16 13:00:00,21.995,20.031385,19.965004
2016-07-16 14:00:00,22.433332,20.882767,21.397493
2016-07-16 15:00:00,22.633333,21.911919,22.436323
2016-07-16 16:00:00,22.886667,22.518682,22.752983
2016-07-16 17:00:00,22.245,22.52294,22.773172
2016-07-16 18:00:00,21.943333,22.028854,22.2735
2016-07-16 19:00:00,21.321667,21.92651,22.42843
2016-07-16 20:00:00,20.781666,20.426147,21.19635
2016-07-16 21:00:00,20.065,19.138662,19.573225
2016-07-16 22:00:00,19.526667,18.532011,18.226994
2016-07-16 23:00:00,19.061666,16.97164,16.501297
2016-07-17 00:00:00,18.708334,16.133133,15.732677
2016-07-17 01:00:00,18.473333,15.576864,15.0858555
2016-07-17 02:00:00,18.278334,15.350316,14.910982
2016-07-17 03:00:00,17.981667,15.220943,14.6660385
2016-07-17 04:00:00,17.785,15.353095,14.77072
2016-07-17 05:00:00,17.525,15.876683,15.336977
2016-07-17 06:00:00,16.121666,16.823568,16.315264
2016-07-17 07:00:00,15.92,18.054146,17.380684
2016-07-17 08:00:00,16.296667,19.526789,18.744543
2016-07-17 09:00:00,16.91,20.934147,20.2095
2016-07-17 10:00:00,18.495,21.989237,21.333328
2016-07-17 11:00:00,21.595,23.05344,22.161959
2016-07-17 12:00:00,22.836666,21.710075,21.12322
2016-07-17 13:00:00,21.278334,22.634434,22.390087
2016-07-17 14:00:00,20.37,22.711937,22.74378
2016-07-17 15:00:00,21.798334,22.928568,22.697216
2016-07-17 16:00:00,21.613333,23.757898,23.349861
2016-07-17 17:00:00,21.788334,24.188435,23.92439
2016-07-17 18:00:00,22.798334,23.129541,23.259703
2016-07-17 19:00:00,21.701666,20.806128,21.125967
2016-07-17 20:00:00,20.751667,19.820795,20.139399
2016-07-17 21:00:00,19.96,20.442066,20.578781
2016-07-17 22:00:00,19.575,19.397675,19.277393
2016-07-17 23:00:00,19.54,18.57569,18.235043
2016-07-18 00:00:00,19.636667,18.79653,18.403126
2016-07-18 01:00:00,19.278334,18.077282,17.80715
2016-07-18 02:00:00,18.606667,17.637033,17.420773
2016-07-18 03:00:00,17.638334,17.506445,17.279322
2016-07-18 04:00:00,16.896667,17.687279,17.26226
2016-07-18 05:00:00,16.478333,17.913683,17.403086
2016-07-18 06:00:00,16.921667,18.310915,17.863882
2016-07-18 07:00:00,18.77,18.810846,18.376879
2016-07-18 08:00:00,19.563334,19.24633,18.745478
2016-07-18 09:00:00,20.445,19.785694,19.150326
2016-07-18 10:00:00,21.148333,20.298355,19.74588
2016-07-18 11:00:00,22.09,20.940039,20.661413
2016-07-18 12:00:00,22.915,22.486244,22.372791
2016-07-18 13:00:00,23.68,23.983017,24.038202
2016-07-18 14:00:00,24.088333,22.783712,23.210712
2016-07-18 15:00:00,24.783333,23.19571,24.004896
2016-07-18 16:00:00,25.245,23.593658,24.366447
2016-07-18 17:00:00,25.503334,24.040342,24.869007
2016-07-18 18:00:00,25.433332,23.596563,24.480433
2016-07-18 19:00:00,24.713333,22.981876,23.935366
2016-07-18 20:00:00,24.18,21.42365,22.488348
2016-07-18 21:00:00,23.475,20.8641,21.351084
2016-07-18 22:00:00,22.698334,19.97367,20.092215
2016-07-18 23:00:00,20.428333,19.259844,18.943638
2016-07-19 00:00:00,18.713333,18.346241,18.102108
2016-07-19 01:00:00,17.751667,17.287798,17.173029
2016-07-19 02:00:00,16.698334,17.00272,16.688435
2016-07-19 03:00:00,15.818334,17.045431,16.895105
2016-07-19 04:00:00,14.791667,17.17762,16.849289
2016-07-19 05:00:00,14.308333,16.873184,15.983127
2016-07-19 06:00:00,15.638333,16.52682,15.690109
2016-07-19 07:00:00,17.735,18.37206,17.040304
2016-07-19 08:00:00,19.276667,20.542635,19.23902
2016-07-19 09:00:00,22.08,22.58787,21.720034
2016-07-19 10:00:00,24.171667,24.208607,23.345436
2016-07-19 11:00:00,25.365,25.109264,24.455423
2016-07-19 12:00:00,26.313334,26.588898,26.200083
2016-07-19 13:00:00,26.998333,27.464275,26.616964
2016-07-19 14:00:00,27.188334,27.069414,26.57069
2016-07-19 15:00:00,27.473333,28.178507,28.012718
2016-07-19 16:00:00,27.411667,28.635775,28.556437
2016-07-19 17:00:00,27.611666,26.886555,27.49133
2016-07-19 18:00:00,27.386667,27.129553,27.037142
2016-07-19 19:00:00,26.791666,26.53339,26.231401
2016-07-19 20:00:00,25.486666,25.130655,25.168627
2016-07-19 21:00:00,24.083334,23.807165,23.665596
2016-07-19 22:00:00,22.763334,22.386993,22.070036
2016-07-19 23:00:00,21.698334,21.325478,20.915781
2016-07-20 00:00:00,20.87,20.59913,20.168365
2016-07-20 01:00:00,19.278334,19.93958,19.455175
2016-07-20 02:00:00,18.106667,18.568722,18.312403
2016-07-20 03:00:00,17.053333,17.431187,17.268517
2016-07-20 04:00:00,16.181667,16.914225,16.633505
2016-07-20 05:00:00,15.515,17.021389,16.509874
2016-07-20 06:00:00,16.38,17.899849,17.036179
2016-07-20 07:00:00,18.481667,18.703182,17.770826
2016-07-20 08:00:00,20.386667,21.007504,20.388905
2016-07-20 09:00:00,23.051666,22.982067,22.816652
2016-07-20 10:00:00,25.166666,24.629438,25.110695
2016-07-20 11:00:00,26.128334,25.524426,27.079737
2016-07-20 12:00:00,27.068333,26.949203,28.71256
2016-07-20 13:00:00,28.281666,28.001205,29.583015
2016-07-20 14:00:00,29.036667,27.940088,29.088327
2016-07-20 15:00:00,29.565,28.916042,29.749239
2016-07-20 16:00:00,30.255,29.52093,30.05369
2016-07-20 17:00:00,30.408333,28.417393,29.369192
2016-07-20 18:00:00,30.121666,27.729925,28.655462
2016-07-20 19:00:00,29.593334,28.361816,28.409286
2016-07-20 20:00:00,27.925,27.137188,27.279581
2016-07-20 21:00:00,26.671667,25.896769,25.617998
2016-07-20 22:00:00,25.276667,24.484665,23.589764
2016-07-20 23:00:00,24.065,23.296751,21.974249
2016-07-21 00:00:00,22.881666,22.711823,21.094984
2016-07-21 01:00:00,21.835,22.13922,20.54545
2016-07-21 02:00:00,21.11,20.58822,19.702612
2016-07-21 03:00:00,19.66,19.944876,19.209381
2016-07-21 04:00:00,19.343334,18.808237,18.48671
2016-07-21 05:00:00,18.733334,19.207592,18.511372
2016-07-21 06:00:00,18.59,20.263859,18.907894
2016-07-21 07:00:00,19.36,21.620003,19.851727
2016-07-21 08:00:00,19.478333,23.352962,21.436836
2016-07-21 09:00:00,20.278334,24.65654,23.146536
2016-07-21 10:00:00,20.381666,26.454664,26.371277
2016-07-21 11:00:00,19.258333,26.142574,27.724108
2016-07-21 12:00:00,18.788334,25.275196,26.780815
2016-07-21 13:00:00,19.261667,25.119778,26.767523
2016-07-21 14:00:00,19.963333,23.968246,25.555567
2016-07-21 15:00:00,20.186666,23.42317,24.551054
2016-07-21 16:00:00,20.2,22.822762,23.769596
2016-07-21 17:00:00,20.438334,21.34328,22.180605
2016-07-21 18:00:00,20.898333,20.425188,21.268093
2016-07-21 19:00:00,21.39,20.09604,20.783062
2016-07-21 20:00:00,19.965,19.674654,20.132584
2016-07-21 21:00:00,19.138334,19.01573,18.954685
2016-07-21 22:00:00,18.575,18.497547,18.00429
2016-07-21 23:00:00,17.903334,18.218172,17.51811
2016-07-22 00:00:00,17.388334,17.913351,17.758507
2016-07-22 01:00:00,16.82,18.430578,18.346031
2016-07-22 02:00:00,16.435,17.84323,17.698744
2016-07-22 03:00:00,16.383333,17.23005,17.244003
2016-07-22 04:00:00,16.048334,17.418913,17.039354
2016-07-22 05:00:00,15.828333,17.582125,17.060019
2016-07-22 06:00:00,15.765,17.731974,17.364607
2016-07-22 07:00:00,15.941667,18.11742,18.128273
2016-07-22 08:00:00,16.453333,18.962112,19.493269
2016-07-22 09:00:00,18.59,20.917624,21.569353
2016-07-22 10:00:00,21.726667,21.581018,22.96156
2016-07-22 11:00:00,24.45,22.425543,24.213314
2016-07-22 12:00:00,26.153334,22.761269,23.797861
2016-07-22 13:00:00,27.046667,23.034714,23.69822
2016-07-22 14:00:00,28.086666,23.117739,23.68247
2016-07-22 15:00:00,28.876667,24.466232,24.76771
2016-07-22 16:00:00,29.221666,25.63941,25.332699
2016-07-22 17:00:00,29.228333,26.130548,26.11506
2016-07-22 18:00:00,29.32,26.94609,27.043362
2016-07-22 19:00:00,28.42,27.423063,26.742767
2016-07-22 20:00:00,24.921667,27.144936,26.223536
2016-07-22 21:00:00,22.931667,26.302067,25.138863
2016-07-22 22:00:00,21.583334,24.498821,22.982655
2016-07-22 23:00:00,20.696667,22.92802,21.502754
2016-07-23 00:00:00,20.381666,22.455236,20.713278
2016-07-23 01:00:00,19.96,21.550465,19.799734
2016-07-23 02:00:00,19.11,18.890533,17.994808
2016-07-23 03:00:00,18.455,18.71056,17.837692
2016-07-23 04:00:00,17.82,17.838318,17.250443
2016-07-23 05:00:00,17.666666,17.546295,16.994823
2016-07-23 06:00:00,17.448334,17.837477,17.260939
2016-07-23 07:00:00,18.463333,18.477512,18.067904
2016-07-23 08:00:00,19.811666,19.544851,19.487335
2016-07-23 09:00:00,20.975,21.287277,21.627186
2016-07-23 10:00:00,22.163334,22.306072,23.147228
2016-07-23 11:00:00,23.546667,23.444008,24.36867
2016-07-23 12:00:00,24.913334,23.74678,25.12143
2016-07-23 13:00:00,25.765,23.517773,25.203365
2016-07-23 14:00:00,25.066668,24.321661,25.942461
2016-07-23 15:00:00,22.336666,25.018024,26.801962
2016-07-23 16:00:00,19.036667,25.46825,26.78133
2016-07-23 17:00:00,19.22,25.910917,26.729877
2016-07-23 18:00:00,19.996666,26.078077,26.536734
2016-07-23 19:00:00,19.758333,25.848722,26.038404
2016-07-23 20:00:00,19.188334,22.940042,23.4556
2016-07-23 21:00:00,18.92,19.744843,20.105848
2016-07-23 22:00:00,18.666666,18.381466,18.527344
2016-07-23 23:00:00,18.555,18.541365,18.149023
2016-07-24 00:00:00,18.415,18.126362,18.166937
2016-07-24 01:00:00,18.086666,17.888391,17.688892
2016-07-24 02:00:00,17.768333,17.256172,16.845547
2016-07-24 03:00:00,17.448334,17.374832,16.932928
2016-07-24 04:00:00,17.123333,17.284498,16.835543
2016-07-24 05:00:00,17.121666,17.343231,16.944918
2016-07-24 06:00:00,17.365,17.807533,17.388094
2016-07-24 07:00:00,17.766666,18.218153,17.632692
2016-07-24 08:00:00,19.713333,19.720037,18.991098
2016-07-24 09:00:00,22.098333,20.859472,20.457438
2016-07-24 10:00:00,22.948334,22.080326,21.398243
2016-07-24 11:00:00,24.173334,23.282375,22.47273
2016-07-24 12:00:00,25.116667,23.04021,22.334675
2016-07-24 13:00:00,26.483334,23.95183,22.95754
2016-07-24 14:00:00,26.655,25.65616,24.954361
2016-07-24 15:00:00,27.453333,26.60777,25.67845
2016-07-24 16:00:00,27.095,26.472574,25.482489
2016-07-24 17:00:00,26.821667,26.154558,25.706266
2016-07-24 18:00:00,27.136667,25.740768,25.31447
2016-07-24 19:00:00,26.665,26.185732,25.65308
2016-07-24 20:00:00,25.321667,24.509459,24.226826
2016-07-24 21:00:00,23.56,23.744743,23.5367
2016-07-24 22:00:00,22.77,22.034384,21.73033
2016-07-24 23:00:00,22.18,20.870058,20.687462
2016-07-25 00:00:00,21.301666,20.340815,19.80123
2016-07-25 01:00:00,20.618334,19.635208,18.875183
2016-07-25 02:00:00,19.988333,18.507345,17.625584
2016-07-25 03:00:00,19.353333,18.064363,17.561531
2016-07-25 04:00:00,19.055,18.00972,17.54054
2016-07-25 05:00:00,18.601667,18.630072,17.580784
2016-07-25 06:00:00,18.971666,19.513914,18.409958
2016-07-25 07:00:00,20.376667,20.831087,20.05729
2016-07-25 08:00:00,21.415,23.12838,21.924204
2016-07-25 09:00:00,23.29,24.442518,23.779259
2016-07-25 10:00:00,25.731667,26.582798,25.946283
2016-07-25 11:00:00,26.888334,27.027548,27.689907
2016-07-25 12:00:00,27.101667,28.15176,28.827383
2016-07-25 13:00:00,27.003334,29.287464,29.406445
2016-07-25 14:00:00,25.54,29.136162,28.894001
2016-07-25 15:00:00,24.301666,29.752052,29.220814
2016-07-25 16:00:00,25.095,30.20437,30.010258
2016-07-25 17:00:00,24.695,29.89084,29.870073
2016-07-25 18:00:00,26.218334,27.228474,27.862648
2016-07-25 19:00:00,25.471666,26.279758,26.543537
2016-07-25 20:00:00,24.271667,22.803398,22.542532
2016-07-25 21:00:00,23.226667,20.838112,20.519531
2016-07-25 22:00:00,22.24,21.01826,20.437077
2016-07-25 23:00:00,21.576666,20.22054,19.248592
2016-07-26 00:00:00,20.631666,20.660583,20.290419
2016-07-26 01:00:00,20.073334,20.32185,19.22355
2016-07-26 02:00:00,19.526667,19.842466,19.103878
2016-07-26 03:00:00,19.17,19.492317,18.816372
2016-07-26 04:00:00,19.06,18.905708,18.300524
2016-07-26 05:00:00,18.73,19.120575,18.357718
2016-07-26 06:00:00,18.835,19.57879,19.493015
2016-07-26 07:00:00,19.348333,20.57839,20.543076
2016-07-26 08:00:00,19.585,21.819044,21.748268
2016-07-26 09:00:00,20.196667,24.239937,23.915457
2016-07-26 10:00:00,21.383333,26.154688,26.37324
2016-07-26 11:00:00,21.143333,25.8397,27.429169
2016-07-26 12:00:00,21.775,27.04963,27.962332
2016-07-26 13:00:00,22.913334,27.20159,27.897886
2016-07-26 14:00:00,23.375,25.119781,25.937862
2016-07-26 15:00:00,23.971666,24.61877,25.295387
2016-07-26 16:00:00,24.918333,24.653759,25.068117
2016-07-26 17:00:00,23.773333,23.03793,23.59133
2016-07-26 18:00:00,25.258333,23.10055,23.836576
2016-07-26 19:00:00,24.898333,23.075453,23.709026
2016-07-26 20:00:00,23.455,22.406199,22.38339
2016-07-26 21:00:00,22.765,21.589973,21.270914
2016-07-26 22:00:00,21.668333,21.02809,20.254814
2016-07-26 23:00:00,20.533333,19.463974,18.700369
2016-07-27 00:00:00,19.895,19.70406,19.368793
2016-07-27 01:00:00,19.203333,19.11835,18.379911
2016-07-27 02:00:00,18.618334,18.054811,17.773956
2016-07-27 03:00:00,18.038334,17.322739,17.275364
2016-07-27 04:00:00,17.466667,17.091427,16.965334
2016-07-27 05:00:00,17.203333,16.826784,17.025925
2016-07-27 06:00:00,17.145,17.937786,17.808466
2016-07-27 07:00:00,18.391666,18.992582,18.928305
2016-07-27 08:00:00,19.48,20.871208,21.08275
2016-07-27 09:00:00,20.671667,22.87095,23.066687
2016-07-27 10:00:00,21.948334,24.61349,24.619774
2016-07-27 11:00:00,23.621666,25.101301,25.990553
2016-07-27 12:00:00,24.448334,25.755484,26.73848
2016-07-27 13:00:00,20.553333,26.569143,27.618135
2016-07-27 14:00:00,20.261667,26.439653,27.254745
2016-07-27 15:00:00,21.663334,26.110561,26.539053
2016-07-27 16:00:00,23.125,25.857,26.246798
2016-07-27 17:00:00,23.941668,25.803495,26.433222
2016-07-27 18:00:00,24.128334,24.00297,24.135046
2016-07-27 19:00:00,23.855,19.515476,20.229856
2016-07-27 20:00:00,22.465,19.79588,20.472256
2016-07-27 21:00:00,21.983334,20.390667,20.155384
2016-07-27 22:00:00,20.585,19.993975,19.541647
2016-07-27 23:00:00,20.001667,19.215956,18.959251
2016-07-28 00:00:00,19.303333,18.858816,18.469698
2016-07-28 01:00:00,19.05,18.512316,18.544529
2016-07-28 02:00:00,18.445,18.029379,18.312292
2016-07-28 03:00:00,17.606667,17.793644,17.724365
2016-07-28 04:00:00,16.155,17.121168,16.75433
2016-07-28 05:00:00,15.135,17.153292,16.900871
2016-07-28 06:00:00,14.946667,17.070736,16.756798
2016-07-28 07:00:00,16.011667,17.951376,17.69397
2016-07-28 08:00:00,16.468334,18.862879,18.79713
2016-07-28 09:00:00,18.768333,20.374626,19.807049
2016-07-28 10:00:00,21.695,20.422827,19.883595
2016-07-28 11:00:00,22.29,21.428717,20.864828
2016-07-28 12:00:00,23.436666,21.505404,21.40141
2016-07-28 13:00:00,23.923334,22.704523,23.14011
2016-07-28 14:00:00,24.29,22.368061,22.832142
2016-07-28 15:00:00,24.831667,24.065628,24.782946
2016-07-28 16:00:00,24.583334,25.494413,25.918003
2016-07-28 17:00:00,25.368334,24.289646,24.89045
2016-07-28 18:00:00,25.345,24.48025,25.324438
2016-07-28 19:00:00,24.605,23.435736,23.905006
2016-07-28 20:00:00,23.028334,22.476404,22.831022
2016-07-28 21:00:00,21.211666,21.125647,21.231098
2016-07-28 22:00:00,20.388334,19.741312,19.555738
2016-07-28 23:00:00,19.765,19.715694,19.460798
2016-07-29 00:00:00,18.915,19.367294,19.030449
2016-07-29 01:00:00,18.455,18.945154,18.435734
2016-07-29 02:00:00,16.88,17.575312,17.132336
2016-07-29 03:00:00,16.263334,17.00256,16.548252
2016-07-29 04:00:00,16.031666,16.811245,16.267023
2016-07-29 05:00:00,15.785,16.83934,16.099194
2016-07-29 06:00:00,15.92,17.55604,16.73138
2016-07-29 07:00:00,16.505,17.71506,17.943172
2016-07-29 08:00:00,16.876667,18.707157,17.9631
2016-07-29 09:00:00,17.971666,20.301456,19.853392
2016-07-29 10:00:00,20.245,21.343264,22.014975
2016-07-29 11:00:00,21.653334,21.662388,22.66397
2016-07-29 12:00:00,22.851667,21.999605,22.703903
2016-07-29 13:00:00,23.571667,22.356407,23.081747
2016-07-29 14:00:00,23.68,22.450546,22.904911
2016-07-29 15:00:00,23.331667,23.131832,23.297422
2016-07-29 16:00:00,23.376667,23.477812,23.724453
2016-07-29 17:00:00,23.28,22.788866,22.654156
2016-07-29 18:00:00,21.365,22.944162,23.121883
2016-07-29 19:00:00,20.313334,22.30136,22.438852
2016-07-29 20:00:00,19.945,21.050629,20.986946
2016-07-29 21:00:00,18.821667,20.08116,19.936691
2016-07-29 22:00:00,17.041666,18.580235,18.343037
2016-07-29 23:00:00,16.83,18.090258,17.664177
2016-07-30 00:00:00,16.703333,16.616112,16.262104
2016-07-30 01:00:00,16.521667,16.768864,16.987738
2016-07-30 02:00:00,16.086666,16.251543,16.559277
2016-07-30 03:00:00,15.57,15.913155,16.3087
2016-07-30 04:00:00,15.223333,15.816993,15.870516
2016-07-30 05:00:00,15.12,15.798226,15.692014
2016-07-30 06:00:00,15.6866665,16.743196,16.561012
2016-07-30 07:00:00,16.553333,17.28113,17.443125
2016-07-30 08:00:00,18.066668,18.043114,18.02939
2016-07-30 09:00:00,20.265,18.991047,18.857136
2016-07-30 10:00:00,21.878334,20.286716,20.074749
2016-07-30 11:00:00,22.946667,20.443237,20.226315
2016-07-30 12:00:00,24.2,21.404957,21.237257
2016-07-30 13:00:00,24.63,22.629536,22.316587
2016-07-30 14:00:00,25.19,23.458126,23.18952
2016-07-30 15:00:00,25.233334,23.93388,23.92045
2016-07-30 16:00:00,25.54,23.90411,24.037395
2016-07-30 17:00:00,25.491667,23.488642,23.289194
2016-07-30 18:00:00,25.146667,23.842731,23.805468
2016-07-30 19:00:00,23.978333,23.09796,23.078478
2016-07-30 20:00:00,22.71,21.752256,21.863602
2016-07-30 21:00:00,21.548334,20.287342,20.69357
2016-07-30 22:00:00,20.61,19.670927,19.599112
2016-07-30 23:00:00,19.558332,19.091042,18.840448
2016-07-31 00:00:00,18.706667,18.448114,18.085464
2016-07-31 01:00:00,18.278334,17.332912,17.277428
2016-07-31 02:00:00,17.83,16.594152,16.743317
2016-07-31 03:00:00,17.381666,16.299067,16.39588
2016-07-31 04:00:00,16.981667,16.394577,16.177462
2016-07-31 05:00:00,16.278334,16.460886,16.241762
2016-07-31 06:00:00,16.035,16.622633,16.653625
2016-07-31 07:00:00,17.273333,17.492594,17.542103
2016-07-31 08:00:00,17.791666,19.096481,18.549406
2016-07-31 09:00:00,19.011667,19.774193,19.497786
2016-07-31 10:00:00,20.28,21.28326,20.679453
2016-07-31 11:00:00,22.246666,21.599308,21.375725
2016-07-31 12:00:00,23.021667,22.153671,22.417948
2016-07-31 13:00:00,23.816668,23.545734,24.46003
2016-07-31 14:00:00,24.466667,22.54304,23.843449
2016-07-31 15:00:00,23.275,23.336643,24.705685
2016-07-31 16:00:00,23.163334,23.401089,24.40728
2016-07-31 17:00:00,22.881666,23.220377,24.596561
2016-07-31 18:00:00,22.426666,22.434816,23.284678
2016-07-31 19:00:00,19.721666,22.40449,23.172007
2016-07-31 20:00:00,17.136667,21.411034,22.357347
2016-07-31 21:00:00,16.63,18.730305,19.619778
2016-07-31 22:00:00,16.19,17.961285,18.17367
2016-07-31 23:00:00,15.578333,18.094912,17.892145
2016-08-01 00:00:00,15.02,16.621616,16.443588
2016-08-01 01:00:00,14.143333,15.534632,15.3813
2016-08-01 02:00:00,14.1866665,14.983789,14.980946
2016-08-01 03:00:00,14.08,14.62518,14.300831
2016-08-01 04:00:00,13.651667,14.372265,14.047198
2016-08-01 05:00:00,13.193334,13.908331,13.601517
2016-08-01 06:00:00,13.35,14.041616,13.742558
2016-08-01 07:00:00,13.973333,13.714042,13.56166
2016-08-01 08:00:00,15.925,15.306476,15.078716
2016-08-01 09:00:00,16.593334,16.336172,16.319155
2016-08-01 10:00:00,18.005,16.967579,16.861794
2016-08-01 11:00:00,18.818333,17.51234,17.438946
2016-08-01 12:00:00,19.8,18.431385,18.677105
2016-08-01 13:00:00,19.606667,19.073841,19.454256
2016-08-01 14:00:00,20.956667,19.41898,20.05752
2016-08-01 15:00:00,20.128334,19.393421,20.022749
2016-08-01 16:00:00,20.468334,20.580647,21.20974
2016-08-01 17:00:00,20.82,20.320429,20.77293
2016-08-01 18:00:00,21.083334,20.309147,20.725767
2016-08-01 19:00:00,20.773333,18.791054,19.334492
2016-08-01 20:00:00,19.22,18.78551,19.21076
2016-08-01 21:00:00,18.035,16.263288,16.863794
2016-08-01 22:00:00,16.385,15.856727,15.741297
2016-08-01 23:00:00,15.201667,15.295732,15.118919
2016-08-02 00:00:00,14.815,14.688449,14.535855
2016-08-02 01:00:00,14.236667,14.664238,14.307732
2016-08-02 02:00:00,13.603333,13.479761,13.026435
2016-08-02 03:00:00,13.001667,13.051767,12.7893095
2016-08-02 04:00:00,12.94,12.148018,12.036223
2016-08-02 05:00:00,12.883333,12.495905,11.981987
2016-08-02 06:00:00,12.355,12.661219,12.82727
2016-08-02 07:00:00,12.231667,14.469941,13.730478
2016-08-02 08:00:00,12.601666,16.32855,16.0201
2016-08-02 09:00:00,13.4366665,17.260576,17.982727
2016-08-02 10:00:00,14.491667,19.259418,19.27427
2016-08-02 11:00:00,16.185,18.913727,19.147268
2016-08-02 12:00:00,17.105,19.01506,19.457047
2016-08-02 13:00:00,17.733334,18.813549,19.152159
2016-08-02 14:00:00,18.276667,18.881445,19.139126
2016-08-02 15:00:00,17.758333,18.865236,19.260681
2016-08-02 16:00:00,17.951666,19.194452,19.234205
2016-08-02 17:00:00,17.688334,19.951385,19.961054
2016-08-02 18:00:00,17.34,19.348858,19.163076
2016-08-02 19:00:00,17.366667,18.236383,18.080374
2016-08-02 20:00:00,17.046667,17.412106,17.55144
2016-08-02 21:00:00,16.74,15.803829,15.960061
2016-08-02 22:00:00,16.38,15.369488,15.628747
2016-08-02 23:00:00,15.845,15.099754,15.291285
2016-08-03 00:00:00,15.785,14.967125,15.285967
2016-08-03 01:00:00,15.61,14.606645,15.167701
2016-08-03 02:00:00,15.816667,14.576419,14.9112
2016-08-03 03:00:00,15.851666,14.655203,14.781429
2016-08-03 04:00:00,15.728333,14.557649,14.644412
2016-08-03 05:00:00,15.493333,14.556477,14.6119995
2016-08-03 06:00:00,15.895,15.322068,15.322778
2016-08-03 07:00:00,16.83,16.217476,16.516668
2016-08-03 08:00:00,18.048334,18.05248,18.328726
2016-08-03 09:00:00,18.57,19.54611,20.137306
2016-08-03 10:00:00,19.481667,20.679823,20.846684
2016-08-03 11:00:00,20.076666,21.119064,21.128815
2016-08-03 12:00:00,20.076666,20.892162,21.080671
2016-08-03 13:00:00,20.613333,21.122868,21.061386
2016-08-03 14:00:00,20.503334,21.514818,21.627865
2016-08-03 15:00:00,20.146667,21.901184,21.870195
2016-08-03 16:00:00,19.861666,21.772455,21.851166
2016-08-03 17:00:00,19.841667,22.041462,21.992222
2016-08-03 18:00:00,18.758333,21.205479,21.13274
2016-08-03 19:00:00,18.878334,20.546967,20.473196
2016-08-03 20:00:00,18.716667,19.720524,19.717508
2016-08-03 21:00:00,18.295,18.931347,18.91115
2016-08-03 22:00:00,18.095,18.362991,18.516724
2016-08-03 23:00:00,17.988333,17.827658,18.065489
2016-08-04 00:00:00,17.828333,17.377846,17.404573
2016-08-04 01:00:00,17.621666,17.099312,17.471914
2016-08-04 02:00:00,17.071667,16.791124,17.133936
2016-08-04 03:00:00,16.986666,16.732918,17.071287
2016-08-04 04:00:00,17.051666,16.786581,16.982487
2016-08-04 05:00:00,16.951666,17.220165,17.338701
2016-08-04 06:00:00,16.851667,17.350052,17.275644
2016-08-04 07:00:00,17.198334,18.059793,18.002483
2016-08-04 08:00:00,19.23,18.988989,18.966055
2016-08-04 09:00:00,21.128334,20.141653,20.268108
2016-08-04 10:00:00,22.571667,21.219398,21.251423
2016-08-04 11:00:00,22.845,21.891005,21.778288
2016-08-04 12:00:00,23.365,22.263945,22.006458
2016-08-04 13:00:00,23.496666,22.492868,22.382515
2016-08-04 14:00:00,23.755,23.720604,23.815697
2016-08-04 15:00:00,23.341667,24.06378,23.77023
2016-08-04 16:00:00,22.351667,24.627645,24.810953
2016-08-04 17:00:00,21.396667,24.22281,24.042707
2016-08-04 18:00:00,21.408333,23.863634,23.735342
2016-08-04 19:00:00,20.928333,22.759974,22.586018
2016-08-04 20:00:00,19.808332,21.513962,21.320414
2016-08-04 21:00:00,19.01,19.506823,19.848036
2016-08-04 22:00:00,18.121666,19.114805,19.384289
2016-08-04 23:00:00,16.108334,18.126047,18.495886
2016-08-05 00:00:00,15.425,18.035906,18.438438
2016-08-05 01:00:00,15.168333,17.61801,18.021057
2016-08-05 02:00:00,14.708333,17.159555,17.818823
2016-08-05 03:00:00,14.393333,16.590872,17.283678
2016-08-05 04:00:00,14.265,15.504051,15.598926
2016-08-05 05:00:00,14.156667,14.731882,14.568953
2016-08-05 06:00:00,14.131667,14.939377,14.950105
2016-08-05 07:00:00,14.53,15.585408,15.888751
2016-08-05 08:00:00,15.461667,16.381117,16.904902
2016-08-05 09:00:00,16.021667,17.985716,18.644915
2016-08-05 10:00:00,17.28,19.11374,19.911644
2016-08-05 11:00:00,17.713333,19.491909,19.731516
2016-08-05 12:00:00,18.403334,19.855705,20.075195
2016-08-05 13:00:00,19.051666,20.23334,20.450289
2016-08-05 14:00:00,19.865,19.97483,20.189695
2016-08-05 15:00:00,20.405,19.622847,19.867886
2016-08-05 16:00:00,20.965,19.650606,20.250612
2016-08-05 17:00:00,20.616667,19.568773,20.096
2016-08-05 18:00:00,18.96,19.317947,19.714857
2016-08-05 19:00:00,19.571667,18.77112,19.318512
2016-08-05 20:00:00,18.46,17.835588,18.210894
2016-08-05 21:00:00,17.753334,17.090872,17.24659
2016-08-05 22:00:00,17.55,16.831291,16.526323
2016-08-05 23:00:00,16.86,16.20233,15.73821
2016-08-06 00:00:00,16.463333,14.876256,14.758355
2016-08-06 01:00:00,16.02,15.460675,15.482715
2016-08-06 02:00:00,15.158334,14.750752,14.920755
2016-08-06 03:00:00,13.838333,14.488582,14.499069
2016-08-06 04:00:00,13.133333,14.869195,14.555942
2016-08-06 05:00:00,12.52,14.641059,14.406191
2016-08-06 06:00:00,12.776667,14.750817,14.431975
2016-08-06 07:00:00,14.246667,15.316422,15.0279255
2016-08-06 08:00:00,16.255,16.40105,16.094479
2016-08-06 09:00:00,17.75,17.621494,16.682632
2016-08-06 10:00:00,19.296667,18.867754,18.417875
2016-08-06 11:00:00,19.5,19.654684,19.79149
2016-08-06 12:00:00,20.203333,20.394218,21.348166
2016-08-06 13:00:00,20.87,21.418997,22.65267
2016-08-06 14:00:00,21.593334,22.50004,23.469137
2016-08-06 15:00:00,22.133333,22.57439,23.175598
2016-08-06 16:00:00,22.22,21.937147,22.499012
2016-08-06 17:00:00,21.708334,21.831413,22.34197
2016-08-06 18:00:00,20.891666,20.643677,21.474903
2016-08-06 19:00:00,20.248333,20.436962,21.212513
2016-08-06 20:00:00,19.333334,19.030895,19.730904
2016-08-06 21:00:00,18.4,18.364065,18.614054
2016-08-06 22:00:00,17.368334,17.46756,17.134218
2016-08-06 23:00:00,15.391666,16.375216,15.937689
2016-08-07 00:00:00,14.363334,15.282622,14.810058
2016-08-07 01:00:00,13.341666,14.679511,14.317781
2016-08-07 02:00:00,12.535,13.780591,13.470216
2016-08-07 03:00:00,12.101666,13.226731,12.892155
2016-08-07 04:00:00,11.76,13.019392,12.766953
2016-08-07 05:00:00,11.68,12.013105,11.286134
2016-08-07 06:00:00,11.408334,12.513319,12.404649
2016-08-07 07:00:00,13.28,13.142159,13.743491
2016-08-07 08:00:00,15.793333,15.456035,15.790633
2016-08-07 09:00:00,18.383333,18.376497,18.585772
2016-08-07 10:00:00,20.246666,19.66488,20.613388
2016-08-07 11:00:00,21.393333,20.793438,21.821613
2016-08-07 12:00:00,22.83,20.703205,21.743505
2016-08-07 13:00:00,23.843334,22.232826,23.078419
2016-08-07 14:00:00,24.905,22.979124,23.895504
2016-08-07 15:00:00,25.766666,22.980316,24.109283
2016-08-07 16:00:00,26.261667,22.869236,23.619543
2016-08-07 17:00:00,26.361666,23.382406,23.961199
2016-08-07 18:00:00,26.336666,23.957655,24.222723
2016-08-07 19:00:00,25.515,23.275204,23.602674
2016-08-07 20:00:00,23.721666,22.4959,22.845713
2016-08-07 21:00:00,21.951666,22.12703,22.115644
2016-08-07 22:00:00,20.871666,20.88551,20.56767
2016-08-07 23:00:00,18.996666,20.018803,19.596052
2016-08-08 00:00:00,17.418333,18.932055,18.623638
2016-08-08 01:00:00,16.565,18.436148,18.211441
2016-08-08 02:00:00,15.981667,17.029667,16.542515
2016-08-08 03:00:00,15.238334,16.028408,15.602075
2016-08-08 04:00:00,14.723333,15.77926,15.175252
2016-08-08 05:00:00,14.338333,15.620556,14.750954
2016-08-08 06:00:00,14.716666,15.666642,14.884155
2016-08-08 07:00:00,17.501667,17.220505,16.486286
2016-08-08 08:00:00,19.363333,19.554657,19.0701
2016-08-08 09:00:00,22.428333,21.555574,21.612427
2016-08-08 10:00:00,24.118334,23.070702,23.882484
2016-08-08 11:00:00,24.791666,24.147232,25.500242
2016-08-08 12:00:00,25.16,23.889519,25.63263
2016-08-08 13:00:00,25.61,25.726706,27.21725
2016-08-08 14:00:00,26.301666,24.861647,26.303286
2016-08-08 15:00:00,26.963333,26.247742,27.00647
2016-08-08 16:00:00,27.241667,26.224464,26.500866
2016-08-08 17:00:00,26.905,25.339033,25.1237
2016-08-08 18:00:00,26.146667,24.472246,24.068077
2016-08-08 19:00:00,24.828333,24.51847,24.331278
2016-08-08 20:00:00,21.803333,23.675098,23.788038
2016-08-08 21:00:00,19.498333,22.622581,22.76937
2016-08-08 22:00:00,18.751667,20.626617,20.555685
2016-08-08 23:00:00,18.14,20.109835,20.107132
2016-08-09 00:00:00,17.625,18.63167,18.277481
2016-08-09 01:00:00,17.433332,17.05102,16.80357
2016-08-09 02:00:00,17.16,15.743714,15.856498
2016-08-09 03:00:00,16.873333,15.238968,15.033683
2016-08-09 04:00:00,16.5,14.880527,14.636398
2016-08-09 05:00:00,16.136667,14.571857,14.212003
2016-08-09 06:00:00,15.691667,15.195601,14.76195
2016-08-09 07:00:00,15.408334,16.100767,15.853633
2016-08-09 08:00:00,15.82,17.55413,17.375998
2016-08-09 09:00:00,15.065,18.8067,18.683851
2016-08-09 10:00:00,14.921667,19.77036,19.638065
2016-08-09 11:00:00,16.046667,20.445932,20.59526
2016-08-09 12:00:00,17.493334,19.469162,20.181288
2016-08-09 13:00:00,18.201666,19.444899,20.252314
2016-08-09 14:00:00,18.938334,20.167522,21.030943
2016-08-09 15:00:00,19.871666,19.548445,20.168268
2016-08-09 16:00:00,20.015,19.540882,20.27815
2016-08-09 17:00:00,19.603333,19.43072,20.115606
2016-08-09 18:00:00,18.981667,19.671524,20.177977
2016-08-09 19:00:00,18.211666,18.089603,18.918367
2016-08-09 20:00:00,17.39,17.058178,18.095444
2016-08-09 21:00:00,16.371666,15.783018,16.15946
2016-08-09 22:00:00,13.681666,14.507669,14.652779
2016-08-09 23:00:00,13.03,13.7406845,13.466791
2016-08-10 00:00:00,12.798333,13.07799,12.760957
2016-08-10 01:00:00,12.581667,12.226763,12.116752
2016-08-10 02:00:00,12.566667,11.950893,11.69623
2016-08-10 03:00:00,12.5,11.706469,11.513512
2016-08-10 04:00:00,12.218333,10.393694,10.332541
2016-08-10 05:00:00,12.113334,10.959431,10.742386
2016-08-10 06:00:00,11.928333,11.150257,11.186473
2016-08-10 07:00:00,10.923333,13.095265,12.10837
2016-08-10 08:00:00,10.816667,14.295471,13.8914995
2016-08-10 09:00:00,11.216666,16.318192,15.767095
2016-08-10 10:00:00,11.715,15.953515,15.306441
2016-08-10 11:00:00,13.048333,16.47326,15.986921
2016-08-10 12:00:00,13.995,16.693623,16.608204
2016-08-10 13:00:00,12.53,15.305126,15.471525
2016-08-10 14:00:00,14.265,15.863811,16.625349
2016-08-10 15:00:00,14.86,16.118565,16.1271
2016-08-10 16:00:00,14.445,16.27111,16.338608
2016-08-10 17:00:00,14.573334,16.869669,16.883984
2016-08-10 18:00:00,15.276667,14.965239,14.772516
2016-08-10 19:00:00,14.208333,12.465794,12.726914
2016-08-10 20:00:00,13.193334,13.625729,13.763094
2016-08-10 21:00:00,12.05,12.087822,12.463595
2016-08-10 22:00:00,10.491667,11.220109,11.090484
2016-08-10 23:00:00,9.136666,10.803195,10.846969
2016-08-11 00:00:00,8.401667,10.6905985,10.427538
2016-08-11 01:00:00,7.6216664,9.941892,9.494154
2016-08-11 02:00:00,7.1183333,8.893286,8.01897
2016-08-11 03:00:00,6.66,8.389879,7.4816127
2016-08-11 04:00:00,6.165,6.8856406,6.879559
2016-08-11 05:00:00,5.5833335,6.4359283,6.4361243
2016-08-11 06:00:00,5.835,6.4721265,7.361057
2016-08-11 07:00:00,7.6383333,7.6065326,8.447288
2016-08-11 08:00:00,9.5633335,9.808157,10.538848
2016-08-11 09:00:00,12.59,12.106946,12.638524
2016-08-11 10:00:00,14.055,13.894419,13.9703
2016-08-11 11:00:00,15.251667,14.233529,14.440827
2016-08-11 12:00:00,16.133333,15.6072235,15.242161
2016-08-11 13:00:00,16.618334,16.906723,16.299458
2016-08-11 14:00:00,16.776667,17.232244,16.970642
2016-08-11 15:00:00,16.89,17.620836,18.15758
2016-08-11 16:00:00,17.21,17.304438,17.757956
2016-08-11 17:00:00,17.131666,17.653757,18.053429
2016-08-11 18:00:00,16.545,17.365126,17.431932
2016-08-11 19:00:00,16.071667,16.566256,16.685717
2016-08-11 20:00:00,15.503333,15.25095,15.33168
2016-08-11 21:00:00,14.738334,14.09548,13.960274
2016-08-11 22:00:00,14.496667,13.538164,13.159498
2016-08-11 23:00:00,14.4383335,13.09993,12.345802
2016-08-12 00:00:00,13.266666,11.552883,10.758488
2016-08-12 01:00:00,12.041667,11.349301,10.514268
2016-08-12 02:00:00,11.385,10.887285,10.179215
2016-08-12 03:00:00,11.478333,10.397659,9.802599
2016-08-12 04:00:00,11.771667,10.532768,10.159374
2016-08-12 05:00:00,12.01,11.098493,11.130506
2016-08-12 06:00:00,12.1866665,11.683192,11.587196
2016-08-12 07:00:00,12.428333,12.540648,11.822781
2016-08-12 08:00:00,11.93,14.181946,13.441959
2016-08-12 09:00:00,12.17,16.540365,16.236403
2016-08-12 10:00:00,12.961667,17.149483,16.781866
2016-08-12 11:00:00,14.07,17.777554,17.50302
2016-08-12 12:00:00,14.785,18.216326,18.187216
2016-08-12 13:00:00,15.46,18.337044,18.126192
2016-08-12 14:00:00,16.271667,18.032972,17.780567
2016-08-12 15:00:00,17.373333,17.790688,17.641785
2016-08-12 16:00:00,17.855,17.964455,17.845007
2016-08-12 17:00:00,17.665,18.325369,18.143967
2016-08-12 18:00:00,18.246666,17.96716,17.774336
2016-08-12 19:00:00,18.506666,17.5627,17.997494
2016-08-12 20:00:00,17.468334,17.263166,17.974155
2016-08-12 21:00:00,17.035,17.173117,17.926027
2016-08-12 22:00:00,17.106667,16.893726,17.45752
2016-08-12 23:00:00,16.753334,16.441706,16.834312
2016-08-13 00:00:00,16.468334,16.44939,16.887829
2016-08-13 01:00:00,16.36,16.27811,16.638807
2016-08-13 02:00:00,15.958333,15.845393,16.06523
2016-08-13 03:00:00,15.215,15.615767,15.770023
2016-08-13 04:00:00,14.59,15.919432,15.875886
2016-08-13 05:00:00,14.0,15.888954,15.646942
2016-08-13 06:00:00,14.273334,16.055683,15.652997
2016-08-13 07:00:00,15.598333,16.880829,16.561228
2016-08-13 08:00:00,18.266666,17.929949,17.822954
2016-08-13 09:00:00,20.551666,19.208742,19.031898
2016-08-13 10:00:00,21.516666,20.565548,20.627764
2016-08-13 11:00:00,22.553333,21.555267,21.851358
2016-08-13 12:00:00,23.948334,22.73565,23.307447
2016-08-13 13:00:00,24.901667,22.268099,22.85457
2016-08-13 14:00:00,25.573334,23.61215,23.976461
2016-08-13 15:00:00,26.075,24.590807,25.084904
2016-08-13 16:00:00,26.346666,24.32156,24.59621
2016-08-13 17:00:00,26.733334,24.914673,25.515417
2016-08-13 18:00:00,26.595,24.476088,24.894152
2016-08-13 19:00:00,25.643333,23.933239,24.578032
2016-08-13 20:00:00,23.811666,22.9822,23.3538
2016-08-13 21:00:00,21.758333,22.439358,22.36988
2016-08-13 22:00:00,21.198334,20.984861,20.615904
2016-08-13 23:00:00,20.136667,20.537231,20.232256
2016-08-14 00:00:00,18.611666,19.624271,19.069315
2016-08-14 01:00:00,17.826666,18.406788,17.949068
2016-08-14 02:00:00,17.138334,17.100588,16.704638
2016-08-14 03:00:00,15.858334,16.632584,16.275854
2016-08-14 04:00:00,15.296667,16.780478,16.277199
2016-08-14 05:00:00,14.401667,16.592505,15.969464
2016-08-14 06:00:00,13.733334,16.341572,15.586893
2016-08-14 07:00:00,15.255,16.946898,16.108793
2016-08-14 08:00:00,17.008333,18.122528,17.748405
2016-08-14 09:00:00,19.681667,19.032995,18.713566
2016-08-14 10:00:00,20.93,20.784483,20.643145
2016-08-14 11:00:00,21.111666,21.102348,21.277327
2016-08-14 12:00:00,21.578333,22.073275,22.111351
2016-08-14 13:00:00,22.61,23.240868,23.916826
2016-08-14 14:00:00,23.115,23.594776,24.358484
2016-08-14 15:00:00,22.496666,24.549528,25.538914
2016-08-14 16:00:00,22.365,23.52289,24.311398
2016-08-14 17:00:00,22.403334,22.92309,23.484455
2016-08-14 18:00:00,22.253334,22.028458,22.645655
2016-08-14 19:00:00,21.291666,21.74632,22.533752
2016-08-14 20:00:00,20.435,20.428667,20.997751
2016-08-14 21:00:00,19.61,19.186195,19.133368
2016-08-14 22:00:00,18.133333,17.953741,17.968742
2016-08-14 23:00:00,16.515,17.068195,16.748362
2016-08-15 00:00:00,15.825,15.955356,15.634723
2016-08-15 01:00:00,15.091666,14.781861,14.66772
2016-08-15 02:00:00,14.263333,14.179543,13.969322
2016-08-15 03:00:00,13.768333,13.755423,13.664237
2016-08-15 04:00:00,12.903334,12.758045,12.93694
2016-08-15 05:00:00,13.241667,12.353562,12.306985
2016-08-15 06:00:00,12.968333,12.628926,12.919139
2016-08-15 07:00:00,13.46,13.723919,13.605046
2016-08-15 08:00:00,14.875,15.740538,15.141298
2016-08-15 09:00:00,16.528334,18.399588,17.528301
2016-08-15 10:00:00,17.651667,19.654928,18.913633
2016-08-15 11:00:00,18.518333,20.738388,20.419321
2016-08-15 12:00:00,19.601667,22.16074,21.252966
2016-08-15 13:00:00,20.553333,22.84815,22.595259
2016-08-15 14:00:00,20.72,20.919813,21.317818
2016-08-15 15:00:00,20.793333,21.372972,22.05037
2016-08-15 16:00:00,20.545,21.293915,21.989374
2016-08-15 17:00:00,20.248333,21.36249,21.871664
2016-08-15 18:00:00,20.308332,21.332722,21.849257
2016-08-15 19:00:00,19.486666,20.840204,21.194157
2016-08-15 20:00:00,18.393333,18.998701,19.495596
2016-08-15 21:00:00,17.656666,17.977028,18.231226
2016-08-15 22:00:00,17.018333,16.881653,16.736437
2016-08-15 23:00:00,15.705,15.942262,15.7025795
2016-08-16 00:00:00,14.241667,15.425463,15.058746
2016-08-16 01:00:00,13.3133335,14.202504,13.695089
2016-08-16 02:00:00,12.173333,12.831569,12.679253
2016-08-16 03:00:00,11.506667,12.070962,12.100226
2016-08-16 04:00:00,11.17,11.834809,11.908693
2016-08-16 05:00:00,10.453333,11.605263,11.435273
2016-08-16 06:00:00,9.868333,11.566773,11.352606
2016-08-16 07:00:00,11.543333,12.606276,12.049542
2016-08-16 08:00:00,13.34,14.138616,13.925838
2016-08-16 09:00:00,16.213333,16.68989,16.540606
2016-08-16 10:00:00,18.21,18.282482,17.970798
2016-08-16 11:00:00,19.826666,19.04726,17.775986
2016-08-16 12:00:00,20.276667,20.112347,19.073605
2016-08-16 13:00:00,20.793333,22.04057,21.573032
2016-08-16 14:00:00,20.631666,22.097717,21.500965
2016-08-16 15:00:00,20.806667,23.22992,22.895039
2016-08-16 16:00:00,20.921667,22.852116,22.947258
2016-08-16 17:00:00,20.911667,22.924452,23.273907
2016-08-16 18:00:00,20.893333,21.440916,22.093662
2016-08-16 19:00:00,20.08,20.727743,21.460722
2016-08-16 20:00:00,18.908333,18.335901,19.414717
2016-08-16 21:00:00,17.923334,17.011189,17.70173
2016-08-16 22:00:00,16.22,15.995276,15.949189
2016-08-16 23:00:00,15.691667,15.246178,15.021994
2016-08-17 00:00:00,15.801666,14.598563,14.313133
2016-08-17 01:00:00,14.835,13.457309,13.403034
2016-08-17 02:00:00,13.836667,12.490771,12.566277
2016-08-17 03:00:00,12.886666,11.938635,11.828459
2016-08-17 04:00:00,11.348333,11.149034,11.005788
2016-08-17 05:00:00,10.84,11.570672,11.3184185
2016-08-17 06:00:00,10.493333,12.657413,12.382401
2016-08-17 07:00:00,10.175,12.966242,12.39686
2016-08-17 08:00:00,10.555,14.173964,13.0868025
2016-08-17 09:00:00,11.271667,15.686747,14.691906
2016-08-17 10:00:00,12.116667,16.123043,15.407326
2016-08-17 11:00:00,14.445,17.151535,17.038494
2016-08-17 12:00:00,16.191668,17.596676,18.006746
2016-08-17 13:00:00,17.263334,16.916037,16.91213
2016-08-17 14:00:00,17.588333,17.391275,18.190128
2016-08-17 15:00:00,18.481667,17.230787,17.216965
2016-08-17 16:00:00,18.693333,17.00623,17.429403
2016-08-17 17:00:00,18.881666,18.708986,18.57465
2016-08-17 18:00:00,19.035,17.912125,18.019707
2016-08-17 19:00:00,18.15,17.379435,17.660677
2016-08-17 20:00:00,16.785,15.936846,16.560345
2016-08-17 21:00:00,15.586667,15.571532,16.017721
2016-08-17 22:00:00,14.13,14.615232,14.629718
2016-08-17 23:00:00,12.47,14.19437,13.750944
2016-08-18 00:00:00,11.568334,13.753473,13.3436775
2016-08-18 01:00:00,10.241667,12.552948,12.481888
2016-08-18 02:00:00,9.273334,11.622207,11.906584
2016-08-18 03:00:00,8.446667,10.719006,11.036493
2016-08-18 04:00:00,7.7433333,9.974008,10.099187
2016-08-18 05:00:00,7.37,9.315925,9.442367
2016-08-18 06:00:00,7.065,10.104727,9.747411
2016-08-18 07:00:00,8.501667,10.403908,10.373057
2016-08-18 08:00:00,10.641666,12.400746,12.639344
2016-08-18 09:00:00,14.068334,14.205812,15.230515
2016-08-18 10:00:00,16.87,15.8055935,17.645048
2016-08-18 11:00:00,18.178333,17.013626,19.400667
2016-08-18 12:00:00,19.801666,17.858355,19.50006
2016-08-18 13:00:00,21.52,19.281061,20.51107
2016-08-18 14:00:00,22.275,19.628124,20.667698
2016-08-18 15:00:00,22.776667,20.112011,21.657557
2016-08-18 16:00:00,23.426666,19.886477,21.179056
2016-08-18 17:00:00,23.378334,20.465254,20.810349
2016-08-18 18:00:00,23.855,20.85765,21.298092
2016-08-18 19:00:00,22.815,19.770166,20.211067
2016-08-18 20:00:00,20.686666,18.444359,18.95896
2016-08-18 21:00:00,18.466667,17.468403,17.319967
2016-08-18 22:00:00,16.766666,16.788044,16.349674
2016-08-18 23:00:00,14.825,15.927962,15.1926365
2016-08-19 00:00:00,13.416667,15.274018,14.412864
2016-08-19 01:00:00,12.235,13.917818,12.89705
2016-08-19 02:00:00,11.653334,12.616674,12.163742
2016-08-19 03:00:00,10.593333,11.628184,11.278689
2016-08-19 04:00:00,9.571667,11.627189,11.240483
2016-08-19 05:00:00,9.381667,11.087696,10.385832
2016-08-19 06:00:00,9.6883335,11.261887,10.113372
2016-08-19 07:00:00,11.29,12.00468,11.051062
2016-08-19 08:00:00,13.6,14.063317,13.083405
2016-08-19 09:00:00,16.983334,16.282328,14.741593
2016-08-19 10:00:00,19.475,18.219738,16.84163
2016-08-19 11:00:00,21.815,19.524605,18.399218
2016-08-19 12:00:00,24.083334,20.719017,19.257702
2016-08-19 13:00:00,24.93,21.832033,20.34349
2016-08-19 14:00:00,25.203333,22.733427,21.111202
2016-08-19 15:00:00,25.13,22.787134,22.206083
2016-08-19 16:00:00,25.488333,22.544687,22.680151
2016-08-19 17:00:00,25.743334,23.573925,23.623678
2016-08-19 18:00:00,25.498333,24.794271,25.064163
2016-08-19 19:00:00,25.043333,23.2577,23.209793
2016-08-19 20:00:00,23.521667,21.574677,21.244802
2016-08-19 21:00:00,22.028334,20.496948,20.099709
2016-08-19 22:00:00,20.658333,19.140007,19.184465
2016-08-19 23:00:00,19.283333,18.98725,19.300896
2016-08-20 00:00:00,18.26,18.686726,18.519112
2016-08-20 01:00:00,17.565,17.739271,17.81206
2016-08-20 02:00:00,17.285,17.250452,17.176092
2016-08-20 03:00:00,17.153334,16.573381,16.461288
2016-08-20 04:00:00,16.415,16.41467,16.023546
2016-08-20 05:00:00,15.608334,16.21404,15.598313
2016-08-20 06:00:00,15.743333,16.281195,15.808582
2016-08-20 07:00:00,16.2,17.040924,16.632187
2016-08-20 08:00:00,16.666666,18.996593,18.825607
2016-08-20 09:00:00,17.691668,21.139538,20.9706
2016-08-20 10:00:00,20.021667,22.874771,22.973434
2016-08-20 11:00:00,22.96,23.750805,24.69373
2016-08-20 12:00:00,24.655,24.173492,25.697618
2016-08-20 13:00:00,25.515,24.081347,25.523094
2016-08-20 14:00:00,25.756666,23.331633,24.73673
2016-08-20 15:00:00,25.346666,22.950893,24.154411
2016-08-20 16:00:00,24.643333,23.7841,24.386412
2016-08-20 17:00:00,23.091667,24.089664,24.600874
2016-08-20 18:00:00,20.873333,23.718006,23.890474
2016-08-20 19:00:00,20.458334,23.397657,23.142416
2016-08-20 20:00:00,19.706667,22.504114,22.365885
2016-08-20 21:00:00,19.06,20.842627,20.212666
2016-08-20 22:00:00,17.31,18.986855,18.418476
2016-08-20 23:00:00,17.036667,17.526716,16.99045
2016-08-21 00:00:00,16.653334,16.702868,16.610727
2016-08-21 01:00:00,16.63,16.600195,16.510466
2016-08-21 02:00:00,16.108334,15.698301,15.809978
2016-08-21 03:00:00,15.611667,15.07754,15.224773
2016-08-21 04:00:00,15.368333,15.144164,14.882045
2016-08-21 05:00:00,14.565,15.47686,15.155297
2016-08-21 06:00:00,13.97,15.455935,15.271655
2016-08-21 07:00:00,14.885,15.981724,16.000536
2016-08-21 08:00:00,16.625,16.583895,16.697071
2016-08-21 09:00:00,16.301666,17.858204,17.81567
2016-08-21 10:00:00,18.406666,19.677788,19.651604
2016-08-21 11:00:00,20.578333,19.043957,19.106827
2016-08-21 12:00:00,20.84,19.667583,19.66976
2016-08-21 13:00:00,21.11,21.227886,21.458588
2016-08-21 14:00:00,21.238333,21.413298,21.727076
2016-08-21 15:00:00,19.906666,20.411226,20.623089
2016-08-21 16:00:00,19.805,21.83289,22.394548
2016-08-21 17:00:00,19.828333,22.089933,22.43376
2016-08-21 18:00:00,19.47,20.84137,20.869349
2016-08-21 19:00:00,17.831667,19.239353,19.580332
2016-08-21 20:00:00,16.32,17.640654,17.994411
2016-08-21 21:00:00,15.46,15.875714,15.940474
2016-08-21 22:00:00,14.923333,15.869071,15.418374
2016-08-21 23:00:00,14.518333,15.179474,14.54995
2016-08-22 00:00:00,14.663333,14.882798,14.335725
2016-08-22 01:00:00,14.18,14.101218,14.01283
2016-08-22 02:00:00,13.926666,13.385503,13.262314
2016-08-22 03:00:00,13.975,12.749415,12.266034
2016-08-22 04:00:00,13.976666,12.690097,11.767948
2016-08-22 05:00:00,14.233334,12.2576275,12.0261545
2016-08-22 06:00:00,14.356667,13.080979,12.949934
2016-08-22 07:00:00,14.521667,13.794407,13.827576
2016-08-22 08:00:00,15.9383335,15.069525,15.661344
2016-08-22 09:00:00,17.291666,17.254179,17.970436
2016-08-22 10:00:00,18.566668,18.419746,19.39737
2016-08-22 11:00:00,19.276667,19.039154,19.375204
2016-08-22 12:00:00,19.673334,19.666832,20.062445
2016-08-22 13:00:00,20.296667,20.176126,20.853148
2016-08-22 14:00:00,21.565,21.074423,21.972115
2016-08-22 15:00:00,22.06,21.39237,22.026548
2016-08-22 16:00:00,22.061666,21.828033,22.515436
2016-08-22 17:00:00,22.138334,21.67374,22.238997
2016-08-22 18:00:00,22.016666,20.653288,21.16096
2016-08-22 19:00:00,20.711666,19.919004,20.689077
2016-08-22 20:00:00,19.523333,19.702534,20.217194
2016-08-22 21:00:00,19.1,18.641474,18.608759
2016-08-22 22:00:00,18.961666,17.334393,16.730686
2016-08-22 23:00:00,18.223333,17.012041,16.30859
2016-08-23 00:00:00,17.673334,16.273865,15.325132
2016-08-23 01:00:00,17.843334,15.401026,14.739934
2016-08-23 02:00:00,17.438334,14.678291,14.239144
2016-08-23 03:00:00,17.335,14.616706,14.123899
2016-08-23 04:00:00,17.37,14.830928,14.585075
2016-08-23 05:00:00,16.743334,15.276449,15.222996
2016-08-23 06:00:00,16.05,15.7834425,15.3933525
2016-08-23 07:00:00,16.926666,17.034657,16.35681
2016-08-23 08:00:00,18.668333,18.247105,17.683989
2016-08-23 09:00:00,21.733334,20.088926,19.723606
2016-08-23 10:00:00,23.17,22.213972,21.584055
2016-08-23 11:00:00,23.875,22.963985,21.842463
2016-08-23 12:00:00,24.763334,22.838352,22.036783
2016-08-23 13:00:00,25.665,23.301134,23.837275
2016-08-23 14:00:00,26.215,24.312763,25.141417
2016-08-23 15:00:00,26.396667,26.267311,26.916222
2016-08-23 16:00:00,26.748333,25.188889,25.354158
2016-08-23 17:00:00,26.418333,25.579779,25.55104
2016-08-23 18:00:00,25.605,24.951609,24.798399
2016-08-23 19:00:00,24.861666,23.833935,24.01686
2016-08-23 20:00:00,23.623333,23.234467,23.417582
2016-08-23 21:00:00,22.4,21.935907,21.759693
2016-08-23 22:00:00,21.521667,20.68677,20.374052
2016-08-23 23:00:00,20.145,20.214104,20.079279
2016-08-24 00:00:00,19.071667,19.03242,18.786633
2016-08-24 01:00:00,18.221666,18.11972,17.730923
2016-08-24 02:00:00,17.26,17.079588,16.839842
2016-08-24 03:00:00,16.36,16.280504,16.203484
2016-08-24 04:00:00,15.651667,16.071564,16.310534
2016-08-24 05:00:00,14.651667,15.45616,15.591345
2016-08-24 06:00:00,14.518333,15.466114,15.633221
2016-08-24 07:00:00,16.551666,16.595402,16.886047
2016-08-24 08:00:00,18.485,18.34616,18.194159
2016-08-24 09:00:00,21.568333,21.436483,20.207785
2016-08-24 10:00:00,24.185,24.186575,22.873821
2016-08-24 11:00:00,26.085,25.235598,24.528109
2016-08-24 12:00:00,27.24,26.634035,26.178596
2016-08-24 13:00:00,27.92,28.279676,28.091267
2016-08-24 14:00:00,28.82,28.715824,28.74009
2016-08-24 15:00:00,29.396667,29.700676,29.172987
2016-08-24 16:00:00,29.791666,30.144287,29.486908
2016-08-24 17:00:00,29.396667,30.40338,29.583681
2016-08-24 18:00:00,29.37,29.63477,29.147375
2016-08-24 19:00:00,28.02,28.055986,28.064919
2016-08-24 20:00:00,26.4,27.038069,26.458065
2016-08-24 21:00:00,25.146667,24.81618,23.730427
2016-08-24 22:00:00,23.835,23.372488,21.496763
2016-08-24 23:00:00,22.305,22.012901,19.818998
2016-08-25 00:00:00,20.945,21.263046,19.395073
2016-08-25 01:00:00,19.133333,19.68962,18.414602
2016-08-25 02:00:00,17.245,17.891068,17.259367
2016-08-25 03:00:00,16.378334,17.607462,17.014755
2016-08-25 04:00:00,15.481667,17.277784,16.738813
2016-08-25 05:00:00,14.896667,16.669231,16.1163
2016-08-25 06:00:00,14.633333,16.979836,16.33526
2016-08-25 07:00:00,16.5,17.885704,17.251024
2016-08-25 08:00:00,19.223333,18.983778,18.881466
2016-08-25 09:00:00,22.313334,22.350197,21.557047
2016-08-25 10:00:00,24.628334,25.341484,24.183493
2016-08-25 11:00:00,27.42,27.09991,26.627838
2016-08-25 12:00:00,29.198334,28.084578,27.869505
2016-08-25 13:00:00,30.073334,29.569166,29.367218
2016-08-25 14:00:00,31.015,30.576115,30.142952
2016-08-25 15:00:00,31.535,31.84756,30.402119
2016-08-25 16:00:00,31.668333,31.910347,30.383097
2016-08-25 17:00:00,31.828333,31.798626,30.50276
2016-08-25 18:00:00,31.705,30.940363,30.166636
2016-08-25 19:00:00,29.746666,29.387907,28.89924
2016-08-25 20:00:00,28.113333,27.382286,26.649668
2016-08-25 21:00:00,26.616667,25.45659,24.713442
2016-08-25 22:00:00,24.848333,24.122562,22.78893
2016-08-25 23:00:00,23.728333,22.802334,21.61742
2016-08-26 00:00:00,22.336666,21.490082,20.900076
2016-08-26 01:00:00,21.185,19.213293,19.774181
2016-08-26 02:00:00,20.163334,18.310907,19.17083
2016-08-26 03:00:00,19.085,18.178865,18.922213
2016-08-26 04:00:00,17.765,17.786898,18.110106
2016-08-26 05:00:00,17.986666,18.269846,18.14892
2016-08-26 06:00:00,17.391666,18.732962,18.113562
2016-08-26 07:00:00,18.281666,19.539051,18.472605
2016-08-26 08:00:00,20.156666,20.954424,19.43109
2016-08-26 09:00:00,23.658333,22.918322,21.105705
2016-08-26 10:00:00,26.335,24.904362,23.210014
2016-08-26 11:00:00,28.253334,27.408247,26.566198
2016-08-26 12:00:00,29.8,27.593952,28.16083
2016-08-26 13:00:00,31.353333,28.608452,28.699476
2016-08-26 14:00:00,32.648335,29.783394,29.103596
2016-08-26 15:00:00,33.616665,31.36627,30.206251
2016-08-26 16:00:00,34.195,31.36568,30.448149
2016-08-26 17:00:00,34.228333,31.629646,30.40656
2016-08-26 18:00:00,33.838333,31.261322,29.909836
2016-08-26 19:00:00,32.043335,30.454609,28.627295
2016-08-26 20:00:00,30.495,28.772133,26.629463
2016-08-26 21:00:00,27.433332,26.694452,25.39535
2016-08-26 22:00:00,25.325,24.358807,23.747622
2016-08-26 23:00:00,23.263334,23.038418,22.605913
2016-08-27 00:00:00,21.241667,21.779272,21.706312
2016-08-27 01:00:00,20.446667,20.18075,20.667755
2016-08-27 02:00:00,19.413334,19.477001,19.251554
2016-08-27 03:00:00,17.91,17.847303,18.581837
2016-08-27 04:00:00,18.188334,17.156393,17.770954
2016-08-27 05:00:00,17.376667,17.300655,17.532167
2016-08-27 06:00:00,16.006666,17.5152,17.351751
2016-08-27 07:00:00,17.748333,18.474428,17.710403
2016-08-27 08:00:00,19.833334,20.617277,18.876608
2016-08-27 09:00:00,22.236666,22.521992,20.752321
2016-08-27 10:00:00,23.931667,25.732643,23.866009
2016-08-27 11:00:00,25.985,26.391397,25.573381
2016-08-27 12:00:00,28.063334,27.352465,26.577662
2016-08-27 13:00:00,30.01,29.674091,29.23149
2016-08-27 14:00:00,31.251667,30.599152,30.01637
2016-08-27 15:00:00,31.978333,30.799257,29.233955
2016-08-27 16:00:00,32.3,30.700672,28.558992
2016-08-27 17:00:00,32.26,29.81671,28.130037
2016-08-27 18:00:00,31.953333,28.984417,28.201923
2016-08-27 19:00:00,30.511667,27.670492,27.200226
2016-08-27 20:00:00,28.866667,26.748657,26.179716
2016-08-27 21:00:00,27.74,25.478622,24.898542
2016-08-27 22:00:00,25.443333,24.505419,23.413046
2016-08-27 23:00:00,23.193333,23.396873,22.111383
2016-08-28 00:00:00,21.045,22.55711,21.042103
2016-08-28 01:00:00,20.448334,21.07692,20.113031
2016-08-28 02:00:00,19.556667,18.967884,19.515337
2016-08-28 03:00:00,18.095,18.694485,18.999107
2016-08-28 04:00:00,17.813334,17.851294,18.5714
2016-08-28 05:00:00,17.458334,17.240253,18.19625
2016-08-28 06:00:00,16.375,17.304335,17.770426
2016-08-28 07:00:00,17.453333,18.573338,18.820724
2016-08-28 08:00:00,19.988333,20.574488,20.568176
2016-08-28 09:00:00,22.838333,22.66075,22.18642
2016-08-28 10:00:00,26.365,25.71474,24.823318
2016-08-28 11:00:00,29.825,27.477467,27.572561
2016-08-28 12:00:00,32.29,27.638832,28.483126
2016-08-28 13:00:00,33.205,28.997028,29.466875
2016-08-28 14:00:00,33.43,30.21198,29.766666
2016-08-28 15:00:00,33.253334,31.091036,29.826168
2016-08-28 16:00:00,32.823334,32.139793,31.015398
2016-08-28 17:00:00,31.708334,32.503094,31.32615
2016-08-28 18:00:00,29.435,31.847324,30.640903
2016-08-28 19:00:00,27.588333,30.064684,28.234835
2016-08-28 20:00:00,24.42,27.793005,26.947857
2016-08-28 21:00:00,21.208334,26.445713,25.803318
2016-08-28 22:00:00,21.098333,24.91695,24.213099
2016-08-28 23:00:00,21.151667,22.48658,22.11753
2016-08-29 00:00:00,20.503334,20.615856,20.895746
2016-08-29 01:00:00,19.756666,18.850763,19.827806
2016-08-29 02:00:00,19.806667,17.26071,17.605417
2016-08-29 03:00:00,19.906666,17.170773,18.51709
2016-08-29 04:00:00,19.738333,17.038553,17.489962
2016-08-29 05:00:00,19.473333,17.677969,17.772675
2016-08-29 06:00:00,19.361666,18.038094,17.873178
2016-08-29 07:00:00,19.205,18.082949,18.168213
2016-08-29 08:00:00,20.795,19.62305,19.93076
2016-08-29 09:00:00,21.413334,20.88299,21.00272
2016-08-29 10:00:00,22.316668,22.316418,22.349955
2016-08-29 11:00:00,22.75,22.7141,22.832346
2016-08-29 12:00:00,23.793333,22.915024,23.177935
2016-08-29 13:00:00,22.658333,23.301546,23.909004
2016-08-29 14:00:00,23.508333,24.922466,26.102154
2016-08-29 15:00:00,23.83,23.756878,24.625103
2016-08-29 16:00:00,22.861666,23.991316,25.092382
2016-08-29 17:00:00,21.813334,22.81729,23.90559
2016-08-29 18:00:00,20.993334,22.073072,23.31455
2016-08-29 19:00:00,20.496666,19.541727,20.635408
2016-08-29 20:00:00,19.515,19.540846,20.198963
2016-08-29 21:00:00,19.066668,18.717926,18.877785
2016-08-29 22:00:00,18.42,17.454203,17.352118
2016-08-29 23:00:00,17.586666,16.127102,15.9002495
2016-08-30 00:00:00,17.365,15.440241,15.351586
2016-08-30 01:00:00,16.67,15.257053,15.317091
2016-08-30 02:00:00,15.658334,14.988636,14.966833
2016-08-30 03:00:00,15.125,15.249199,15.089684
2016-08-30 04:00:00,14.398334,14.944149,14.362615
2016-08-30 05:00:00,13.546667,14.786746,14.194132
2016-08-30 06:00:00,12.928333,14.512373,14.118612
2016-08-30 07:00:00,14.268333,14.849158,14.474386
2016-08-30 08:00:00,15.238334,15.023072,14.654687
2016-08-30 09:00:00,15.706667,16.013716,15.588447
2016-08-30 10:00:00,16.466667,17.417109,16.965578
2016-08-30 11:00:00,17.528334,17.883165,17.361837
2016-08-30 12:00:00,18.615,19.404888,18.749256
2016-08-30 13:00:00,19.306667,21.138893,20.932724
2016-08-30 14:00:00,20.075,21.005175,21.201206
2016-08-30 15:00:00,20.713333,20.342682,20.574497
2016-08-30 16:00:00,20.735,20.390783,20.785164
2016-08-30 17:00:00,20.755,20.803495,20.738327
2016-08-30 18:00:00,20.841667,20.004076,20.251312
2016-08-30 19:00:00,19.748333,18.846357,19.736725
2016-08-30 20:00:00,18.821667,17.49934,18.493774
2016-08-30 21:00:00,16.948334,16.366573,16.771818
2016-08-30 22:00:00,15.181666,15.082404,15.312205
2016-08-30 23:00:00,13.83,14.166564,14.372588
2016-08-31 00:00:00,12.891666,13.831474,13.618318
2016-08-31 01:00:00,11.395,12.312862,11.971207
2016-08-31 02:00:00,10.528334,11.594199,11.224225
2016-08-31 03:00:00,9.763333,10.148035,10.037789
2016-08-31 04:00:00,9.131667,9.234231,9.496171
2016-08-31 05:00:00,8.408334,9.010795,8.955154
2016-08-31 06:00:00,8.0616665,9.484924,9.3623905
2016-08-31 07:00:00,9.62,9.832715,9.8776045
2016-08-31 08:00:00,12.695,11.9247055,12.202078
2016-08-31 09:00:00,16.303333,15.0317545,14.782839
2016-08-31 10:00:00,18.931667,17.347912,17.417017
2016-08-31 11:00:00,20.886667,19.430069,19.407122
2016-08-31 12:00:00,22.356667,20.810392,20.589144
2016-08-31 13:00:00,24.203333,22.86384,21.894474
2016-08-31 14:00:00,25.31,23.529806,23.123344
2016-08-31 15:00:00,26.3,23.900223,23.77864
2016-08-31 16:00:00,26.845,23.308245,24.082249
2016-08-31 17:00:00,27.25,23.688187,24.49829
2016-08-31 18:00:00,27.253334,24.113317,24.2605
2016-08-31 19:00:00,24.635,24.423412,24.099064
2016-08-31 20:00:00,22.831667,22.993822,22.334831
2016-08-31 21:00:00,21.933332,21.641272,20.225393
2016-08-31 22:00:00,20.545,19.962109,18.569866
2016-08-31 23:00:00,17.598333,18.705385,17.89174
2016-09-01 00:00:00,16.486666,17.617485,16.624088
2016-09-01 01:00:00,14.956667,15.074349,14.541813
2016-09-01 02:00:00,14.681666,14.362937,13.069064
2016-09-01 03:00:00,14.258333,13.874841,12.713323
2016-09-01 04:00:00,14.003333,13.398621,12.376406
2016-09-01 05:00:00,13.34,12.137315,11.930015
2016-09-01 06:00:00,13.183333,12.737787,11.5988035
2016-09-01 07:00:00,13.33,13.306494,12.051255
2016-09-01 08:00:00,14.37,15.470624,14.613246
2016-09-01 09:00:00,17.468334,17.971401,17.252539
2016-09-01 10:00:00,19.263334,20.769289,20.159893
2016-09-01 11:00:00,20.416666,21.98506,22.505621
2016-09-01 12:00:00,22.24,23.371223,23.598413
2016-09-01 13:00:00,23.655,24.287407,24.333204
2016-09-01 14:00:00,24.903334,24.098585,24.016169
2016-09-01 15:00:00,26.053333,25.954319,25.657883
2016-09-01 16:00:00,26.038334,24.746058,24.98026
2016-09-01 17:00:00,25.936666,23.69128,23.842224
2016-09-01 18:00:00,25.608334,23.616865,23.528776
2016-09-01 19:00:00,24.293333,23.162691,22.723177
2016-09-01 20:00:00,22.81,22.290571,21.370956
2016-09-01 21:00:00,20.95,20.742012,20.0998
2016-09-01 22:00:00,19.688334,19.290436,18.546753
2016-09-01 23:00:00,18.281666,17.552704,17.144033
2016-09-02 00:00:00,17.041666,16.737427,16.51763
2016-09-02 01:00:00,15.908334,15.479127,15.591654
2016-09-02 02:00:00,14.955,15.140781,15.307075
2016-09-02 03:00:00,14.003333,14.581291,14.325975
2016-09-02 04:00:00,13.361667,13.87246,13.92993
2016-09-02 05:00:00,12.771667,13.544772,13.316052
2016-09-02 06:00:00,12.755,13.867986,13.095251
2016-09-02 07:00:00,13.146667,14.23635,13.569103
2016-09-02 08:00:00,15.32,16.032555,15.09558
2016-09-02 09:00:00,17.218334,18.373367,17.813875
2016-09-02 10:00:00,18.726667,20.616995,20.605959
2016-09-02 11:00:00,21.053333,22.775352,22.861658
2016-09-02 12:00:00,22.866667,23.882969,24.627405
2016-09-02 13:00:00,23.686666,23.079193,24.382526
2016-09-02 14:00:00,25.331667,24.332987,25.126595
2016-09-02 15:00:00,26.313334,24.175316,24.962414
2016-09-02 16:00:00,26.756666,23.46652,24.629343
2016-09-02 17:00:00,26.57,23.759285,24.761778
2016-09-02 18:00:00,25.59,23.981022,24.581821
2016-09-02 19:00:00,24.453333,22.583267,22.855013
2016-09-02 20:00:00,22.656666,21.65679,22.10057
2016-09-02 21:00:00,20.753334,20.922861,20.96197
2016-09-02 22:00:00,19.681667,19.46963,19.457266
2016-09-02 23:00:00,18.231667,17.968637,17.610607
2016-09-03 00:00:00,17.205,16.41751,16.338972
2016-09-03 01:00:00,16.955,15.845291,16.004818
2016-09-03 02:00:00,16.403334,14.978351,15.332789
2016-09-03 03:00:00,16.605,14.07199,14.029243
2016-09-03 04:00:00,16.056667,14.020078,14.263847
2016-09-03 05:00:00,15.336667,14.048119,13.56514
2016-09-03 06:00:00,15.216666,14.611517,14.024526
2016-09-03 07:00:00,16.268333,15.784214,15.010171
2016-09-03 08:00:00,16.851667,17.476809,16.491486
2016-09-03 09:00:00,18.475,19.314466,18.866575
2016-09-03 10:00:00,21.27,21.334011,20.976864
2016-09-03 11:00:00,23.235,22.502691,23.20684
2016-09-03 12:00:00,24.206667,21.527689,23.691526
2016-09-03 13:00:00,24.938334,21.466097,23.519829
2016-09-03 14:00:00,25.323334,22.333654,24.099047
2016-09-03 15:00:00,25.613333,22.879658,24.529158
2016-09-03 16:00:00,25.511667,24.12512,25.602816
2016-09-03 17:00:00,25.521667,24.134312,24.845287
2016-09-03 18:00:00,25.4,23.68959,24.050953
2016-09-03 19:00:00,24.293333,21.733435,22.193686
2016-09-03 20:00:00,22.636667,21.036837,21.160042
2016-09-03 21:00:00,21.24,20.314886,20.162764
2016-09-03 22:00:00,19.861666,19.35168,19.091644
2016-09-03 23:00:00,18.616667,18.430428,18.425928
2016-09-04 00:00:00,18.1,18.20344,18.201025
2016-09-04 01:00:00,17.758333,16.933357,16.757414
2016-09-04 02:00:00,17.291666,16.109737,16.074833
2016-09-04 03:00:00,16.938334,15.965595,15.90168
2016-09-04 04:00:00,16.438334,15.981269,15.329784
2016-09-04 05:00:00,16.678333,15.47052,15.050458
2016-09-04 06:00:00,17.131666,15.549886,15.127982
2016-09-04 07:00:00,17.675,16.457787,15.965206
2016-09-04 08:00:00,18.16,17.834341,17.332754
2016-09-04 09:00:00,19.218334,19.554264,19.38304
2016-09-04 10:00:00,20.875,21.235922,20.633104
2016-09-04 11:00:00,20.941668,22.840284,22.267773
2016-09-04 12:00:00,17.426666,23.465109,23.192387
2016-09-04 13:00:00,17.321667,23.270468,24.009836
2016-09-04 14:00:00,18.901667,22.435204,23.62153
2016-09-04 15:00:00,20.891666,22.76724,24.120153
2016-09-04 16:00:00,21.138334,22.563618,23.308468
2016-09-04 17:00:00,18.316668,21.53347,21.81406
2016-09-04 18:00:00,16.048334,17.938602,18.68459
2016-09-04 19:00:00,16.116667,17.427042,18.224174
2016-09-04 20:00:00,15.638333,17.575037,17.85029
2016-09-04 21:00:00,15.493333,18.01558,17.78938
2016-09-04 22:00:00,15.673333,17.251497,16.577682
2016-09-04 23:00:00,15.83,15.779356,15.560006
2016-09-05 00:00:00,15.86,15.130256,15.17248
2016-09-05 01:00:00,15.051666,14.976114,14.863989
2016-09-05 02:00:00,14.79,14.473787,14.219772
2016-09-05 03:00:00,14.708333,14.643128,14.497196
2016-09-05 04:00:00,14.6866665,14.091715,14.136019
2016-09-05 05:00:00,14.635,14.593632,14.523483
2016-09-05 06:00:00,14.148334,14.456875,14.49982
2016-09-05 07:00:00,14.443334,14.547498,14.531148
2016-09-05 08:00:00,14.596666,14.9613285,15.094696
2016-09-05 09:00:00,13.791667,15.759936,15.858067
2016-09-05 10:00:00,14.853333,16.961006,16.883007
2016-09-05 11:00:00,16.85,17.369738,17.270815
2016-09-05 12:00:00,17.16,17.873343,17.62569
2016-09-05 13:00:00,17.596666,18.521559,18.314419
2016-09-05 14:00:00,17.778334,17.394133,17.35573
2016-09-05 15:00:00,18.45,17.522312,17.24868
2016-09-05 16:00:00,18.52,17.346493,17.642342
2016-09-05 17:00:00,16.746666,18.366327,18.797792
2016-09-05 18:00:00,16.706667,17.097076,17.475721
2016-09-05 19:00:00,16.778334,16.729397,17.114273
2016-09-05 20:00:00,16.325,16.11276,16.233711
2016-09-05 21:00:00,16.266666,15.982854,15.935958
2016-09-05 22:00:00,16.333334,16.214046,16.019361
2016-09-05 23:00:00,15.973333,15.666546,15.253815
2016-09-06 00:00:00,16.013334,15.675185,15.404065
2016-09-06 01:00:00,16.038334,15.600102,15.361942
2016-09-06 02:00:00,16.056667,14.960041,14.866933
2016-09-06 03:00:00,15.905,14.719986,14.701156
2016-09-06 04:00:00,15.805,14.768407,14.804493
2016-09-06 05:00:00,15.74,14.747271,14.634059
2016-09-06 06:00:00,15.421667,15.065811,14.905325
2016-09-06 07:00:00,15.441667,15.748959,15.594126
2016-09-06 08:00:00,15.978333,16.649992,16.542368
2016-09-06 09:00:00,16.326666,17.490885,17.373863
2016-09-06 10:00:00,16.8,19.147459,18.511333
2016-09-06 11:00:00,17.565,20.69587,19.895552
2016-09-06 12:00:00,18.683332,20.358406,19.800669
2016-09-06 13:00:00,19.38,20.168346,19.932886
2016-09-06 14:00:00,20.266666,20.48232,20.777145
2016-09-06 15:00:00,20.736666,20.096104,19.977472
2016-09-06 16:00:00,20.948334,20.090302,19.746199
2016-09-06 17:00:00,20.838333,20.178947,19.634079
2016-09-06 18:00:00,20.416666,19.86038,19.723486
2016-09-06 19:00:00,19.195,19.095194,19.2242
2016-09-06 20:00:00,17.581667,18.422642,18.400314
2016-09-06 21:00:00,16.47,17.312143,17.655582
2016-09-06 22:00:00,15.558333,16.588507,16.650595
2016-09-06 23:00:00,13.878333,15.911445,15.683584
2016-09-07 00:00:00,13.023334,15.041277,14.863838
2016-09-07 01:00:00,11.723333,13.69375,13.567194
2016-09-07 02:00:00,11.138333,12.024511,12.647492
2016-09-07 03:00:00,10.4,11.635995,12.108432
2016-09-07 04:00:00,10.016666,11.218665,11.590569
2016-09-07 05:00:00,9.721666,10.163152,10.66575
2016-09-07 06:00:00,9.12,10.120543,10.353067
2016-09-07 07:00:00,9.23,10.105423,10.151145
2016-09-07 08:00:00,9.998333,12.030677,12.28786
2016-09-07 09:00:00,14.123333,14.70743,14.407674
2016-09-07 10:00:00,17.378334,18.4425,17.499685
2016-09-07 11:00:00,20.235,21.341465,20.03943
2016-09-07 12:00:00,21.726667,22.724012,21.337706
2016-09-07 13:00:00,23.553333,23.32022,22.169762
2016-09-07 14:00:00,24.326666,22.91335,22.605179
2016-09-07 15:00:00,24.923334,24.343668,24.78927
2016-09-07 16:00:00,25.286667,23.876036,23.674192
2016-09-07 17:00:00,25.296667,23.71038,24.385246
2016-09-07 18:00:00,25.135,22.387417,22.82745
2016-09-07 19:00:00,23.848333,22.761824,23.0899
2016-09-07 20:00:00,22.911667,21.566702,21.151257
2016-09-07 21:00:00,21.156666,20.527023,19.930735
2016-09-07 22:00:00,19.915,19.935457,18.64343
2016-09-07 23:00:00,18.363333,19.523531,17.999434
2016-09-08 00:00:00,17.193333,18.938366,17.44144
2016-09-08 01:00:00,16.235,17.416708,16.320282
2016-09-08 02:00:00,15.4,17.016645,16.221296
2016-09-08 03:00:00,15.011666,15.877741,15.646463
2016-09-08 04:00:00,14.073334,15.250106,15.26048
2016-09-08 05:00:00,13.4,14.981987,15.081246
2016-09-08 06:00:00,12.685,15.086058,15.307704
2016-09-08 07:00:00,13.348333,15.727,15.981884
2016-09-08 08:00:00,15.726666,16.749304,17.129406
2016-09-08 09:00:00,18.366667,18.461561,18.906357
2016-09-08 10:00:00,21.073334,20.894716,20.895956
2016-09-08 11:00:00,23.75,22.619123,23.682295
2016-09-08 12:00:00,25.513334,24.16779,25.485355
2016-09-08 13:00:00,26.613333,25.201431,26.844334
2016-09-08 14:00:00,27.605,26.51272,28.398554
2016-09-08 15:00:00,27.856667,26.863258,28.478039
2016-09-08 16:00:00,28.29,27.042166,27.544199
2016-09-08 17:00:00,28.223333,26.884762,27.207336
2016-09-08 18:00:00,27.218334,25.583385,26.255836
2016-09-08 19:00:00,25.345,24.245403,24.811333
2016-09-08 20:00:00,24.098333,23.705511,23.079956
2016-09-08 21:00:00,22.113333,22.442324,21.46106
2016-09-08 22:00:00,20.756666,21.53041,20.61209
2016-09-08 23:00:00,19.595,20.664532,19.872196
2016-09-09 00:00:00,18.195,19.17361,19.010326
2016-09-09 01:00:00,17.58,18.144825,18.136568
2016-09-09 02:00:00,17.053333,17.764168,17.733147
2016-09-09 03:00:00,16.39,17.282148,16.979467
2016-09-09 04:00:00,16.29,16.988245,16.440159
2016-09-09 05:00:00,16.168333,16.62586,15.902018
2016-09-09 06:00:00,15.903334,16.809374,16.0793
2016-09-09 07:00:00,15.64,16.710163,16.773052
2016-09-09 08:00:00,17.263334,17.818743,18.049294
2016-09-09 09:00:00,20.625,18.928312,19.762392
2016-09-09 10:00:00,22.753334,21.422243,22.112703
2016-09-09 11:00:00,23.551666,22.860315,24.170095
2016-09-09 12:00:00,24.375,24.218348,25.86225
2016-09-09 13:00:00,24.916666,24.771742,26.145195
2016-09-09 14:00:00,25.153334,25.349272,26.567259
2016-09-09 15:00:00,25.495,27.07934,27.508417
2016-09-09 16:00:00,26.3,25.348412,26.339125
2016-09-09 17:00:00,26.385,24.230164,25.122316
2016-09-09 18:00:00,25.475,23.532032,24.384361
2016-09-09 19:00:00,24.6,22.412735,23.081934
2016-09-09 20:00:00,22.578333,20.78715,20.957438
2016-09-09 21:00:00,20.885,19.955757,19.603752
2016-09-09 22:00:00,19.791666,19.122595,18.634916
2016-09-09 23:00:00,18.495,18.751787,17.964077
2016-09-10 00:00:00,18.0,17.752853,16.9737
2016-09-10 01:00:00,16.858334,17.051208,16.402
2016-09-10 02:00:00,15.683333,15.742269,15.534158
2016-09-10 03:00:00,15.065,14.866851,15.107521
2016-09-10 04:00:00,14.3116665,14.571142,14.719124
2016-09-10 05:00:00,14.073334,14.109048,14.41088
2016-09-10 06:00:00,13.763333,14.878574,14.874976
2016-09-10 07:00:00,14.118333,15.096836,15.190981
2016-09-10 08:00:00,15.9383335,16.035175,16.241936
2016-09-10 09:00:00,17.623333,18.35809,18.38949
2016-09-10 10:00:00,20.198334,20.847025,20.603922
2016-09-10 11:00:00,23.433332,23.616106,23.342648
2016-09-10 12:00:00,25.483334,24.175627,24.764286
2016-09-10 13:00:00,26.483334,25.325317,25.796246
2016-09-10 14:00:00,27.718334,26.340824,27.121702
2016-09-10 15:00:00,27.965,25.753828,26.470903
2016-09-10 16:00:00,28.215,25.164114,25.584324
2016-09-10 17:00:00,27.561666,25.969852,26.182232
2016-09-10 18:00:00,27.058332,25.149067,25.329714
2016-09-10 19:00:00,25.473333,23.561567,23.557905
2016-09-10 20:00:00,23.816668,23.225857,23.258915
2016-09-10 21:00:00,21.616667,21.911121,21.414352
2016-09-10 22:00:00,20.31,20.937813,20.169834
2016-09-10 23:00:00,18.845,20.682667,19.46041
2016-09-11 00:00:00,17.556667,19.663017,18.513994
2016-09-11 01:00:00,16.833334,17.5652,17.37438
2016-09-11 02:00:00,16.066668,16.772526,16.58059
2016-09-11 03:00:00,15.511666,15.725686,16.08253
2016-09-11 04:00:00,14.918333,15.312799,15.731135
2016-09-11 05:00:00,14.273334,15.339577,15.544819
2016-09-11 06:00:00,14.028334,15.561563,15.776535
2016-09-11 07:00:00,14.383333,16.279795,16.68311
2016-09-11 08:00:00,16.92,17.659637,18.201797
2016-09-11 09:00:00,19.391666,19.765957,20.12717
2016-09-11 10:00:00,20.655,22.412556,22.642868
2016-09-11 11:00:00,24.328333,24.297361,24.978037
2016-09-11 12:00:00,25.968334,25.543108,26.516489
2016-09-11 13:00:00,27.645,26.352694,27.52551
2016-09-11 14:00:00,28.368334,27.8427,28.842392
2016-09-11 15:00:00,28.438334,27.815159,28.77329
2016-09-11 16:00:00,28.38,26.413406,27.177217
2016-09-11 17:00:00,27.898333,26.844004,27.089293
2016-09-11 18:00:00,27.166666,25.291374,25.864922
2016-09-11 19:00:00,26.101667,25.278942,25.253595
2016-09-11 20:00:00,24.025,23.756565,23.422667
2016-09-11 21:00:00,22.646667,21.692022,20.740456
2016-09-11 22:00:00,21.875,20.529945,20.016933
2016-09-11 23:00:00,20.463333,19.202791,18.750551
2016-09-12 00:00:00,19.38,18.32382,17.956135
2016-09-12 01:00:00,18.098333,17.38578,17.216627
2016-09-12 02:00:00,17.218334,16.707169,16.697865
2016-09-12 03:00:00,16.315,16.076315,16.561956
2016-09-12 04:00:00,15.551666,15.819615,16.285948
2016-09-12 05:00:00,15.16,15.4303,15.701006
2016-09-12 06:00:00,14.685,15.389313,15.853571
2016-09-12 07:00:00,14.896667,15.751025,16.214664
2016-09-12 08:00:00,17.308332,17.136148,17.671442
2016-09-12 09:00:00,19.258333,19.780607,19.202854
2016-09-12 10:00:00,21.58,22.539482,21.530485
2016-09-12 11:00:00,26.136667,25.036118,24.394001
2016-09-12 12:00:00,28.371666,25.870209,26.173267
2016-09-12 13:00:00,29.906666,26.850433,27.286352
2016-09-12 14:00:00,30.503334,28.19615,28.738287
2016-09-12 15:00:00,30.976667,27.93093,28.079239
2016-09-12 16:00:00,31.156666,27.387003,27.083418
2016-09-12 17:00:00,30.545,29.303984,28.644062
2016-09-12 18:00:00,29.655,28.733927,28.556423
2016-09-12 19:00:00,28.191668,28.147585,27.672697
2016-09-12 20:00:00,26.92,26.053492,25.27688
2016-09-12 21:00:00,25.648333,24.23589,23.040243
2016-09-12 22:00:00,24.811666,22.867662,21.141459
2016-09-12 23:00:00,23.211666,21.650606,20.12243
2016-09-13 00:00:00,21.13,20.36367,19.427452
2016-09-13 01:00:00,19.055,18.769793,18.458782
2016-09-13 02:00:00,18.208334,17.373283,17.573486
2016-09-13 03:00:00,17.113333,17.023033,17.612566
2016-09-13 04:00:00,16.231667,17.02699,17.452293
2016-09-13 05:00:00,15.826667,17.073067,17.178267
2016-09-13 06:00:00,15.043333,16.380005,16.79864
2016-09-13 07:00:00,15.426666,16.772163,16.700447
2016-09-13 08:00:00,17.963333,18.191225,18.364431
2016-09-13 09:00:00,20.216667,20.530714,20.194475
2016-09-13 10:00:00,22.82,22.980505,22.311325
2016-09-13 11:00:00,26.421667,26.144253,24.86347
2016-09-13 12:00:00,28.681667,27.111952,26.858517
2016-09-13 13:00:00,29.745,27.869957,27.802292
2016-09-13 14:00:00,30.701666,29.578318,29.419922
2016-09-13 15:00:00,31.033333,29.974874,29.20961
2016-09-13 16:00:00,30.68,29.778961,28.14528
2016-09-13 17:00:00,30.271667,30.710434,29.254768
2016-09-13 18:00:00,29.218334,29.752825,28.645699
2016-09-13 19:00:00,27.808332,26.367016,26.259815
2016-09-13 20:00:00,26.06,25.280283,25.02528
2016-09-13 21:00:00,25.48,23.939945,23.007778
2016-09-13 22:00:00,23.808332,22.32446,20.78279
2016-09-13 23:00:00,22.295,20.911,19.889757
2016-09-14 00:00:00,20.54,19.625683,19.209702
2016-09-14 01:00:00,19.088333,17.791374,18.02969
2016-09-14 02:00:00,17.955,16.662834,17.037083
2016-09-14 03:00:00,17.158333,17.148302,17.307173
2016-09-14 04:00:00,16.415,16.647953,17.037561
2016-09-14 05:00:00,15.8116665,16.262236,16.674295
2016-09-14 06:00:00,14.998333,16.004889,16.377874
2016-09-14 07:00:00,15.261666,16.82927,16.83603
2016-09-14 08:00:00,17.193333,17.602503,18.104616
2016-09-14 09:00:00,19.353333,19.688833,19.279665
2016-09-14 10:00:00,21.715,22.188597,20.983458
2016-09-14 11:00:00,24.605,23.927843,22.793112
2016-09-14 12:00:00,26.21,25.807528,24.994038
2016-09-14 13:00:00,27.651667,27.082193,27.527973
2016-09-14 14:00:00,28.23,28.220552,28.40569
2016-09-14 15:00:00,28.513334,28.80832,28.082127
2016-09-14 16:00:00,28.788334,28.951777,27.540903
2016-09-14 17:00:00,28.413334,28.16718,27.19842
2016-09-14 18:00:00,27.565,25.025732,25.78007
2016-09-14 19:00:00,26.22,24.999847,25.142977
2016-09-14 20:00:00,24.623333,23.53618,23.327805
2016-09-14 21:00:00,23.538334,21.846249,21.433226
2016-09-14 22:00:00,22.591667,20.658688,20.29271
2016-09-14 23:00:00,22.221666,19.676365,19.11859
2016-09-15 00:00:00,21.253334,18.894524,18.525003
2016-09-15 01:00:00,20.041666,18.179348,18.047853
2016-09-15 02:00:00,19.401667,17.944899,17.87544
2016-09-15 03:00:00,18.568333,17.158073,17.434992
2016-09-15 04:00:00,17.35,16.532408,16.700726
2016-09-15 05:00:00,16.12,17.126608,17.23939
2016-09-15 06:00:00,15.373333,17.082182,16.97121
2016-09-15 07:00:00,15.261666,16.672796,16.548832
2016-09-15 08:00:00,16.381666,17.38394,17.186499
2016-09-15 09:00:00,18.24,18.712976,18.040615
2016-09-15 10:00:00,20.131666,20.119896,19.374754
2016-09-15 11:00:00,22.65,19.893156,20.110577
2016-09-15 12:00:00,24.428333,20.30539,20.80443
2016-09-15 13:00:00,25.8,20.420177,21.764746
2016-09-15 14:00:00,26.828333,21.59352,23.394716
2016-09-15 15:00:00,27.206667,22.751228,24.140581
2016-09-15 16:00:00,27.19,23.104477,24.067701
2016-09-15 17:00:00,26.65,24.40176,24.495289
2016-09-15 18:00:00,25.71,24.076885,24.406408
2016-09-15 19:00:00,24.245,23.43394,23.823215
2016-09-15 20:00:00,23.015,22.737703,22.613764
2016-09-15 21:00:00,22.306667,21.138514,20.930838
2016-09-15 22:00:00,21.313334,20.245712,20.033085
2016-09-15 23:00:00,20.295,19.212597,19.089808
2016-09-16 00:00:00,18.805,18.123892,18.28935
2016-09-16 01:00:00,17.748333,16.905993,17.38491
2016-09-16 02:00:00,16.485,15.966751,16.300823
2016-09-16 03:00:00,15.636666,16.071823,16.136518
2016-09-16 04:00:00,15.13,15.482163,15.78196
2016-09-16 05:00:00,14.54,14.87591,15.223629
2016-09-16 06:00:00,14.191667,14.797707,14.767434
2016-09-16 07:00:00,15.343333,15.474167,15.162313
2016-09-16 08:00:00,17.186666,15.866619,15.921002
2016-09-16 09:00:00,18.748333,17.880007,17.530058
2016-09-16 10:00:00,18.491667,20.11544,19.990725
2016-09-16 11:00:00,18.493334,20.99281,21.39747
2016-09-16 12:00:00,18.966667,22.775288,22.66532
2016-09-16 13:00:00,20.316668,24.124989,25.032837
2016-09-16 14:00:00,21.006666,24.278599,25.264715
2016-09-16 15:00:00,21.398333,24.18979,24.684055
2016-09-16 16:00:00,21.281666,21.130537,21.937584
2016-09-16 17:00:00,21.556667,20.406914,20.893385
2016-09-16 18:00:00,20.74,20.20804,20.553055
2016-09-16 19:00:00,19.705,18.661343,19.225805
2016-09-16 20:00:00,19.255,17.989489,17.983883
2016-09-16 21:00:00,19.123333,17.590506,17.189741
2016-09-16 22:00:00,18.523333,17.066048,16.663458
2016-09-16 23:00:00,16.786667,16.886423,16.500422
2016-09-17 00:00:00,15.648334,15.81572,15.786446
2016-09-17 01:00:00,15.343333,15.401004,15.785694
2016-09-17 02:00:00,15.225,15.447888,15.362846
2016-09-17 03:00:00,15.328333,15.534227,15.644527
2016-09-17 04:00:00,15.293333,15.497181,15.807192
2016-09-17 05:00:00,14.93,14.940781,15.087431
2016-09-17 06:00:00,14.958333,14.361747,14.286396
2016-09-17 07:00:00,14.808333,14.564254,14.662891
2016-09-17 08:00:00,14.866667,15.714985,15.738455
2016-09-17 09:00:00,15.011666,16.343346,16.702887
2016-09-17 10:00:00,15.231667,16.994907,17.48248
2016-09-17 11:00:00,15.341666,17.558784,17.969376
2016-09-17 12:00:00,15.446667,17.960432,18.316107
2016-09-17 13:00:00,15.575,18.222467,18.403484
2016-09-17 14:00:00,15.3133335,18.983423,18.914944
2016-09-17 15:00:00,14.71,17.790873,17.66513
2016-09-17 16:00:00,14.706667,17.553598,17.619932
2016-09-17 17:00:00,14.54,16.55754,16.88414
2016-09-17 18:00:00,14.283334,16.165823,16.866022
2016-09-17 19:00:00,14.468333,15.848731,16.716541
2016-09-17 20:00:00,14.68,15.092578,15.675052
2016-09-17 21:00:00,14.823334,14.197786,14.774156
2016-09-17 22:00:00,15.01,14.357597,14.569277
2016-09-17 23:00:00,15.276667,14.023555,14.081645
2016-09-18 00:00:00,15.266666,13.877487,13.820762
2016-09-18 01:00:00,15.16,14.116585,13.942933
2016-09-18 02:00:00,15.121667,14.160307,13.876234
2016-09-18 03:00:00,14.4366665,14.286726,13.821963
2016-09-18 04:00:00,14.448334,14.189726,13.890722
2016-09-18 05:00:00,14.416667,14.250588,14.264561
2016-09-18 06:00:00,14.108334,14.3169985,14.380514
2016-09-18 07:00:00,13.625,14.356409,14.530019
2016-09-18 08:00:00,13.166667,14.518734,14.863703
2016-09-18 09:00:00,12.958333,14.489124,14.787631
2016-09-18 10:00:00,13.001667,15.48921,15.779808
2016-09-18 11:00:00,13.755,16.070593,16.17825
2016-09-18 12:00:00,14.72,15.744061,15.714002
2016-09-18 13:00:00,15.448334,15.607376,15.126159
2016-09-18 14:00:00,16.323334,15.225711,14.826445
2016-09-18 15:00:00,16.926666,15.022406,14.602374
2016-09-18 16:00:00,16.886667,14.939505,14.8331585
2016-09-18 17:00:00,16.58,15.6301565,15.754474
2016-09-18 18:00:00,14.786667,15.561311,15.763223
2016-09-18 19:00:00,13.248333,15.217886,15.529783
2016-09-18 20:00:00,12.913333,15.188525,15.688294
2016-09-18 21:00:00,12.646667,14.788955,15.163439
2016-09-18 22:00:00,12.551666,14.262476,14.641409
2016-09-18 23:00:00,12.54,13.765527,14.171979
2016-09-19 00:00:00,12.243333,12.8956785,13.199476
2016-09-19 01:00:00,11.735,11.468306,11.816517
2016-09-19 02:00:00,11.515,11.555854,11.373552
2016-09-19 03:00:00,11.403334,11.008797,11.2487955
2016-09-19 04:00:00,11.256667,11.266879,11.322608
2016-09-19 05:00:00,11.213333,11.395687,11.320649
2016-09-19 06:00:00,11.326667,11.2748995,11.096151
2016-09-19 07:00:00,11.535,10.867636,10.743253
2016-09-19 08:00:00,11.448334,11.215832,11.427506
2016-09-19 09:00:00,11.521667,11.8523035,12.407378
2016-09-19 10:00:00,11.525,12.857964,13.521983
2016-09-19 11:00:00,12.183333,13.765774,14.389659
2016-09-19 12:00:00,13.248333,14.622703,15.520226
2016-09-19 13:00:00,14.271667,15.390393,16.812517
2016-09-19 14:00:00,14.795,14.836756,16.311777
2016-09-19 15:00:00,15.453333,14.387428,15.330976
2016-09-19 16:00:00,15.631667,13.981473,14.76537
2016-09-19 17:00:00,15.1883335,14.214757,15.247205
2016-09-19 18:00:00,14.683333,14.492039,15.425791
2016-09-19 19:00:00,14.086667,14.274978,15.101045
2016-09-19 20:00:00,13.926666,13.320434,13.57288
2016-09-19 21:00:00,13.831667,13.65507,13.9171505
2016-09-19 22:00:00,13.668333,13.001431,13.252305
2016-09-19 23:00:00,13.308333,12.464267,12.728787
2016-09-20 00:00:00,13.026667,12.026807,12.0700655
2016-09-20 01:00:00,13.13,11.351866,11.80341
2016-09-20 02:00:00,12.805,11.220405,11.394062
2016-09-20 03:00:00,12.626667,11.115419,11.087379
2016-09-20 04:00:00,12.231667,10.702292,10.835117
2016-09-20 05:00:00,12.068334,10.469335,10.449367
2016-09-20 06:00:00,11.908334,10.833183,10.765134
2016-09-20 07:00:00,11.478333,11.078317,11.485958
2016-09-20 08:00:00,11.463333,12.524152,12.332655
2016-09-20 09:00:00,12.51,14.122629,13.950882
2016-09-20 10:00:00,12.648334,14.759348,15.376025
2016-09-20 11:00:00,13.49,15.703827,16.04366
2016-09-20 12:00:00,14.3116665,16.084328,17.153542
2016-09-20 13:00:00,14.428333,15.086627,16.17936
2016-09-20 14:00:00,14.5,14.689868,15.960603
2016-09-20 15:00:00,14.196667,15.790853,16.940218
2016-09-20 16:00:00,14.478333,15.034869,15.953264
2016-09-20 17:00:00,14.656667,15.196463,15.9329195
2016-09-20 18:00:00,14.121667,14.781558,15.196033
2016-09-20 19:00:00,13.81,13.144267,13.659974
2016-09-20 20:00:00,13.205,11.81901,12.443524
2016-09-20 21:00:00,12.685,10.782175,11.327674
2016-09-20 22:00:00,12.031667,10.103838,10.552766
2016-09-20 23:00:00,11.26,9.928918,10.348059
2016-09-21 00:00:00,9.841666,9.157252,9.517341
2016-09-21 01:00:00,8.966666,8.421758,9.168593
2016-09-21 02:00:00,8.406667,8.525553,9.337422
2016-09-21 03:00:00,7.7883334,8.491656,9.205086
2016-09-21 04:00:00,7.1783333,8.063486,8.6910515
2016-09-21 05:00:00,6.548333,7.519679,8.302588
2016-09-21 06:00:00,5.615,7.1579976,7.5744443
2016-09-21 07:00:00,5.4533334,7.175003,7.2953496
2016-09-21 08:00:00,6.1883335,7.595708,7.7077475
2016-09-21 09:00:00,7.185,9.41664,9.551026
2016-09-21 10:00:00,8.545,11.513486,11.741848
2016-09-21 11:00:00,10.578333,13.90877,14.422075
2016-09-21 12:00:00,13.798333,14.352126,15.615053
2016-09-21 13:00:00,16.511667,15.890775,16.963993
2016-09-21 14:00:00,17.468334,17.201113,17.485723
2016-09-21 15:00:00,16.995,17.112207,17.106436
2016-09-21 16:00:00,17.821667,16.49247,16.407213
2016-09-21 17:00:00,17.746666,15.37231,15.7803
2016-09-21 18:00:00,17.055,15.981221,16.771084
2016-09-21 19:00:00,15.716666,15.931511,16.212557
2016-09-21 20:00:00,13.778334,14.13001,14.435565
2016-09-21 21:00:00,12.76,12.556897,13.147412
2016-09-21 22:00:00,11.928333,12.100027,12.628032
2016-09-21 23:00:00,11.135,11.452654,11.8535
2016-09-22 00:00:00,10.191667,11.15657,11.412132
2016-09-22 01:00:00,9.316667,10.177987,11.159103
2016-09-22 02:00:00,9.141666,9.759222,10.227095
2016-09-22 03:00:00,8.396667,9.013128,9.7637
2016-09-22 04:00:00,7.54,8.710911,9.184252
2016-09-22 05:00:00,7.136667,7.8325305,8.913469
2016-09-22 06:00:00,6.866667,7.1810045,8.228754
2016-09-22 07:00:00,6.6766667,7.117418,8.022833
2016-09-22 08:00:00,6.8566666,8.379639,9.352333
2016-09-22 09:00:00,7.9016666,9.822194,10.596603
2016-09-22 10:00:00,10.445,12.236641,13.339334
2016-09-22 11:00:00,14.466666,15.682636,16.415993
2016-09-22 12:00:00,17.596666,18.393303,18.437567
2016-09-22 13:00:00,17.898333,19.535925,19.300604
2016-09-22 14:00:00,18.208334,19.876377,19.625456
2016-09-22 15:00:00,18.508333,19.440805,19.536844
2016-09-22 16:00:00,18.533333,19.233522,19.546116
2016-09-22 17:00:00,18.946667,19.021809,19.616142
2016-09-22 18:00:00,17.976667,18.335552,18.200415
2016-09-22 19:00:00,16.38,15.856632,16.03416
2016-09-22 20:00:00,14.75,14.15725,14.707771
2016-09-22 21:00:00,13.675,13.669669,13.60331
2016-09-22 22:00:00,12.721666,12.620286,12.42596
2016-09-22 23:00:00,11.783334,12.402189,12.541969
2016-09-23 00:00:00,11.195,11.505872,12.213586
2016-09-23 01:00:00,10.735,10.763509,11.274306
2016-09-23 02:00:00,10.285,10.368558,10.673554
2016-09-23 03:00:00,9.816667,9.911849,10.203445
2016-09-23 04:00:00,9.57,9.478868,10.035444
2016-09-23 05:00:00,9.51,8.850526,9.503989
2016-09-23 06:00:00,9.515,8.7194805,9.341528
2016-09-23 07:00:00,9.53,9.429259,9.824462
2016-09-23 08:00:00,10.321667,10.431269,10.643351
2016-09-23 09:00:00,12.861667,12.275565,12.235534
2016-09-23 10:00:00,15.271667,15.167742,15.158497
2016-09-23 11:00:00,18.285,18.142231,18.117456
2016-09-23 12:00:00,19.62,20.330091,20.276075
2016-09-23 13:00:00,20.041666,20.802326,21.141981
2016-09-23 14:00:00,20.361666,20.734196,21.422428
2016-09-23 15:00:00,20.718334,20.966091,21.920898
2016-09-23 16:00:00,21.185,20.408333,21.390844
2016-09-23 17:00:00,20.903334,20.284122,21.215275
2016-09-23 18:00:00,19.783333,18.395483,18.887922
2016-09-23 19:00:00,18.458334,16.701262,17.119286
2016-09-23 20:00:00,15.713333,15.565717,15.484719
2016-09-23 21:00:00,14.375,14.600656,14.043828
2016-09-23 22:00:00,13.07,14.03226,13.311158
2016-09-23 23:00:00,11.856667,13.051409,12.806604
2016-09-24 00:00:00,10.871667,11.759491,11.910229
2016-09-24 01:00:00,10.1,11.500103,11.752724
2016-09-24 02:00:00,9.786667,9.946046,10.368534
2016-09-24 03:00:00,9.193334,9.758009,9.798458
2016-09-24 04:00:00,8.641666,9.096735,9.141359
2016-09-24 05:00:00,8.586667,8.344366,8.690815
2016-09-24 06:00:00,8.243333,7.705856,8.053326
2016-09-24 07:00:00,7.6316667,8.022394,8.313438
2016-09-24 08:00:00,9.415,9.224619,9.368606
2016-09-24 09:00:00,11.765,11.495658,11.101613
2016-09-24 10:00:00,13.926666,14.442359,13.797475
2016-09-24 11:00:00,16.57,17.257595,16.789516
2016-09-24 12:00:00,18.463333,18.867275,18.696129
2016-09-24 13:00:00,19.578333,19.003284,19.551792
2016-09-24 14:00:00,20.205,19.885672,20.601582
2016-09-24 15:00:00,20.92,19.93188,20.920212
2016-09-24 16:00:00,21.278334,19.589159,20.420433
2016-09-24 17:00:00,20.493334,19.512707,20.259766
2016-09-24 18:00:00,19.32,19.309778,19.447273
2016-09-24 19:00:00,17.828333,18.067434,17.586908
2016-09-24 20:00:00,16.096666,15.867218,15.710318
2016-09-24 21:00:00,14.743333,14.77461,14.962205
2016-09-24 22:00:00,13.78,13.335051,13.287111
2016-09-24 23:00:00,13.228333,12.470303,12.501779
2016-09-25 00:00:00,11.786667,11.770477,11.866762
2016-09-25 01:00:00,10.621667,10.699579,11.172402
2016-09-25 02:00:00,10.333333,10.142603,10.455498
2016-09-25 03:00:00,9.735,9.603018,10.360565
2016-09-25 04:00:00,8.983334,9.280459,10.296361
2016-09-25 05:00:00,8.391666,9.111703,10.3430195
2016-09-25 06:00:00,7.7933335,8.2849,9.426231
2016-09-25 07:00:00,7.1683335,8.427053,9.48099
2016-09-25 08:00:00,7.463333,9.726509,10.787058
2016-09-25 09:00:00,10.168333,11.741581,12.293095
2016-09-25 10:00:00,13.603333,14.542785,14.885159
2016-09-25 11:00:00,16.79,18.035526,18.024763
2016-09-25 12:00:00,19.366667,20.542719,20.076052
2016-09-25 13:00:00,20.763334,21.614635,20.951057
2016-09-25 14:00:00,21.416666,21.729387,21.164507
2016-09-25 15:00:00,22.193333,22.702105,22.579395
2016-09-25 16:00:00,22.288334,22.397951,22.47947
2016-09-25 17:00:00,21.368334,21.391706,21.229578
2016-09-25 18:00:00,20.676666,20.406736,21.014137
2016-09-25 19:00:00,18.585,18.877594,19.254644
2016-09-25 20:00:00,17.213333,17.303228,17.237667
2016-09-25 21:00:00,15.406667,16.59017,16.021
2016-09-25 22:00:00,14.28,15.196082,14.643042
2016-09-25 23:00:00,12.823334,13.632483,13.19341
2016-09-26 00:00:00,12.423333,12.664057,11.953694
2016-09-26 01:00:00,11.578333,11.970207,10.597031
2016-09-26 02:00:00,11.001667,11.250199,10.904936
2016-09-26 03:00:00,10.736667,10.861805,10.225614
2016-09-26 04:00:00,10.378333,10.555006,10.129132
2016-09-26 05:00:00,9.695,9.834323,9.572059
2016-09-26 06:00:00,9.218333,10.109012,9.963902
2016-09-26 07:00:00,9.011666,10.002861,9.667888
2016-09-26 08:00:00,10.873333,10.970867,10.636932
2016-09-26 09:00:00,12.516666,13.159458,12.746815
2016-09-26 10:00:00,13.21,16.044945,15.484734
2016-09-26 11:00:00,13.841666,18.906578,18.484367
2016-09-26 12:00:00,14.895,21.087206,20.849293
2016-09-26 13:00:00,16.223333,21.366194,21.7781
2016-09-26 14:00:00,16.63,21.734184,22.52464
2016-09-26 15:00:00,17.445,20.992928,21.528315
2016-09-26 16:00:00,17.598333,19.76793,19.12972
2016-09-26 17:00:00,17.39,18.17112,17.455914
2016-09-26 18:00:00,17.3,16.737185,16.943724
2016-09-26 19:00:00,16.86,15.9674225,16.435154
2016-09-26 20:00:00,16.27,15.001498,15.220597
2016-09-26 21:00:00,16.091667,14.913367,14.705349
2016-09-26 22:00:00,15.711667,14.906013,13.933943
2016-09-26 23:00:00,15.341666,14.179993,13.778851
2016-09-27 00:00:00,14.27,13.596179,13.93783
2016-09-27 01:00:00,13.668333,13.389867,13.269035
2016-09-27 02:00:00,13.326667,13.24496,13.473399
2016-09-27 03:00:00,13.241667,12.947736,13.390998
2016-09-27 04:00:00,12.898334,12.968076,13.222939
2016-09-27 05:00:00,12.616667,12.932929,13.111241
2016-09-27 06:00:00,12.476666,12.436526,12.543192
2016-09-27 07:00:00,11.99,12.418052,12.525134
2016-09-27 08:00:00,12.3,12.927501,13.01022
2016-09-27 09:00:00,13.126667,14.534791,14.605345
2016-09-27 10:00:00,14.983334,16.067125,16.208593
2016-09-27 11:00:00,17.09,17.792566,17.87762
2016-09-27 12:00:00,18.383333,19.18852,19.104357
2016-09-27 13:00:00,19.193333,20.239454,20.207815
2016-09-27 14:00:00,19.511667,20.793861,21.857737
2016-09-27 15:00:00,20.975,20.338505,22.103855
2016-09-27 16:00:00,21.338333,20.22752,21.79088
2016-09-27 17:00:00,20.308332,19.869724,20.520605
2016-09-27 18:00:00,19.403334,18.662533,18.921755
2016-09-27 19:00:00,17.858334,17.296587,18.231903
2016-09-27 20:00:00,16.356667,15.722701,15.976743
2016-09-27 21:00:00,15.371667,16.052,15.9914465
2016-09-27 22:00:00,14.213333,14.582368,14.747425
2016-09-27 23:00:00,13.265,13.330516,14.101498
2016-09-28 00:00:00,12.083333,12.425849,13.038289
2016-09-28 01:00:00,11.628333,11.602601,12.341301
2016-09-28 02:00:00,11.345,11.400482,11.87536
2016-09-28 03:00:00,10.933333,11.507792,11.699601
2016-09-28 04:00:00,10.5633335,10.976082,10.985717
2016-09-28 05:00:00,10.105,10.653533,10.772419
2016-09-28 06:00:00,9.961667,9.920874,10.103702
2016-09-28 07:00:00,9.781667,10.316908,10.484679
2016-09-28 08:00:00,10.36,11.388677,11.441055
2016-09-28 09:00:00,13.676666,13.024968,12.781929
2016-09-28 10:00:00,18.598333,16.007824,15.129845
2016-09-28 11:00:00,19.873333,18.938643,17.702347
2016-09-28 12:00:00,20.331667,21.617687,20.277319
2016-09-28 13:00:00,20.868334,21.846016,21.757223
2016-09-28 14:00:00,20.971666,21.462595,22.541718
2016-09-28 15:00:00,21.021667,22.371515,24.144978
2016-09-28 16:00:00,20.415,23.376617,24.161497
2016-09-28 17:00:00,19.821667,20.46708,21.746922
2016-09-28 18:00:00,19.278334,18.995874,20.137585
2016-09-28 19:00:00,18.736666,18.22933,18.56825
2016-09-28 20:00:00,18.105,17.213617,16.520536
2016-09-28 21:00:00,17.411667,16.852041,16.092716
2016-09-28 22:00:00,17.003334,15.913322,14.675137
2016-09-28 23:00:00,16.848333,15.520225,14.883677
2016-09-29 00:00:00,16.67,15.230432,14.813867
2016-09-29 01:00:00,15.973333,14.783913,14.46453
2016-09-29 02:00:00,15.295,14.269428,14.191787
2016-09-29 03:00:00,14.633333,14.602817,14.589417
2016-09-29 04:00:00,14.925,14.496183,14.350075
2016-09-29 05:00:00,15.038333,14.148145,14.189752
2016-09-29 06:00:00,14.518333,14.259008,14.460314
2016-09-29 07:00:00,14.3133335,14.067237,14.217021
2016-09-29 08:00:00,14.97,14.802792,14.507025
2016-09-29 09:00:00,17.311666,15.7477045,15.887462
2016-09-29 10:00:00,19.186666,17.8878,18.633486
2016-09-29 11:00:00,20.678333,19.275364,20.324673
2016-09-29 12:00:00,22.218334,19.615864,20.614351
2016-09-29 13:00:00,23.033333,19.24744,20.379759
2016-09-29 14:00:00,23.405,19.464127,20.786308
2016-09-29 15:00:00,23.678333,21.556055,23.04624
2016-09-29 16:00:00,23.921667,21.414394,21.896324
2016-09-29 17:00:00,23.288334,21.695852,21.932615
2016-09-29 18:00:00,22.341667,21.64827,21.546715
2016-09-29 19:00:00,21.228333,20.26182,20.120508
2016-09-29 20:00:00,20.206667,19.431616,19.263205
2016-09-29 21:00:00,19.841667,18.69064,18.182629
2016-09-29 22:00:00,19.65,18.441847,17.881947
2016-09-29 23:00:00,18.836666,17.796415,16.992756
2016-09-30 00:00:00,17.34,17.458023,17.037659
2016-09-30 01:00:00,16.781666,16.829006,16.456993
2016-09-30 02:00:00,16.38,16.208067,16.548323
2016-09-30 03:00:00,15.8116665,16.187412,16.426954
2016-09-30 04:00:00,15.716666,16.057516,16.204922
2016-09-30 05:00:00,15.56,15.850271,15.840774
2016-09-30 06:00:00,15.771667,15.145828,15.032996
2016-09-30 07:00:00,15.106667,15.26736,15.109605
2016-09-30 08:00:00,14.828333,15.404628,15.524726
2016-09-30 09:00:00,15.038333,16.518288,16.442532
2016-09-30 10:00:00,15.395,17.91597,17.961323
2016-09-30 11:00:00,15.97,18.917412,18.751535
2016-09-30 12:00:00,16.26,19.010342,18.86386
2016-09-30 13:00:00,16.551666,18.182125,18.053493
2016-09-30 14:00:00,14.466666,17.944965,17.9125
2016-09-30 15:00:00,13.808333,17.988682,18.178629
2016-09-30 16:00:00,13.551666,17.910414,18.160461
2016-09-30 17:00:00,12.961667,17.280209,17.796257
2016-09-30 18:00:00,13.0616665,15.641415,16.650799
2016-09-30 19:00:00,12.961667,14.88975,15.82166
2016-09-30 20:00:00,12.295,12.756285,13.087422
2016-09-30 21:00:00,11.668333,13.349048,13.233438
2016-09-30 22:00:00,11.29,12.738094,12.642534
2016-09-30 23:00:00,10.415,12.497229,11.952391
2016-10-01 00:00:00,10.183333,12.894331,12.045857
2016-10-01 01:00:00,10.003333,12.4287195,12.206437
2016-10-01 02:00:00,10.055,11.504048,11.235837
2016-10-01 03:00:00,9.84,10.946377,10.490989
2016-10-01 04:00:00,9.883333,10.358627,10.145582
2016-10-01 05:00:00,9.915,9.52521,9.381887
2016-10-01 06:00:00,10.016666,9.619548,9.3751955
2016-10-01 07:00:00,10.078333,9.508719,9.236905
2016-10-01 08:00:00,10.235,10.288855,10.047918
2016-10-01 09:00:00,10.65,11.094887,10.74862
2016-10-01 10:00:00,11.101666,13.408511,12.894522
2016-10-01 11:00:00,11.66,14.746256,14.353691
2016-10-01 12:00:00,12.751667,16.421429,15.940009
2016-10-01 13:00:00,14.175,16.345549,16.008842
2016-10-01 14:00:00,15.585,16.220255,15.871661
2016-10-01 15:00:00,17.34,16.04316,15.78608
2016-10-01 16:00:00,18.106667,14.992945,14.869085
2016-10-01 17:00:00,17.691668,14.756505,14.691338
2016-10-01 18:00:00,16.173334,14.825444,15.013684
2016-10-01 19:00:00,15.358334,15.116297,15.489749
2016-10-01 20:00:00,15.161667,15.343748,15.426676
2016-10-01 21:00:00,15.346666,15.410297,15.710016
2016-10-01 22:00:00,15.431666,14.866864,14.850621
2016-10-01 23:00:00,14.433333,14.15189,14.234301
2016-10-02 00:00:00,14.096666,13.48728,13.688536
2016-10-02 01:00:00,13.55,13.710468,13.70555
2016-10-02 02:00:00,13.008333,13.914158,13.712364
2016-10-02 03:00:00,12.691667,14.2738495,14.142466
2016-10-02 04:00:00,11.865,14.158563,14.063077
2016-10-02 05:00:00,10.928333,12.9084635,12.623969
2016-10-02 06:00:00,10.191667,13.269923,12.961494
2016-10-02 07:00:00,10.023334,13.11944,12.971697
2016-10-02 08:00:00,10.94,12.880149,12.763559
2016-10-02 09:00:00,11.365,12.7635765,12.686896
2016-10-02 10:00:00,14.45,14.596857,14.509817
2016-10-02 11:00:00,15.665,15.774273,15.363946
2016-10-02 12:00:00,15.821667,15.884262,15.902872
2016-10-02 13:00:00,15.573334,16.654453,16.92919
2016-10-02 14:00:00,15.005,17.496506,18.432278
2016-10-02 15:00:00,15.741667,16.040947,17.415657
2016-10-02 16:00:00,16.508333,17.247341,18.535334
2016-10-02 17:00:00,15.83,16.308426,16.890959
2016-10-02 18:00:00,14.446667,14.98162,15.105459
2016-10-02 19:00:00,14.068334,13.683903,13.754732
2016-10-02 20:00:00,13.711667,11.728008,11.535494
2016-10-02 21:00:00,12.45,11.981714,11.838924
2016-10-02 22:00:00,11.405,11.462684,11.25807
2016-10-02 23:00:00,11.208333,10.575391,10.507006
2016-10-03 00:00:00,10.718333,9.495163,9.723373
2016-10-03 01:00:00,10.48,9.621231,9.818943
2016-10-03 02:00:00,10.375,9.364285,9.529968
2016-10-03 03:00:00,10.483334,8.337636,8.342479
2016-10-03 04:00:00,10.838333,8.0892315,8.254172
2016-10-03 05:00:00,11.193334,8.400894,9.270934
2016-10-03 06:00:00,11.201667,8.106266,9.283735
2016-10-03 07:00:00,10.916667,8.635077,9.663889
2016-10-03 08:00:00,11.196667,9.850413,10.90668
2016-10-03 09:00:00,10.683333,12.0794525,12.823426
2016-10-03 10:00:00,10.588333,14.303682,14.523839
2016-10-03 11:00:00,11.618333,15.744989,15.380885
2016-10-03 12:00:00,11.455,15.908457,15.957526
2016-10-03 13:00:00,10.1866665,15.1603,15.350463
2016-10-03 14:00:00,10.15,14.614038,14.8922825
2016-10-03 15:00:00,10.903334,12.91706,13.010764
2016-10-03 16:00:00,11.271667,12.464907,12.835808
2016-10-03 17:00:00,10.88,12.904336,13.028601
2016-10-03 18:00:00,10.695,11.406141,11.759215
2016-10-03 19:00:00,10.575,10.121493,10.503338
2016-10-03 20:00:00,10.4383335,9.947532,10.700601
2016-10-03 21:00:00,10.39,11.081456,11.465761
2016-10-03 22:00:00,10.41,10.801693,11.308155
2016-10-03 23:00:00,10.266666,10.371458,10.680279
2016-10-04 00:00:00,10.331667,10.294136,10.473039
2016-10-04 01:00:00,10.426666,10.22179,10.36671
2016-10-04 02:00:00,10.44,9.9859085,10.187845
2016-10-04 03:00:00,10.223333,9.69468,9.876936
2016-10-04 04:00:00,10.265,9.330876,9.575468
2016-10-04 05:00:00,10.273334,8.933162,9.617949
2016-10-04 06:00:00,10.676666,9.901195,10.029616
2016-10-04 07:00:00,10.893333,10.171995,10.495122
2016-10-04 08:00:00,10.58,10.759747,10.766311
2016-10-04 09:00:00,10.238334,11.236732,11.070264
2016-10-04 10:00:00,10.298333,12.325992,12.729992
2016-10-04 11:00:00,10.193334,13.404296,13.972201
2016-10-04 12:00:00,10.691667,13.444738,13.528213
2016-10-04 13:00:00,11.823334,13.2460375,13.312058
2016-10-04 14:00:00,12.395,12.320978,12.523939
2016-10-04 15:00:00,13.136666,12.255647,12.409599
2016-10-04 16:00:00,13.3133335,12.107627,12.08063
2016-10-04 17:00:00,13.091666,11.932186,12.207198
2016-10-04 18:00:00,12.193334,11.911081,12.162363
2016-10-04 19:00:00,11.353333,11.690123,12.074082
2016-10-04 20:00:00,10.64,10.320972,10.954907
2016-10-04 21:00:00,9.501667,9.332817,10.618769
2016-10-04 22:00:00,9.32,7.5476265,8.905768
2016-10-04 23:00:00,9.023334,5.7409573,7.540265
2016-10-05 00:00:00,8.721666,4.204918,5.9001417
2016-10-05 01:00:00,8.278334,3.7093067,5.5001135
2016-10-05 02:00:00,7.6466665,3.1766434,5.373954
2016-10-05 03:00:00,6.7033334,2.6706133,4.8924675
2016-10-05 04:00:00,5.943333,3.965122,5.765412
2016-10-05 05:00:00,5.415,4.4779835,6.154515
2016-10-05 06:00:00,4.673333,4.925292,6.435444
2016-10-05 07:00:00,4.423333,5.157537,6.629639
2016-10-05 08:00:00,5.055,4.954211,6.5545754
2016-10-05 09:00:00,5.5433335,4.852124,6.8988614
2016-10-05 10:00:00,6.3933334,5.2371573,8.079692
2016-10-05 11:00:00,7.221667,6.0198426,9.418522
2016-10-05 12:00:00,8.36,7.3211594,10.46468
2016-10-05 13:00:00,8.59,9.464679,11.857668
2016-10-05 14:00:00,9.141666,11.520805,12.17022
2016-10-05 15:00:00,10.18,11.744085,11.6043005
2016-10-05 16:00:00,9.06,11.244832,11.396979
2016-10-05 17:00:00,7.713333,10.025885,10.88506
2016-10-05 18:00:00,8.06,9.176109,10.496666
2016-10-05 19:00:00,7.81,7.8227196,9.081866
2016-10-05 20:00:00,7.693333,7.360316,8.543666
2016-10-05 21:00:00,7.5333333,7.318089,8.639526
2016-10-05 22:00:00,7.25,6.143497,7.327517
2016-10-05 23:00:00,6.9583335,5.659829,7.077099
2016-10-06 00:00:00,6.8416667,6.626029,8.187594
2016-10-06 01:00:00,6.725,6.1422806,7.80769
2016-10-06 02:00:00,6.6716666,6.602159,7.5417194
2016-10-06 03:00:00,6.661667,6.6766644,7.7727027
2016-10-06 04:00:00,6.5416665,6.711408,7.407657
2016-10-06 05:00:00,6.51,5.8040786,6.6131787
2016-10-06 06:00:00,6.53,6.3096943,6.43108
2016-10-06 07:00:00,6.6183333,6.7787547,7.0825887
2016-10-06 08:00:00,6.7033334,7.949901,7.8206725
2016-10-06 09:00:00,7.0216665,8.491824,8.423053
2016-10-06 10:00:00,7.6666665,9.009438,9.473466
2016-10-06 11:00:00,8.568334,10.438452,11.233759
2016-10-06 12:00:00,9.021667,11.645294,12.111386
2016-10-06 13:00:00,9.35,12.543957,12.489388
2016-10-06 14:00:00,9.331667,12.775785,12.401822
2016-10-06 15:00:00,9.17,13.070604,12.5627165
2016-10-06 16:00:00,9.001667,12.564379,12.122754
2016-10-06 17:00:00,9.05,11.229744,11.686511
2016-10-06 18:00:00,9.0,10.155421,10.80281
2016-10-06 19:00:00,8.885,9.435443,10.509663
2016-10-06 20:00:00,8.901667,9.107764,10.2503195
2016-10-06 21:00:00,8.905,8.840516,9.787392
2016-10-06 22:00:00,8.821667,8.778156,9.602995
2016-10-06 23:00:00,8.72,8.819437,9.298359
2016-10-07 00:00:00,8.68,8.686222,8.968103
2016-10-07 01:00:00,8.471666,8.770021,8.970982
2016-10-07 02:00:00,8.268333,8.910458,8.976777
2016-10-07 03:00:00,7.785,8.9883375,8.929354
2016-10-07 04:00:00,7.5616665,8.738624,8.642069
2016-10-07 05:00:00,7.4933333,8.693294,8.613435
2016-10-07 06:00:00,7.475,8.678704,8.683037
2016-10-07 07:00:00,7.511667,8.495206,8.43297
2016-10-07 08:00:00,7.411667,8.260688,8.501008
2016-10-07 09:00:00,7.508333,7.8539352,8.319118
2016-10-07 10:00:00,7.9566665,7.8017406,8.86189
2016-10-07 11:00:00,8.996667,8.361976,9.662756
2016-10-07 12:00:00,9.506667,9.261083,10.285503
2016-10-07 13:00:00,10.023334,10.468657,11.057908
2016-10-07 14:00:00,9.998333,10.93531,11.048994
2016-10-07 15:00:00,9.736667,10.921648,10.998282
2016-10-07 16:00:00,10.216666,10.961091,11.392514
2016-10-07 17:00:00,9.89,10.989008,11.110341
2016-10-07 18:00:00,9.468333,10.161416,10.363029
2016-10-07 19:00:00,9.105,9.81058,10.044263
2016-10-07 20:00:00,8.913333,8.977791,9.233513
2016-10-07 21:00:00,8.806666,8.205844,8.699536
2016-10-07 22:00:00,8.4366665,8.627702,8.869215
2016-10-07 23:00:00,8.568334,8.079749,8.729225
2016-10-08 00:00:00,8.428333,7.813874,8.126034
2016-10-08 01:00:00,8.093333,7.537232,7.63131
2016-10-08 02:00:00,7.6883335,7.614891,7.4565625
2016-10-08 03:00:00,7.7083335,7.641874,7.608971
2016-10-08 04:00:00,7.141667,7.120023,7.1532464
2016-10-08 05:00:00,6.555,7.014035,7.681056
2016-10-08 06:00:00,6.3483334,7.5077705,7.4067545
2016-10-08 07:00:00,6.588333,7.2796907,7.6892424
2016-10-08 08:00:00,6.701667,7.078447,7.4424987
2016-10-08 09:00:00,7.12,7.742993,8.321218
2016-10-08 10:00:00,7.5066667,7.074017,7.988259
2016-10-08 11:00:00,8.358334,7.7242494,8.9365835
2016-10-08 12:00:00,8.75,10.220399,11.9419365
2016-10-08 13:00:00,9.405,11.007859,11.896896
2016-10-08 14:00:00,9.363334,10.769383,12.487483
2016-10-08 15:00:00,9.303333,11.311117,12.737349
2016-10-08 16:00:00,9.09,10.361395,11.783724
2016-10-08 17:00:00,9.07,10.075424,11.405035
2016-10-08 18:00:00,8.69,9.249664,10.0797415
2016-10-08 19:00:00,8.276667,8.483891,9.251763
2016-10-08 20:00:00,8.108334,7.638067,7.999474
2016-10-08 21:00:00,7.9566665,7.344798,7.839888
2016-10-08 22:00:00,7.641667,7.2453165,8.0535
2016-10-08 23:00:00,7.3366666,7.4471035,7.840642
2016-10-09 00:00:00,7.2566667,7.323876,7.323469
2016-10-09 01:00:00,7.2,7.0670667,6.8895197
2016-10-09 02:00:00,7.1483335,6.6916075,6.7111373
2016-10-09 03:00:00,7.1116667,6.2139163,6.3464365
2016-10-09 04:00:00,6.9816666,5.6096625,5.677977
2016-10-09 05:00:00,6.8616667,5.414748,5.4902773
2016-10-09 06:00:00,6.8083334,5.3771954,6.037852
2016-10-09 07:00:00,6.7266665,5.734198,6.4639807
2016-10-09 08:00:00,6.855,6.4454103,6.885211
2016-10-09 09:00:00,7.145,7.7363977,8.101603
2016-10-09 10:00:00,7.8566666,9.161937,9.487307
2016-10-09 11:00:00,8.821667,10.460949,10.964224
2016-10-09 12:00:00,9.433333,11.08031,11.481341
2016-10-09 13:00:00,9.395,10.829089,11.28298
2016-10-09 14:00:00,9.703333,11.156671,11.950611
2016-10-09 15:00:00,10.346666,10.196032,10.969387
2016-10-09 16:00:00,10.773334,10.146914,11.527884
2016-10-09 17:00:00,9.548333,9.67655,10.926051
2016-10-09 18:00:00,8.581667,9.062214,9.960554
2016-10-09 19:00:00,7.475,7.143284,7.7699656
2016-10-09 20:00:00,7.135,7.0135207,7.5095463
2016-10-09 21:00:00,7.055,7.1616774,7.17436
2016-10-09 22:00:00,6.61,6.2737713,6.535037
2016-10-09 23:00:00,6.325,5.6796865,5.970402
2016-10-10 00:00:00,6.4216666,4.591857,5.156514
2016-10-10 01:00:00,6.2533336,3.573771,4.3518915
2016-10-10 02:00:00,5.865,3.424807,5.022807
2016-10-10 03:00:00,5.6433334,3.192202,5.256877
2016-10-10 04:00:00,5.585,3.8196895,4.5850616
2016-10-10 05:00:00,5.386667,3.7407465,4.7322555
2016-10-10 06:00:00,4.885,5.01195,5.4708886
2016-10-10 07:00:00,4.9766665,5.728859,5.3252745
2016-10-10 08:00:00,5.286667,5.2695622,5.8286314
2016-10-10 09:00:00,5.4133334,6.322117,6.4617324
2016-10-10 10:00:00,5.915,7.1646013,8.007866
2016-10-10 11:00:00,6.548333,8.593284,9.852258
2016-10-10 12:00:00,7.195,10.172593,11.188155
2016-10-10 13:00:00,8.106667,11.738846,12.365571
2016-10-10 14:00:00,8.618333,12.079229,12.901149
2016-10-10 15:00:00,9.153334,12.058009,12.455188
2016-10-10 16:00:00,9.193334,11.492119,11.916488
2016-10-10 17:00:00,8.88,10.198492,10.780678
2016-10-10 18:00:00,8.47,8.6645155,9.33659
2016-10-10 19:00:00,8.11,8.20461,8.680801
2016-10-10 20:00:00,7.77,6.966786,7.2136726
2016-10-10 21:00:00,7.1433334,6.525247,6.0705748
2016-10-10 22:00:00,6.9666667,6.198794,5.710018
2016-10-10 23:00:00,6.6383333,5.8779,5.509823
2016-10-11 00:00:00,6.2266665,5.5989976,5.315155
2016-10-11 01:00:00,5.5666666,5.5164137,5.670394
2016-10-11 02:00:00,5.0733333,5.6824565,5.4315023
2016-10-11 03:00:00,5.011667,5.410137,4.9480515
2016-10-11 04:00:00,4.795,5.657159,5.402275
2016-10-11 05:00:00,4.8216667,5.3730555,5.0687757
2016-10-11 06:00:00,4.8316665,5.292959,5.009828
2016-10-11 07:00:00,5.4216666,4.7493916,4.6391835
2016-10-11 08:00:00,5.685,4.9444356,4.714713
2016-10-11 09:00:00,5.8683333,5.7254815,5.6029005
2016-10-11 10:00:00,6.298333,6.117625,6.2842703
2016-10-11 11:00:00,6.9983335,7.2725134,8.117372
2016-10-11 12:00:00,7.511667,8.350343,9.385224
2016-10-11 13:00:00,7.8483334,8.5869875,9.999346
2016-10-11 14:00:00,8.215,8.139289,9.4929
2016-10-11 15:00:00,7.9866667,8.084736,9.342672
2016-10-11 16:00:00,7.8883333,7.85635,9.043301
2016-10-11 17:00:00,7.495,7.776159,8.966148
2016-10-11 18:00:00,7.295,7.404914,8.117172
2016-10-11 19:00:00,7.03,6.903538,7.308697
2016-10-11 20:00:00,6.8083334,6.6470003,6.8405166
2016-10-11 21:00:00,6.7466664,6.2659926,6.495972
2016-10-11 22:00:00,6.8,6.1456738,6.26986
2016-10-11 23:00:00,6.7766666,5.984334,6.203924
2016-10-12 00:00:00,6.78,6.0659184,6.29398
2016-10-12 01:00:00,6.7916665,6.1226025,6.058948
2016-10-12 02:00:00,6.555,6.2105813,5.894801
2016-10-12 03:00:00,6.07,6.203413,5.720749
2016-10-12 04:00:00,5.4166665,6.1413555,5.7642436
2016-10-12 05:00:00,5.1116667,6.307815,5.8932743
2016-10-12 06:00:00,4.9983335,6.3899727,6.049858
2016-10-12 07:00:00,4.9566665,6.4460325,7.0071015
2016-10-12 08:00:00,4.991667,6.40974,6.6587567
2016-10-12 09:00:00,5.2033334,5.7613983,6.0112524
2016-10-12 10:00:00,5.5516667,5.1953664,6.020971
2016-10-12 11:00:00,6.0666666,5.3778114,6.9025064
2016-10-12 12:00:00,6.345,5.713296,7.7548194
2016-10-12 13:00:00,6.278333,6.129203,8.349392
2016-10-12 14:00:00,6.3333335,6.617288,8.858284
2016-10-12 15:00:00,6.345,7.0478296,9.176849
2016-10-12 16:00:00,6.7,7.1734667,8.933791
2016-10-12 17:00:00,6.758333,7.166151,8.493359
2016-10-12 18:00:00,6.8566666,6.885094,7.8208413
2016-10-12 19:00:00,6.483333,6.358542,6.825554
2016-10-12 20:00:00,6.2033334,5.973135,6.451625
2016-10-12 21:00:00,6.23,6.027375,6.5586967
2016-10-12 22:00:00,6.2833333,6.243007,6.75281
2016-10-12 23:00:00,6.1316667,6.2523384,6.6604686
2016-10-13 00:00:00,5.99,6.3278546,6.5798655
2016-10-13 01:00:00,5.903333,5.9522395,6.2081475
2016-10-13 02:00:00,5.8933334,5.6352344,5.6039624
2016-10-13 03:00:00,5.8766665,5.5159345,5.582634
2016-10-13 04:00:00,5.925,5.480709,5.5404153
2016-10-13 05:00:00,5.9983335,5.403871,5.46253
2016-10-13 06:00:00,6.075,5.228485,5.278909
2016-10-13 07:00:00,6.2166667,5.197424,5.3405395
2016-10-13 08:00:00,6.488333,5.239442,5.784003
2016-10-13 09:00:00,7.01,5.6112742,6.353616
2016-10-13 10:00:00,7.318333,5.973335,7.249333
2016-10-13 11:00:00,7.445,6.459009,8.0284605
2016-10-13 12:00:00,7.8516665,7.10963,8.957474
2016-10-13 13:00:00,7.951667,7.563049,9.375979
2016-10-13 14:00:00,7.91,7.875851,9.700193
2016-10-13 15:00:00,7.786667,8.43669,10.236788
2016-10-13 16:00:00,7.65,8.57057,10.010995
2016-10-13 17:00:00,7.2483335,8.272413,9.0254345
2016-10-13 18:00:00,7.01,8.08178,8.816717
2016-10-13 19:00:00,6.8,7.5914145,7.9704
2016-10-13 20:00:00,6.64,6.987515,7.6317244
2016-10-13 21:00:00,6.5716667,6.4396024,7.420022
2016-10-13 22:00:00,6.56,6.22724,7.391892
2016-10-13 23:00:00,6.58,5.705263,6.918984
2016-10-14 00:00:00,6.358333,5.3792653,6.7895265
2016-10-14 01:00:00,6.2633333,5.0014467,6.5187306
2016-10-14 02:00:00,6.096667,4.94584,6.3981013
2016-10-14 03:00:00,5.8766665,4.9401503,6.421679
2016-10-14 04:00:00,5.7516665,5.088806,6.1266513
2016-10-14 05:00:00,5.68,4.915384,6.144337
2016-10-14 06:00:00,5.58,4.8856807,5.8713384
2016-10-14 07:00:00,5.528333,4.5414996,6.4811106
2016-10-14 08:00:00,5.5633335,4.7067566,6.654349
2016-10-14 09:00:00,6.5666666,4.6646333,6.5165477
2016-10-14 10:00:00,7.42,5.2671328,7.431095
2016-10-14 11:00:00,9.101666,6.378067,8.494279
2016-10-14 12:00:00,10.093333,7.2457933,8.904673
2016-10-14 13:00:00,11.295,8.10432,9.351212
2016-10-14 14:00:00,12.246667,8.548829,9.720771
2016-10-14 15:00:00,12.565,10.39255,12.156304
2016-10-14 16:00:00,12.271667,10.1908865,10.854484
2016-10-14 17:00:00,11.696667,10.859764,11.717028
2016-10-14 18:00:00,10.518333,10.520124,10.358473
2016-10-14 19:00:00,9.488334,10.605317,10.687209
2016-10-14 20:00:00,8.516666,10.390091,10.589486
2016-10-14 21:00:00,8.025,9.717426,10.133697
2016-10-14 22:00:00,7.445,9.09237,9.72988
2016-10-14 23:00:00,6.8416667,8.693046,9.424135
2016-10-15 00:00:00,6.5233335,7.712328,8.494536
2016-10-15 01:00:00,6.2083335,6.969927,7.789954
2016-10-15 02:00:00,6.38,6.355934,7.072588
2016-10-15 03:00:00,6.465,5.9894676,6.762505
2016-10-15 04:00:00,6.185,5.6509748,6.1144767
2016-10-15 05:00:00,6.1066666,4.7528005,5.354379
2016-10-15 06:00:00,5.8416667,4.563175,5.324144
2016-10-15 07:00:00,5.8533335,4.4177656,5.1578326
2016-10-15 08:00:00,6.6316667,5.556942,6.295903
2016-10-15 09:00:00,7.5316668,6.4619966,6.9296317
2016-10-15 10:00:00,9.038333,7.981747,8.351461
2016-10-15 11:00:00,11.503333,9.938574,10.081523
2016-10-15 12:00:00,14.418333,11.336417,11.556782
2016-10-15 13:00:00,15.761666,12.500604,13.058379
2016-10-15 14:00:00,16.631666,13.859667,14.387473
2016-10-15 15:00:00,15.881667,13.802323,14.682831
2016-10-15 16:00:00,15.526667,12.964579,14.227822
2016-10-15 17:00:00,14.5616665,13.783471,15.028545
2016-10-15 18:00:00,13.336667,14.6683445,14.842699
2016-10-15 19:00:00,12.486667,13.796511,13.556833
2016-10-15 20:00:00,12.008333,13.216128,13.970797
2016-10-15 21:00:00,11.35,12.284123,12.053948
2016-10-15 22:00:00,10.84,11.835857,11.836777
2016-10-15 23:00:00,10.956667,11.164213,11.105254
2016-10-16 00:00:00,11.105,10.486193,10.675458
2016-10-16 01:00:00,10.858334,9.872437,10.28219
2016-10-16 02:00:00,10.728333,9.857941,10.157474
2016-10-16 03:00:00,10.635,9.379511,9.386581
2016-10-16 04:00:00,10.456667,9.104233,8.911508
2016-10-16 05:00:00,10.235,9.21162,9.183635
2016-10-16 06:00:00,9.106667,9.910382,9.638315
2016-10-16 07:00:00,8.195,10.027023,9.707909
2016-10-16 08:00:00,7.8533335,10.78668,10.238498
2016-10-16 09:00:00,7.7,11.571955,10.972156
2016-10-16 10:00:00,8.598333,12.507225,12.064744
2016-10-16 11:00:00,11.315,13.887894,13.961112
2016-10-16 12:00:00,14.605,13.926592,14.627412
2016-10-16 13:00:00,16.81,14.108034,15.411409
2016-10-16 14:00:00,17.811666,14.957034,16.58853
2016-10-16 15:00:00,18.405,14.544795,16.302296
2016-10-16 16:00:00,18.888334,14.155992,15.752381
2016-10-16 17:00:00,17.003334,15.359439,16.32289
2016-10-16 18:00:00,15.346666,15.309383,15.745097
2016-10-16 19:00:00,14.165,14.582386,14.833607
2016-10-16 20:00:00,12.82,13.404926,13.475996
2016-10-16 21:00:00,11.503333,12.370582,12.474805
2016-10-16 22:00:00,10.1883335,11.932985,11.620809
2016-10-16 23:00:00,9.298333,10.569925,10.110403
2016-10-17 00:00:00,7.7533336,9.407875,9.4136095
2016-10-17 01:00:00,6.8233333,8.877288,8.84202
2016-10-17 02:00:00,6.4683332,8.254825,8.333974
2016-10-17 03:00:00,6.0616665,7.318301,7.7776074
2016-10-17 04:00:00,5.865,5.9879694,6.66432
2016-10-17 05:00:00,5.48,4.685973,6.139227
2016-10-17 06:00:00,4.8966665,3.567549,5.139644
2016-10-17 07:00:00,5.17,3.1789122,4.875468
2016-10-17 08:00:00,5.391667,3.3516583,5.0843596
2016-10-17 09:00:00,6.5416665,3.9261887,5.9580855
2016-10-17 10:00:00,8.295,5.5643344,8.152463
2016-10-17 11:00:00,10.896667,7.9391994,10.97458
2016-10-17 12:00:00,13.02,10.378785,13.766266
2016-10-17 13:00:00,15.676666,13.317931,16.350454
2016-10-17 14:00:00,17.021667,16.389524,17.942976
2016-10-17 15:00:00,17.381666,18.63607,18.734629
2016-10-17 16:00:00,17.123333,18.323921,18.691309
2016-10-17 17:00:00,16.24,17.428677,17.995651
2016-10-17 18:00:00,15.053333,15.111506,14.499239
2016-10-17 19:00:00,13.625,15.110448,14.2079525
2016-10-17 20:00:00,12.568334,14.103893,12.463018
2016-10-17 21:00:00,11.768333,12.924771,11.326866
2016-10-17 22:00:00,11.258333,11.729717,10.737089
2016-10-17 23:00:00,10.653334,11.081109,10.703373
2016-10-18 00:00:00,10.463333,11.056282,10.523825
2016-10-18 01:00:00,10.428333,10.271706,9.739366
2016-10-18 02:00:00,10.478333,10.105569,9.430781
2016-10-18 03:00:00,10.556666,9.687395,8.934662
2016-10-18 04:00:00,10.581667,9.456577,8.81087
2016-10-18 05:00:00,10.675,8.997915,8.629355
2016-10-18 06:00:00,10.5633335,9.090564,8.812951
2016-10-18 07:00:00,10.878333,9.281131,9.132289
2016-10-18 08:00:00,11.353333,10.012287,9.785273
2016-10-18 09:00:00,11.723333,11.227024,10.86002
2016-10-18 10:00:00,12.131667,11.985952,11.959959
2016-10-18 11:00:00,12.8116665,14.173947,14.223521
2016-10-18 12:00:00,14.011666,15.673012,16.050833
2016-10-18 13:00:00,14.26,16.524794,17.752934
2016-10-18 14:00:00,14.5,15.454029,17.213617
2016-10-18 15:00:00,13.761666,15.621876,16.698027
2016-10-18 16:00:00,13.533334,15.014459,16.269627
2016-10-18 17:00:00,13.133333,14.315236,15.368342
2016-10-18 18:00:00,12.356667,13.60421,14.248743
2016-10-18 19:00:00,11.578333,12.462223,12.775163
2016-10-18 20:00:00,10.86,11.945112,11.884894
2016-10-18 21:00:00,10.495,11.272952,11.393147
2016-10-18 22:00:00,10.786667,11.481363,11.083177
2016-10-18 23:00:00,10.055,10.994724,11.416125
2016-10-19 00:00:00,9.73,10.527147,11.032897
2016-10-19 01:00:00,9.173333,9.955647,10.400774
2016-10-19 02:00:00,8.9383335,9.291957,9.664841
2016-10-19 03:00:00,8.846666,9.164523,9.659597
2016-10-19 04:00:00,8.956667,9.3285885,9.87152
2016-10-19 05:00:00,8.86,8.634211,9.093444
2016-10-19 06:00:00,8.486667,8.404088,8.969399
2016-10-19 07:00:00,7.5016665,8.93167,9.0441475
2016-10-19 08:00:00,6.5983334,9.126813,9.163098
2016-10-19 09:00:00,7.991667,10.02453,10.056609
2016-10-19 10:00:00,8.41,11.102936,11.406927
2016-10-19 11:00:00,8.833333,11.970549,11.991931
2016-10-19 12:00:00,9.968333,12.215329,11.746951
2016-10-19 13:00:00,9.493333,12.286185,12.562911
2016-10-19 14:00:00,9.28,12.196557,12.8081665
2016-10-19 15:00:00,9.646667,13.900128,14.832837
2016-10-19 16:00:00,9.981667,12.666473,12.782237
2016-10-19 17:00:00,9.871667,10.163935,10.4592705
2016-10-19 18:00:00,9.51,9.782109,9.251891
2016-10-19 19:00:00,9.23,8.103319,7.8463616
2016-10-19 20:00:00,9.091666,7.8581033,8.487878
2016-10-19 21:00:00,8.516666,7.8576784,8.408622
2016-10-19 22:00:00,7.863333,8.012924,8.544167
2016-10-19 23:00:00,7.6716666,7.5632,8.173241
2016-10-20 00:00:00,7.0183334,7.517744,8.40198
2016-10-20 01:00:00,6.951667,7.448677,8.721101
2016-10-20 02:00:00,6.358333,7.568019,8.743864
2016-10-20 03:00:00,6.403333,7.699443,8.775071
2016-10-20 04:00:00,6.4133334,7.240068,8.092956
2016-10-20 05:00:00,5.9383335,6.431173,6.9841423
2016-10-20 06:00:00,5.758333,4.8473773,5.113936
2016-10-20 07:00:00,5.6516666,5.3318973,5.8842716
2016-10-20 08:00:00,5.9566665,5.242827,5.947444
2016-10-20 09:00:00,6.2683334,6.606195,7.4932065
2016-10-20 10:00:00,7.5016665,8.51286,8.981101
2016-10-20 11:00:00,8.058333,9.512373,9.251923
2016-10-20 12:00:00,8.611667,10.704938,10.419941
2016-10-20 13:00:00,8.785,11.526169,10.716477
2016-10-20 14:00:00,7.94,10.931585,10.535327
2016-10-20 15:00:00,7.3616667,11.258031,10.7533
2016-10-20 16:00:00,6.488333,10.861477,10.758205
2016-10-20 17:00:00,6.1516666,9.850484,9.424732
2016-10-20 18:00:00,5.96,9.173748,8.846863
2016-10-20 19:00:00,5.7566667,7.792408,7.47043
2016-10-20 20:00:00,5.5183334,6.5959086,6.6784854
2016-10-20 21:00:00,5.44,6.2567053,6.7627516
2016-10-20 22:00:00,5.34,5.0334926,5.73305
2016-10-20 23:00:00,5.2933335,5.3168073,5.661293
2016-10-21 00:00:00,5.14,4.98982,5.3882194
2016-10-21 01:00:00,5.116667,4.9965687,5.3086424
2016-10-21 02:00:00,5.1966667,5.159647,5.184724
2016-10-21 03:00:00,5.201667,5.1964993,5.1142077
2016-10-21 04:00:00,5.295,5.1627955,4.9197454
2016-10-21 05:00:00,5.326667,4.948877,4.832589
2016-10-21 06:00:00,5.0733333,4.4892454,4.453131
2016-10-21 07:00:00,4.9816666,4.5914984,4.9903893
2016-10-21 08:00:00,5.0016665,5.013802,5.388011
2016-10-21 09:00:00,4.965,5.782107,5.7310324
2016-10-21 10:00:00,5.53,6.343564,6.6132293
2016-10-21 11:00:00,6.6383333,6.9165144,7.318957
2016-10-21 12:00:00,6.8083334,7.3751717,8.114412
2016-10-21 13:00:00,7.5333333,7.625852,8.6609
2016-10-21 14:00:00,8.376667,7.5063076,8.578397
2016-10-21 15:00:00,8.428333,7.5392685,8.491795
2016-10-21 16:00:00,8.175,8.416761,8.540052
2016-10-21 17:00:00,6.516667,7.737119,7.736774
2016-10-21 18:00:00,6.045,6.1661706,6.3148203
2016-10-21 19:00:00,5.8933334,6.441467,6.525641
2016-10-21 20:00:00,5.903333,6.7259274,7.071337
2016-10-21 21:00:00,5.761667,5.835247,5.9937916
2016-10-21 22:00:00,5.403333,5.822056,5.693986
2016-10-21 23:00:00,5.508333,4.5770206,5.349111
2016-10-22 00:00:00,5.2733335,4.7893596,5.3828483
2016-10-22 01:00:00,5.16,4.479431,4.8718023
2016-10-22 02:00:00,5.18,4.9544754,5.2257357
2016-10-22 03:00:00,5.1683335,5.419764,6.133037
2016-10-22 04:00:00,4.965,4.7691226,5.1976204
2016-10-22 05:00:00,4.7883334,4.8954477,5.7092333
2016-10-22 06:00:00,4.7566667,4.843637,5.423716
2016-10-22 07:00:00,4.8333335,4.46598,5.3133445
2016-10-22 08:00:00,4.9,5.1191807,5.8479085
2016-10-22 09:00:00,5.09,5.9869375,6.5186105
2016-10-22 10:00:00,5.42,7.1916227,7.50528
2016-10-22 11:00:00,5.738333,8.531979,8.68725
2016-10-22 12:00:00,6.4383335,9.829117,9.572715
2016-10-22 13:00:00,6.845,10.963817,10.223309
2016-10-22 14:00:00,7.1666665,11.041365,10.016283
2016-10-22 15:00:00,7.4216666,10.546499,9.771687
2016-10-22 16:00:00,7.215,9.883042,9.322328
2016-10-22 17:00:00,7.0533333,8.651226,8.245121
2016-10-22 18:00:00,7.0133333,7.962387,7.6097064
2016-10-22 19:00:00,6.7933335,5.802185,6.0700636
2016-10-22 20:00:00,5.8933334,5.9335146,6.4334464
2016-10-22 21:00:00,5.345,5.8939667,5.7924433
2016-10-22 22:00:00,5.4166665,5.507108,5.2494183
2016-10-22 23:00:00,5.1466665,5.359311,5.201054
2016-10-23 00:00:00,4.6216664,4.8601823,5.0428667
2016-10-23 01:00:00,4.33,5.18805,5.200995
2016-10-23 02:00:00,4.16,4.3394685,4.3889523
2016-10-23 03:00:00,4.015,4.4508243,4.0648518
2016-10-23 04:00:00,4.525,4.8208995,5.0405383
2016-10-23 05:00:00,4.5,4.4992576,4.661166
2016-10-23 06:00:00,4.4933333,4.163468,4.339057
2016-10-23 07:00:00,4.653333,4.0396614,4.565589
2016-10-23 08:00:00,4.6566668,4.434233,4.5673585
2016-10-23 09:00:00,4.9416666,4.4069533,4.6191163
2016-10-23 10:00:00,5.6216664,6.093892,6.870474
2016-10-23 11:00:00,6.8016667,6.573114,6.840304
2016-10-23 12:00:00,8.001667,6.75389,7.209619
2016-10-23 13:00:00,8.82,8.191415,9.084091
2016-10-23 14:00:00,9.455,8.526971,9.50279
2016-10-23 15:00:00,9.736667,8.962521,10.021838
2016-10-23 16:00:00,9.573334,8.938871,9.588099
2016-10-23 17:00:00,9.12,9.044425,9.415552
2016-10-23 18:00:00,8.605,8.663822,8.467369
2016-10-23 19:00:00,8.111667,8.145935,7.5195804
2016-10-23 20:00:00,7.285,7.6534176,7.0878186
2016-10-23 21:00:00,6.515,7.445396,7.0657654
2016-10-23 22:00:00,6.2633333,7.2286305,6.968064
2016-10-23 23:00:00,6.18,6.815475,6.579356
2016-10-24 00:00:00,5.6266665,6.2495995,6.3893743
2016-10-24 01:00:00,5.6383333,6.075934,6.1896353
2016-10-24 02:00:00,5.8033333,5.495669,5.5212245
2016-10-24 03:00:00,5.84,4.760365,4.5491657
2016-10-24 04:00:00,5.735,4.137219,4.1313457
2016-10-24 05:00:00,6.02,3.4978783,3.9941483
2016-10-24 06:00:00,5.9466667,3.374365,4.152215
2016-10-24 07:00:00,6.3083334,3.871547,4.581243
2016-10-24 08:00:00,6.2883334,4.661403,5.14245
2016-10-24 09:00:00,6.5033336,5.0688853,5.6772375
2016-10-24 10:00:00,7.2316666,6.5981703,7.180138
2016-10-24 11:00:00,7.98,8.249753,9.08059
2016-10-24 12:00:00,8.503333,9.915166,10.46797
2016-10-24 13:00:00,8.466666,10.891138,11.469082
2016-10-24 14:00:00,8.77,10.142036,10.134007
2016-10-24 15:00:00,9.005,9.057897,9.574385
2016-10-24 16:00:00,9.011666,9.0093565,10.029792
2016-10-24 17:00:00,9.005,8.82476,9.658846
2016-10-24 18:00:00,8.88,8.689729,9.391673
2016-10-24 19:00:00,8.86,7.9887037,8.658132
2016-10-24 20:00:00,8.706667,8.319996,9.062157
2016-10-24 21:00:00,8.568334,8.3679085,9.121757
2016-10-24 22:00:00,8.34,8.457194,9.036928
2016-10-24 23:00:00,7.8766665,8.53431,9.03082
2016-10-25 00:00:00,7.8,8.445957,8.852304
2016-10-25 01:00:00,7.8783336,8.536288,8.798703
2016-10-25 02:00:00,7.6883335,8.3985,8.546637
2016-10-25 03:00:00,7.7516665,8.325127,8.310923
2016-10-25 04:00:00,7.8133335,8.031559,7.983728
2016-10-25 05:00:00,7.82,7.56732,7.3788743
2016-10-25 06:00:00,7.8733335,7.654957,7.2926583
2016-10-25 07:00:00,7.96,7.564716,7.406484
2016-10-25 08:00:00,8.033334,7.7168245,7.4336915
2016-10-25 09:00:00,8.361667,8.190881,7.8051343
2016-10-25 10:00:00,8.865,8.750277,8.524779
2016-10-25 11:00:00,9.4,8.806564,8.997133
2016-10-31 18:00:00,10.518333,9.64622,9.572799
2016-10-31 19:00:00,8.91,9.23069,9.10353
2016-10-31 20:00:00,8.085,8.917619,8.127838
2016-10-31 21:00:00,7.346667,8.377625,7.6713924
2016-10-31 22:00:00,6.7533336,8.522466,7.3745394
2016-10-31 23:00:00,6.055,8.208553,7.6497564
2016-11-01 00:00:00,5.0233335,7.139396,6.9906936
2016-11-01 01:00:00,4.4066668,6.2518167,5.920866
2016-11-01 02:00:00,4.0133333,5.9788165,5.489084
2016-11-01 03:00:00,3.7916667,5.5766835,5.071673
2016-11-01 04:00:00,3.4266667,5.0021744,4.6635613
2016-11-01 05:00:00,3.0916667,4.1762133,3.82011
2016-11-01 06:00:00,2.665,3.4252806,3.1001053
2016-11-01 07:00:00,2.4683332,3.320576,3.0981996
2016-11-01 08:00:00,2.3516667,3.1294353,3.3315897
2016-11-01 09:00:00,2.41,3.5106094,3.991478
2016-11-01 10:00:00,3.0733333,4.180123,4.751583
2016-11-01 11:00:00,4.6233335,5.3575244,5.7594786
2016-11-01 12:00:00,7.9683332,6.8202786,7.0605516
2016-11-01 13:00:00,12.19,8.860376,8.9849825
2016-11-01 14:00:00,15.673333,10.4312725,10.310316
2016-11-01 15:00:00,15.07,10.810847,10.857463
2016-11-01 16:00:00,14.075,10.450243,10.2999115
2016-11-01 17:00:00,12.99,10.223188,9.656954
2016-11-01 18:00:00,11.966666,11.01926,11.55105
2016-11-01 19:00:00,11.24,11.9001465,11.2996855
2016-11-01 20:00:00,10.635,10.906203,10.075489
2016-11-01 21:00:00,9.921667,8.883947,7.706589
2016-11-01 22:00:00,10.8116665,7.8355207,7.3651395
2016-11-01 23:00:00,10.92,7.372716,7.374068
2016-11-02 00:00:00,8.776667,7.292492,7.650295
2016-11-02 01:00:00,6.2566667,7.063923,7.713048
2016-11-02 02:00:00,6.0733333,6.952556,7.41951
2016-11-02 03:00:00,5.838333,7.169073,7.1837325
2016-11-02 04:00:00,5.653333,8.840269,8.958938
2016-11-02 05:00:00,5.806667,8.901026,9.240149
2016-11-02 06:00:00,5.5533333,7.341496,7.1611767
2016-11-02 07:00:00,5.2683334,4.8349533,4.2270164
2016-11-02 08:00:00,4.9016666,4.9989266,4.805289
2016-11-02 09:00:00,5.825,5.337184,5.225226
2016-11-02 10:00:00,7.0233335,6.266998,6.2830825
2016-11-02 11:00:00,7.875,7.6899643,8.225457
2016-11-02 12:00:00,7.6766667,8.177363,8.978501
2016-11-02 13:00:00,8.335,8.501565,9.76195
2016-11-02 14:00:00,8.268333,9.071871,10.721046
2016-11-02 15:00:00,8.3116665,10.284542,11.249417
2016-11-02 16:00:00,8.105,9.132692,9.953906
2016-11-02 17:00:00,7.25,7.5245624,8.570605
2016-11-02 18:00:00,6.015,6.406633,7.1872864
2016-11-02 19:00:00,6.49,6.2776976,6.9856944
2016-11-02 20:00:00,6.56,5.3037252,6.290954
2016-11-02 21:00:00,6.155,4.77349,5.686342
2016-11-02 22:00:00,6.1466665,4.4011674,5.7150583
2016-11-02 23:00:00,5.511667,3.9295623,5.5051813
2016-11-03 00:00:00,4.4933333,2.5777698,4.7296443
2016-11-03 01:00:00,4.17,3.051631,5.1356554
2016-11-03 02:00:00,3.3016667,3.4095566,5.376112
2016-11-03 03:00:00,3.0366666,3.5171473,5.153291
2016-11-03 04:00:00,2.7916667,3.8340266,5.353843
2016-11-03 05:00:00,2.7,3.1999876,4.5835333
2016-11-03 06:00:00,2.34,2.4529347,3.5085557
2016-11-03 07:00:00,1.615,2.6341124,3.4797328
2016-11-03 08:00:00,1.1516666,1.4555334,2.3765113
2016-11-03 09:00:00,2.62,1.9412035,3.171948
2016-11-03 10:00:00,3.54,2.9018817,3.9819107
2016-11-03 11:00:00,5.9616666,4.3394804,5.3667245
2016-11-03 12:00:00,6.983333,5.387289,6.34165
2016-11-03 13:00:00,7.411667,5.8740506,6.6225176
2016-11-03 14:00:00,7.2533336,6.651059,6.949619
2016-11-03 15:00:00,6.363333,8.081747,8.471453
2016-11-03 16:00:00,6.055,7.3943133,7.919663
2016-11-03 17:00:00,5.5783334,8.130765,8.427948
2016-11-03 18:00:00,4.9766665,5.569282,5.363967
2016-11-03 19:00:00,4.7183332,5.5757236,4.042484
2016-11-03 20:00:00,4.66,3.9445841,2.9588501
2016-11-03 21:00:00,4.285,3.4607902,3.9211676
2016-11-03 22:00:00,3.785,3.3511379,5.4817996
2016-11-03 23:00:00,3.5983334,3.6298337,5.2431526
2016-11-04 00:00:00,3.36,3.212884,4.6480165
2016-11-04 01:00:00,2.735,3.4567623,4.7477503
2016-11-04 02:00:00,2.2616668,3.8408911,4.969909
2016-11-04 03:00:00,1.77,3.677863,4.6344
2016-11-04 04:00:00,1.5233333,3.097431,3.8412416
2016-11-04 05:00:00,1.3183334,3.0347178,3.74078
2016-11-04 06:00:00,1.245,3.1199183,3.8664286
2016-11-04 07:00:00,1.3866667,2.911584,3.3136017
2016-11-04 08:00:00,1.67,2.7653947,3.0884457
2016-11-04 09:00:00,2.1783333,2.653144,2.834746
2016-11-04 10:00:00,3.1833334,3.3016038,3.7794206
2016-11-04 11:00:00,4.425,4.738659,4.9200873
2016-11-04 12:00:00,5.983333,6.715865,6.4237328
2016-11-04 13:00:00,6.9016666,8.775492,7.8009157
2016-11-04 14:00:00,7.29,9.575167,8.103033
2016-11-04 15:00:00,7.405,9.641358,8.277738
2016-11-04 16:00:00,7.4483333,8.286553,7.914167
2016-11-04 17:00:00,7.1716666,7.702477,7.564388
2016-11-04 18:00:00,6.911667,6.3613634,6.3647475
2016-11-04 19:00:00,6.47,4.9498506,4.773277
2016-11-04 20:00:00,6.1883335,4.0219674,4.124762
2016-11-04 21:00:00,5.818333,3.296193,3.9448442
2016-11-04 22:00:00,5.6716666,3.411883,4.144316
2016-11-04 23:00:00,5.2,3.5241072,4.31428
2016-11-05 00:00:00,5.008333,4.104269,5.0345387
2016-11-05 01:00:00,5.0266666,4.331641,5.1338873
2016-11-05 02:00:00,4.93,4.699195,5.6014323
2016-11-05 03:00:00,5.0866666,4.5046105,5.195552
2016-11-05 04:00:00,5.315,5.0605154,5.824567
2016-11-05 05:00:00,5.3316665,4.946905,5.6190276
2016-11-05 06:00:00,5.5183334,4.9458656,5.719131
2016-11-05 07:00:00,5.93,5.1375785,6.2719183
2016-11-05 08:00:00,6.9166665,5.6190014,6.6380143
2016-11-05 09:00:00,7.265,6.41083,7.3802543
2016-11-05 10:00:00,7.8683333,7.3156075,8.191971
2016-11-05 11:00:00,8.431666,8.5267,8.980265
2016-11-05 12:00:00,8.681666,9.84107,9.866385
2016-11-05 13:00:00,8.433333,10.454114,10.176648
2016-11-05 14:00:00,7.945,11.1476755,11.2084875
2016-11-05 15:00:00,7.7366667,10.447437,10.2516
2016-11-05 16:00:00,7.7,9.668552,9.941158
2016-11-05 17:00:00,7.4383335,9.138967,9.25238
2016-11-05 18:00:00,7.0416665,8.265753,8.21818
2016-11-05 19:00:00,6.471667,7.7706594,7.9725676
2016-11-05 20:00:00,6.3516665,7.0469275,7.367442
2016-11-05 21:00:00,6.275,7.4520483,7.617173
2016-11-05 22:00:00,5.983333,7.5066357,7.5922284
2016-11-05 23:00:00,5.5666666,6.6543202,6.9917717
2016-11-06 00:00:00,5.3483334,5.901105,6.1238575
2016-11-06 01:00:00,5.0216665,5.231625,5.5684924
2016-11-06 02:00:00,4.5533333,5.6407595,5.6605906
2016-11-06 03:00:00,4.1016665,5.533998,5.811282
2016-11-06 04:00:00,3.425,4.900362,5.137713
2016-11-06 05:00:00,3.0333333,4.3808994,4.7471027
2016-11-06 06:00:00,3.3416667,4.2259083,4.5682764
2016-11-06 07:00:00,3.305,4.0588665,4.4654346
2016-11-06 08:00:00,3.1016667,3.741436,4.0683556
2016-11-06 09:00:00,3.5283334,4.2214146,4.4561996
2016-11-06 10:00:00,4.015,5.083164,5.1475024
2016-11-06 11:00:00,5.596667,6.185905,5.786912
2016-11-06 12:00:00,5.9483333,7.093548,6.7694435
2016-11-06 13:00:00,6.9983335,6.542725,6.6017675
2016-11-06 14:00:00,7.266667,6.6619515,6.8688045
2016-11-06 15:00:00,6.5533333,7.346652,7.7221503
2016-11-06 16:00:00,6.3483334,6.9146814,6.6589007
2016-11-06 17:00:00,6.0316668,6.539523,6.503066
2016-11-06 18:00:00,5.431667,5.610289,5.4048333
2016-11-06 19:00:00,4.82,4.997831,4.4766307
2016-11-06 20:00:00,4.2733335,4.3304405,4.3070745
2016-11-06 21:00:00,4.088333,3.4226227,3.208708
2016-11-06 22:00:00,3.3916667,3.142589,3.3626416
2016-11-06 23:00:00,3.0816667,3.1364396,2.7293866
2016-11-07 00:00:00,3.2,2.7279477,2.709449
2016-11-07 01:00:00,2.33,2.9883797,3.0523384
2016-11-07 02:00:00,1.6133333,2.6971376,2.803061
2016-11-07 03:00:00,1.5383333,2.878789,2.9912732
2016-11-07 04:00:00,1.2716666,2.1496022,2.188472
2016-11-07 05:00:00,1.3683333,2.9093978,2.9691827
2016-11-07 06:00:00,1.445,3.2564914,3.2957866
2016-11-07 07:00:00,1.59,2.1633046,2.155479
2016-11-07 08:00:00,1.9433334,1.3920913,1.5386689
2016-11-07 09:00:00,1.7033334,2.0116615,2.2688084
2016-11-07 10:00:00,1.85,3.1459002,3.2883632
2016-11-07 11:00:00,2.0766666,4.9373364,4.818836
2016-11-07 12:00:00,2.3883333,6.23231,5.9521074
2016-11-07 13:00:00,2.7883334,7.695717,6.9574914
2016-11-07 14:00:00,3.125,7.11944,6.302881
2016-11-07 15:00:00,3.2783334,6.531172,6.4477334
2016-11-07 16:00:00,3.065,6.0783033,6.042856
2016-11-07 17:00:00,3.0333333,5.3260427,4.927099
2016-11-07 18:00:00,2.6983333,4.3296413,3.541711
2016-11-07 19:00:00,2.5466666,3.8660276,2.855344
2016-11-07 20:00:00,2.42,2.7856653,2.6613305
2016-11-07 21:00:00,2.3,2.8678908,2.1477327
2016-11-07 22:00:00,2.2933333,2.0757792,1.8092048
2016-11-07 23:00:00,2.2066667,2.6254416,1.9731703
2016-11-08 00:00:00,2.0716667,2.4951527,2.0539188
2016-11-08 01:00:00,2.0416667,2.5803194,2.2402318
2016-11-08 02:00:00,1.9916667,2.2595499,2.208445
2016-11-08 03:00:00,1.9466667,2.5016284,2.8737462
2016-11-08 04:00:00,1.8566667,2.879536,3.2258759
2016-11-08 05:00:00,1.6883334,2.8080552,3.3139284
2016-11-08 06:00:00,1.8683333,2.5690172,3.1175063
2016-11-08 07:00:00,1.84,2.5471566,3.4273903
2016-11-08 08:00:00,2.1633334,2.7991018,3.1589315
2016-11-08 09:00:00,2.2683334,2.7008822,3.1524727
2016-11-08 10:00:00,2.525,3.3460765,3.5947897
2016-11-08 11:00:00,3.4616666,4.0824456,4.3694634
2016-11-08 12:00:00,4.1066666,5.3964944,5.9454646
2016-11-08 13:00:00,3.8933334,6.2006454,6.406159
2016-11-08 14:00:00,3.65,6.2279963,6.19581
2016-11-08 15:00:00,2.9366667,6.614859,6.221483
2016-11-08 16:00:00,1.4783334,5.9421163,5.321008
2016-11-08 17:00:00,1.5066667,5.251973,4.8166566
2016-11-08 18:00:00,1.4566667,4.250061,3.8694944
2016-11-08 19:00:00,0.8466667,3.2556834,3.1780512
2016-11-08 20:00:00,0.77,2.7098725,3.0637558
2016-11-08 21:00:00,0.44666666,1.450146,1.9306214
2016-11-08 22:00:00,0.555,0.008327574,0.7246022
2016-11-08 23:00:00,0.555,0.2842174,1.2500528
2016-11-09 00:00:00,0.335,0.8533144,1.6474429
2016-11-09 01:00:00,-0.305,0.15864286,0.8317437
2016-11-09 02:00:00,-0.855,0.19412598,1.2915456
2016-11-09 03:00:00,-1.49,-0.28475252,0.8033426
2016-11-09 04:00:00,-2.3383334,0.01658824,1.1239979
2016-11-09 05:00:00,-2.9166667,-0.43278232,0.47209683
2016-11-09 06:00:00,-3.0583334,-1.1649694,0.083756715
2016-11-09 07:00:00,-2.8466666,-1.757596,-0.77240145
2016-11-09 08:00:00,-2.6733334,-1.8019447,-0.70201945
2016-11-09 09:00:00,-1.5616666,-1.4289386,-0.7296035
2016-11-09 10:00:00,0.13333334,-0.9533565,-0.9850724
2016-11-09 11:00:00,1.8183334,-0.44629875,-0.10018709
2016-11-09 12:00:00,3.245,1.1490029,1.3185797
2016-11-09 13:00:00,3.51,3.1393845,2.4551563
2016-11-09 14:00:00,3.7033334,4.1997986,2.8013642
2016-11-09 15:00:00,4.3733335,4.9749265,3.732339
2016-11-09 16:00:00,3.6616666,4.315923,3.815942
2016-11-09 17:00:00,3.1516666,3.3746767,3.5360532
2016-11-09 18:00:00,2.5066667,2.8228428,3.3982742
2016-11-09 19:00:00,2.0,1.6236436,2.495767
2016-11-09 20:00:00,1.735,1.2039102,2.1394145
2016-11-09 21:00:00,1.7416667,1.0562655,2.3252835
2016-11-09 22:00:00,1.885,0.8021951,1.1948864
2016-11-09 23:00:00,2.0233333,1.0094107,1.1009928
2016-11-10 00:00:00,2.1033332,0.8826885,1.2311044
2016-11-10 01:00:00,1.895,0.6281048,1.5105395
2016-11-10 02:00:00,1.5183333,0.29281393,1.2855264
2016-11-10 03:00:00,0.92833334,0.6854323,1.7424476
2016-11-10 04:00:00,0.71166664,1.2250934,2.386948
2016-11-10 05:00:00,1.0983334,1.6263468,2.6765378
2016-11-10 06:00:00,1.1616666,2.1894166,3.1729193
2016-11-10 07:00:00,1.0,2.9435244,3.799199
2016-11-10 08:00:00,1.0616666,3.0355158,3.4677103
2016-11-10 09:00:00,0.9766667,2.8159025,2.9571733
2016-11-10 10:00:00,0.9816667,2.963581,3.114033
2016-11-10 11:00:00,1.195,3.961978,4.156213
2016-11-10 12:00:00,1.33,3.636523,2.8221414
2016-11-10 13:00:00,1.9,4.9171233,4.0867085
2016-11-10 14:00:00,2.24,4.061099,3.607999
2016-11-10 15:00:00,2.4983332,3.7250695,3.7681785
2016-11-10 16:00:00,2.5666666,2.883922,3.0987828
2016-11-10 17:00:00,2.4833333,2.218237,2.1760616
2016-11-10 18:00:00,2.1283333,1.8090298,1.6148012
2016-11-10 19:00:00,1.695,1.6127796,1.6743624
2016-11-10 20:00:00,1.75,1.8529055,1.6623442
2016-11-10 21:00:00,1.7483333,1.7002467,1.5582052
2016-11-10 22:00:00,1.7566667,1.8575265,1.0561438
2016-11-10 23:00:00,1.7783333,1.6543536,0.8525268
2016-11-11 00:00:00,1.7283334,1.4098806,0.71176386
2016-11-11 01:00:00,1.7616667,1.1705422,0.88436365
2016-11-11 02:00:00,1.9316666,1.6490412,1.8887582
2016-11-11 03:00:00,1.9766667,2.0750644,2.8132143
2016-11-11 04:00:00,1.9266666,2.4186544,3.0100608
2016-11-11 05:00:00,2.0666666,2.3600037,3.0233014
2016-11-11 06:00:00,2.06,1.9855438,2.5930488
2016-11-11 07:00:00,1.955,1.7131304,2.6211472
2016-11-11 08:00:00,1.6516666,2.1775184,3.1207566
2016-11-11 09:00:00,1.2183334,2.426097,2.8045876
2016-11-11 10:00:00,1.1,2.651466,2.5380585
2016-11-11 11:00:00,0.85833335,3.3186052,3.1295748
2016-11-11 12:00:00,0.82,3.5883236,2.9795096
2016-11-11 13:00:00,0.7783333,3.4085898,2.742263
2016-11-11 14:00:00,0.935,2.8559022,2.1390307
2016-11-11 15:00:00,0.9583333,2.3303354,1.6743363
2016-11-11 16:00:00,0.83666664,2.0687146,1.6806345
2016-11-11 17:00:00,0.7633333,1.3604238,1.0743356
2016-11-11 18:00:00,0.8,0.9658356,1.1362314
2016-11-11 19:00:00,0.745,0.5112288,0.881014
2016-11-11 20:00:00,0.675,0.38835952,0.97148037
2016-11-11 21:00:00,0.785,0.1767548,0.69461644
2016-11-11 22:00:00,0.46833333,-0.14080611,0.5052258
2016-11-11 23:00:00,0.385,-0.32619312,0.36683896
2016-11-12 00:00:00,0.22666667,-0.28453174,0.2795457
2016-11-12 01:00:00,-0.016666668,-0.4440309,0.22585753
2016-11-12 02:00:00,-0.39166668,-0.19335178,0.23044774
2016-11-12 03:00:00,-0.745,0.25590077,0.41803458
2016-11-12 04:00:00,-0.79,0.11606094,-0.13600919
2016-11-12 05:00:00,-0.9766667,-0.2667614,-0.43760112
2016-11-12 06:00:00,-1.0183333,-0.27532282,-0.30656496
2016-11-12 07:00:00,-1.075,-0.54748917,-0.6144601
2016-11-12 08:00:00,-1.0683334,-0.73936105,-0.95605206
2016-11-12 09:00:00,-1.0083333,-0.8732295,-0.98056114
2016-11-12 10:00:00,-0.9583333,-0.9373565,-0.44558892
2016-11-12 11:00:00,-0.74,-0.9582224,-0.16695496
2016-11-12 12:00:00,-0.26166666,-0.29537937,0.8198403
2016-11-12 13:00:00,0.10333333,0.5161084,1.4678571
2016-11-12 14:00:00,0.49833333,0.60896826,1.4715388
2016-11-12 15:00:00,0.52166665,0.8824389,1.7004731
2016-11-12 16:00:00,0.111666664,1.1064591,1.6613027
2016-11-12 17:00:00,0.065,0.9313047,1.1892929
2016-11-12 18:00:00,0.07333333,0.519922,0.5959612
2016-11-12 19:00:00,0.185,-0.054880768,-0.18169573
2016-11-12 20:00:00,0.0016666667,-0.64273024,-0.5400963
2016-11-12 21:00:00,-0.145,-1.5094714,-1.23752
2016-11-12 22:00:00,-0.36,-1.4405382,-0.6321819
2016-11-12 23:00:00,-0.465,-1.5203531,-0.6997647
2016-11-13 00:00:00,-0.50666666,-1.0747287,-0.5710007
2016-11-13 01:00:00,-0.5833333,-1.1353874,-0.34306154
2016-11-13 02:00:00,-0.6,-1.8171272,-0.737484
2016-11-13 03:00:00,-0.6116667,-1.9067302,-1.1493484
2016-11-13 04:00:00,-0.65833336,-1.8916817,-1.6291122
2016-11-13 05:00:00,-0.79333335,-1.4941859,-1.286726
2016-11-13 06:00:00,-1.1016667,-1.4091065,-1.2173098
2016-11-13 07:00:00,-1.94,-1.2849442,-1.0623524
2016-11-13 08:00:00,-2.3933334,-0.70795095,-0.53948116
2016-11-13 09:00:00,-2.0083334,-0.13155916,-0.17570183
2016-11-13 10:00:00,-1.04,0.23941067,0.26585114
2016-11-13 11:00:00,0.47666666,0.8997452,1.5296096
2016-11-13 12:00:00,1.4416667,1.7811313,2.8026447
2016-11-13 13:00:00,2.4116666,2.7803304,3.7463746
2016-11-13 14:00:00,2.9233334,4.125746,4.1180553
2016-11-13 15:00:00,3.7733333,5.2839637,3.851254
2016-11-13 16:00:00,3.56,5.7019095,3.9153354
2016-11-13 17:00:00,1.9083333,3.858351,3.151652
2016-11-13 18:00:00,1.0316666,1.4909081,1.522916
2016-11-13 19:00:00,-0.14666666,0.05381283,0.32033926
2016-11-13 20:00:00,-0.90833336,-1.0204533,-0.5042355
2016-11-13 21:00:00,-1.37,-1.129802,-0.20539644
2016-11-13 22:00:00,-2.1583333,-0.8748982,-0.4903225
2016-11-13 23:00:00,-2.6683333,-1.2314937,-1.9887397
2016-11-14 00:00:00,-3.2133334,-2.265977,-2.6776717
2016-11-14 01:00:00,-3.4783332,-3.2097573,-3.1131995
2016-11-14 02:00:00,-4.2233334,-3.9731336,-3.1509433
2016-11-14 03:00:00,-4.5016665,-3.742539,-3.4767067
2016-11-14 04:00:00,-5.096667,-3.5906756,-3.8368423
2016-11-14 05:00:00,-5.4333334,-4.518503,-4.2479596
2016-11-14 06:00:00,-5.535,-5.210154,-4.533402
2016-11-14 07:00:00,-5.7566667,-5.2809877,-4.2676053
2016-11-14 08:00:00,-6.005,-5.205606,-4.4024777
2016-11-14 09:00:00,-5.1783333,-4.2830157,-3.8821018
2016-11-14 10:00:00,-3.5333333,-3.2287343,-2.9013731
2016-11-14 11:00:00,-2.045,-1.6589731,-1.7135613
2016-11-14 12:00:00,0.23333333,0.3274693,-0.09429976
2016-11-14 13:00:00,2.9716666,2.0913863,1.0144212
2016-11-14 14:00:00,4.3133335,3.5617766,1.749965
2016-11-14 15:00:00,5.14,5.138184,3.3694603
2016-11-14 16:00:00,4.445,5.281912,3.8554022
2016-11-14 17:00:00,2.8366666,3.505189,2.741079
2016-11-14 18:00:00,1.795,2.618552,1.9958652
2016-11-14 19:00:00,0.55333334,1.9374207,1.4725262
2016-11-14 20:00:00,-1.0466666,0.20613751,-0.22358778
2016-11-14 21:00:00,-1.34,-0.65522766,-1.0565302
2016-11-14 22:00:00,-1.8683333,-1.7654159,-2.1339977
2016-11-14 23:00:00,-1.9016666,-2.3062105,-2.5262825
2016-11-15 00:00:00,-1.695,-2.1535084,-2.121381
2016-11-15 01:00:00,-0.875,-2.0953422,-2.6444726
2016-11-15 02:00:00,-0.54,-2.9818087,-3.940738
2016-11-15 03:00:00,-0.2,-3.3412166,-3.3285
2016-11-15 04:00:00,-0.18666667,-3.1208477,-3.17433
2016-11-15 05:00:00,-0.011666667,-2.626435,-2.5738246
2016-11-15 06:00:00,0.14166667,-2.4001489,-2.296463
2016-11-15 07:00:00,0.84166664,-1.5991795,-1.1695179
2016-11-15 08:00:00,1.0,-0.7373488,-0.6994926
2016-11-15 09:00:00,1.3816667,0.22342044,0.38586283
2016-11-15 10:00:00,1.8716667,1.1283501,1.0974605
2016-11-15 11:00:00,1.3216667,2.6776733,2.5463393
2016-11-15 12:00:00,0.94666666,4.372176,3.9509444
2016-11-15 13:00:00,1.355,6.0760083,4.955116
2016-11-15 14:00:00,1.72,6.535928,4.888246
2016-11-15 15:00:00,2.2033334,6.315421,4.74927
2016-11-15 16:00:00,2.2083333,5.574497,4.290177
2016-11-15 17:00:00,2.2516668,4.3738046,3.007836
2016-11-15 18:00:00,2.0916667,2.8935041,2.206873
2016-11-15 19:00:00,2.1633334,2.3803368,2.5965283
2016-11-15 20:00:00,2.4216666,2.1960516,3.1146367
2016-11-15 21:00:00,2.5183334,2.3690028,3.6701818
2016-11-15 22:00:00,2.7666667,2.3351505,3.8265593
2016-11-15 23:00:00,3.11,2.1987875,3.7000535
2016-11-16 00:00:00,3.4266667,2.296707,3.6562004
2016-11-16 01:00:00,3.6533334,2.558533,3.9771516
2016-11-16 02:00:00,3.72,3.163559,4.2305255
2016-11-16 03:00:00,3.73,3.307537,4.2970886
2016-11-16 04:00:00,3.83,3.619603,4.521998
2016-11-16 05:00:00,3.8966668,3.7307491,4.583882
2016-11-16 06:00:00,3.9483333,3.7317793,4.5394053
2016-11-16 07:00:00,4.135,3.8318954,4.621353
2016-11-16 08:00:00,4.238333,4.1049223,4.8558936
2016-11-16 09:00:00,4.463333,4.581358,5.1156054
2016-11-16 10:00:00,5.036667,5.251107,5.8101907
2016-11-16 11:00:00,5.4416666,6.1005983,6.615888
2016-11-16 12:00:00,5.565,6.8928475,7.4588437
2016-11-16 13:00:00,5.97,8.029813,8.374919
2016-11-16 14:00:00,6.6833334,8.86722,8.3762455
2016-11-16 15:00:00,7.6316667,8.977228,8.305143
2016-11-16 16:00:00,8.028334,8.531651,8.23299
2016-11-16 17:00:00,7.983333,7.616665,7.5145926
2016-11-16 18:00:00,7.846667,6.428319,6.616676
2016-11-16 19:00:00,8.376667,6.5341396,7.0896225
2016-11-16 20:00:00,8.99,7.004115,7.4684205
2016-11-16 21:00:00,8.991667,7.7648067,8.295939
2016-11-16 22:00:00,9.046667,7.7240977,8.418869
2016-11-16 23:00:00,9.465,7.745109,8.494897
2016-11-17 00:00:00,8.868333,7.3969183,8.549963
2016-11-17 01:00:00,9.288333,8.184284,8.87415
2016-11-17 02:00:00,8.975,8.677801,9.137432
2016-11-17 03:00:00,8.878333,8.473337,9.254778
2016-11-17 04:00:00,8.921667,8.736792,9.489694
2016-11-17 05:00:00,8.963333,9.06699,9.965103
2016-11-17 06:00:00,8.69,8.007093,8.805355
2016-11-17 07:00:00,8.81,9.119511,9.809444
2016-11-17 08:00:00,8.925,8.34529,9.176604
2016-11-17 09:00:00,9.0633335,8.81814,9.2157135
2016-11-17 10:00:00,9.558333,9.14556,9.476148
2016-11-17 11:00:00,10.506667,9.901332,10.001413
2016-11-17 12:00:00,11.13,10.659536,10.485364
2016-11-17 13:00:00,12.013333,11.685533,11.474568
2016-11-17 14:00:00,11.606667,11.731512,11.0151615
2016-11-17 15:00:00,11.591666,11.507403,11.216015
2016-11-17 16:00:00,11.261666,10.9521265,10.7175255
2016-11-17 17:00:00,10.8133335,10.777664,11.188044
2016-11-17 18:00:00,10.695,10.131091,10.839447
2016-11-17 19:00:00,10.381667,10.031486,10.640768
2016-11-17 20:00:00,10.6,8.969519,9.765143
2016-11-17 21:00:00,11.276667,9.139049,9.887407
2016-11-17 22:00:00,11.398334,8.857958,9.615447
2016-11-17 23:00:00,11.23,8.574143,9.048725
2016-11-18 00:00:00,11.028334,8.904678,9.0849085
2016-11-18 01:00:00,11.321667,8.819715,9.5302725
2016-11-18 02:00:00,11.653334,9.278688,9.986278
2016-11-18 03:00:00,11.575,9.574374,10.306417
2016-11-18 04:00:00,11.288333,9.564751,10.253177
2016-11-18 05:00:00,11.726666,9.684578,10.35294
2016-11-18 06:00:00,11.66,9.692207,10.274807
2016-11-18 07:00:00,10.81,10.00174,10.350103
2016-11-18 08:00:00,11.566667,10.244159,10.587022
2016-11-18 09:00:00,12.66,10.660151,11.169059
2016-11-18 10:00:00,12.565,11.026883,11.103584
2016-11-18 11:00:00,12.95,11.446288,11.179921
2016-11-18 12:00:00,13.5,11.424991,11.24596
2016-11-18 13:00:00,8.44,11.409917,11.612202
2016-11-18 14:00:00,9.526667,11.667937,11.445486
2016-11-18 15:00:00,9.683333,11.889693,11.712021
2016-11-18 16:00:00,9.391666,11.622526,11.900333
2016-11-18 17:00:00,9.07,11.454325,11.858299
2016-11-18 18:00:00,8.671667,11.010935,11.342363
2016-11-18 19:00:00,8.351666,6.8919353,7.957062
2016-11-18 20:00:00,8.296667,8.943026,9.068488
2016-11-18 21:00:00,8.04,8.719317,8.987149
2016-11-18 22:00:00,7.52,8.324686,8.422573
2016-11-18 23:00:00,7.59,7.67836,7.8956017
2016-11-19 00:00:00,7.3416667,6.9119635,7.097646
2016-11-19 01:00:00,7.17,6.950645,7.41234
2016-11-19 02:00:00,7.1866665,6.845176,7.52086
2016-11-19 03:00:00,6.7183332,6.8919616,7.4252863
2016-11-19 04:00:00,5.911667,6.386939,7.3177195
2016-11-19 05:00:00,5.635,6.733356,7.4195266
2016-11-19 06:00:00,5.465,6.2908278,7.0982165
2016-11-19 07:00:00,5.8283334,6.2105985,6.801104
2016-11-19 08:00:00,5.786667,6.994083,7.349775
2016-11-19 09:00:00,5.97,6.4071536,6.642924
2016-11-19 10:00:00,6.4183335,7.0774302,7.125514
2016-11-19 11:00:00,7.315,7.944301,8.283746
2016-11-19 12:00:00,8.461667,8.63282,8.779195
2016-11-19 13:00:00,8.316667,9.562512,9.480259
2016-11-19 14:00:00,8.1866665,9.164965,8.844155
2016-11-19 15:00:00,6.3366666,8.901783,8.581207
2016-11-19 16:00:00,5.6716666,8.773044,7.9703074
2016-11-19 17:00:00,5.2533336,8.587065,7.7585807
2016-11-19 18:00:00,5.036667,8.106921,7.517266
2016-11-19 19:00:00,4.36,6.7486835,7.242538
2016-11-19 20:00:00,4.181667,6.7012925,6.9381366
2016-11-19 21:00:00,3.89,4.8570023,5.5967374
2016-11-19 22:00:00,3.715,4.9066825,5.471808
2016-11-19 23:00:00,3.6016667,4.7342653,5.396541
2016-11-20 00:00:00,3.3883333,4.3524218,5.0061483
2016-11-20 01:00:00,3.1883333,3.3797998,4.30485
2016-11-20 02:00:00,2.9133334,3.0093884,3.7770464
2016-11-20 03:00:00,2.9916666,2.837273,3.9510283
2016-11-20 04:00:00,2.83,2.739936,3.7970557
2016-11-20 05:00:00,3.1216667,2.596202,3.7874134
2016-11-20 06:00:00,3.7083333,2.2873938,3.132654
2016-11-20 07:00:00,3.9916666,2.1137764,3.055108
2016-11-20 08:00:00,4.5183334,2.1295924,2.7257888
2016-11-20 09:00:00,4.9616666,3.149693,3.6236606
2016-11-20 10:00:00,6.508333,4.135583,4.12256
2016-11-20 11:00:00,7.3133335,5.8048844,5.689767
2016-11-20 12:00:00,8.816667,7.5154915,7.1122537
2016-11-20 13:00:00,10.285,8.0123625,7.296458
2016-11-20 14:00:00,12.758333,8.258825,7.7557535
2016-11-20 15:00:00,13.36,8.039496,7.643153
2016-11-20 16:00:00,12.73,8.429075,7.6317997
2016-11-20 17:00:00,11.743333,7.8602796,7.501861
2016-11-20 18:00:00,10.996667,8.379692,8.150437
2016-11-20 19:00:00,10.21,8.35956,8.170153
2016-11-20 20:00:00,10.363334,9.246971,8.806473
2016-11-20 21:00:00,10.728333,9.005016,8.9551735
2016-11-20 22:00:00,10.851666,8.358598,8.339103
2016-11-20 23:00:00,10.998333,7.791239,7.8563313
2016-11-21 00:00:00,10.526667,7.4425907,7.453851
2016-11-21 01:00:00,9.378333,7.1057744,7.591538
2016-11-21 02:00:00,8.396667,8.0077095,8.64122
2016-11-21 03:00:00,8.253333,8.354985,8.992407
2016-11-21 04:00:00,7.721667,8.414155,8.583563
2016-11-21 05:00:00,7.8616667,8.404257,8.660857
2016-11-21 06:00:00,8.39,8.182368,8.569937
2016-11-21 07:00:00,7.886667,7.2502813,7.81033
2016-11-21 08:00:00,7.4933333,6.850956,7.7887373
2016-11-21 09:00:00,7.3316665,7.467914,8.64304
2016-11-21 10:00:00,8.015,7.703205,8.71271
2016-11-21 11:00:00,8.6,9.250399,10.052612
2016-11-21 12:00:00,9.29,11.4804325,11.88747
2016-11-21 13:00:00,9.87,11.734079,11.478542
2016-11-21 14:00:00,10.906667,11.367666,11.504218
2016-11-21 15:00:00,11.491667,11.345209,11.384781
2016-11-21 16:00:00,11.451667,10.709085,10.772447
2016-11-21 17:00:00,11.223333,9.55427,9.378533
2016-11-21 18:00:00,10.89,8.147191,7.895533
2016-11-21 19:00:00,10.633333,7.3147845,6.862136
2016-11-21 20:00:00,10.678333,6.9744062,6.779167
2016-11-21 21:00:00,10.643333,7.1658993,6.753578
2016-11-21 22:00:00,10.0,7.0958853,7.070574
2016-11-21 23:00:00,9.755,7.605977,7.342776
2016-11-22 00:00:00,9.865,7.508458,7.4410653
2016-11-22 01:00:00,9.878333,7.671084,7.870683
2016-11-22 02:00:00,9.856667,7.955787,8.327395
2016-11-22 03:00:00,10.268333,7.8107147,8.245274
2016-11-22 04:00:00,10.721666,7.6813393,8.243889
2016-11-22 05:00:00,10.335,7.926279,8.686519
2016-11-22 06:00:00,10.1866665,8.173658,8.800961
2016-11-22 07:00:00,10.4,7.7811866,8.52795
2016-11-22 08:00:00,10.271667,8.243026,9.223311
2016-11-22 09:00:00,9.491667,9.494121,10.4054575
2016-11-22 10:00:00,9.665,10.775132,11.408498
2016-11-22 11:00:00,9.856667,11.552799,11.455985
2016-11-22 12:00:00,10.416667,12.586825,12.324441
2016-11-22 13:00:00,11.096666,13.197683,13.084272
2016-11-22 14:00:00,11.485,12.297123,12.327287
2016-11-22 15:00:00,11.695,11.70849,11.492153
2016-11-22 16:00:00,11.395,11.215107,11.07309
2016-11-22 17:00:00,11.323334,10.300007,10.151215
2016-11-22 18:00:00,10.838333,9.685443,9.4903
2016-11-22 19:00:00,9.925,9.218227,9.1539135
2016-11-22 20:00:00,9.305,8.512595,8.54776
2016-11-22 21:00:00,7.955,8.308377,8.457513
2016-11-22 22:00:00,7.2566667,8.116972,8.28138
2016-11-22 23:00:00,6.5733333,8.355522,8.741208
2016-11-23 00:00:00,5.338333,7.9640665,8.403039
2016-11-23 01:00:00,5.2483335,7.406627,7.9170976
2016-11-23 02:00:00,5.0316668,6.9086947,7.42291
2016-11-23 03:00:00,4.3883333,5.5186,6.0121284
2016-11-23 04:00:00,3.625,5.2849226,5.529571
2016-11-23 05:00:00,4.045,4.633562,4.822046
2016-11-23 06:00:00,3.8783333,3.5096478,3.321364
2016-11-23 07:00:00,3.9716666,4.0858383,4.203132
2016-11-23 08:00:00,3.8483334,4.3531466,4.3770247
2016-11-23 09:00:00,3.8566666,4.098089,3.6960328
2016-11-23 10:00:00,5.06,4.180465,4.008807
2016-11-23 11:00:00,5.75,6.0509186,6.162196
2016-11-23 12:00:00,6.798333,7.6988506,6.996776
2016-11-23 13:00:00,8.341666,9.396478,8.948853
2016-11-23 14:00:00,9.128333,10.662097,10.192724
2016-11-23 15:00:00,11.11,11.225613,10.707905
2016-11-23 16:00:00,10.925,11.142741,10.460728
2016-11-23 17:00:00,10.316667,9.944628,8.973955
2016-11-23 18:00:00,9.401667,8.893689,8.023868
2016-11-23 19:00:00,8.648334,8.0181265,7.3111925
2016-11-23 20:00:00,8.143333,7.1676865,6.4884214
2016-11-23 21:00:00,7.52,8.127951,7.5805817
2016-11-23 22:00:00,6.31,7.137137,6.703801
2016-11-23 23:00:00,6.25,6.875764,5.922668
2016-11-24 00:00:00,5.655,6.65446,6.194986
2016-11-24 01:00:00,5.0716667,6.5076957,6.491376
2016-11-24 02:00:00,4.858333,6.3093457,6.1212983
2016-11-24 03:00:00,4.9533334,5.9660497,5.655514
2016-11-24 04:00:00,5.5266666,4.9880433,4.642109
2016-11-24 05:00:00,6.116667,5.4004564,5.1443996
2016-11-24 06:00:00,6.2116666,4.4583106,4.2537613
2016-11-24 07:00:00,6.285,4.3941655,4.2163653
2016-11-24 08:00:00,6.36,4.465125,4.3543615
2016-11-24 09:00:00,6.2516665,4.5349755,4.7789526
2016-11-24 10:00:00,6.0716667,5.3841815,5.842105
2016-11-24 11:00:00,6.02,6.2634687,6.98509
2016-11-24 12:00:00,6.1383333,6.231005,7.1800065
2016-11-24 13:00:00,6.3316665,6.434071,7.6840324
2016-11-24 14:00:00,6.4283333,6.8519926,8.133563
2016-11-24 15:00:00,6.2083335,6.44526,7.507251
2016-11-24 16:00:00,6.005,6.142134,7.0829773
2016-11-24 17:00:00,5.91,6.0185328,6.7817926
2016-11-24 18:00:00,5.81,6.084868,6.644154
2016-11-24 19:00:00,5.733333,6.2701244,6.5075965
2016-11-24 20:00:00,5.4266667,6.2574244,6.2679157
2016-11-24 21:00:00,5.0866666,5.8457847,5.6584296
2016-11-24 22:00:00,4.9416666,5.5916686,5.4882536
2016-11-24 23:00:00,4.798333,5.608056,5.6750617
2016-11-25 00:00:00,4.44,5.6090884,5.637773
2016-11-25 01:00:00,4.095,5.467859,5.453559
2016-11-25 02:00:00,3.9283333,5.2075157,5.064456
2016-11-25 03:00:00,3.865,4.9524403,4.6838713
2016-11-25 04:00:00,3.795,4.836979,4.529388
2016-11-25 05:00:00,3.64,4.6317954,4.310801
2016-11-25 06:00:00,3.4733334,4.0721087,3.8322914
2016-11-25 07:00:00,3.445,3.7021377,3.4788065
2016-11-25 08:00:00,3.0333333,3.682687,3.8115253
2016-11-25 09:00:00,2.6566668,3.62537,3.7552552
2016-11-25 10:00:00,2.4316666,3.3835142,3.6767032
2016-11-25 11:00:00,2.4783332,3.3193436,4.004303
2016-11-25 12:00:00,2.6233332,3.336997,4.344921
2016-11-25 13:00:00,2.82,2.8905392,4.222742
2016-11-25 14:00:00,3.7583334,3.02028,4.859226
2016-11-25 15:00:00,4.805,2.695487,4.179862
2016-11-25 16:00:00,4.57,2.4759254,3.7330468
2016-11-25 17:00:00,3.1116667,1.9918056,3.0577934
2016-11-25 18:00:00,2.5783334,2.0132875,3.0147836
2016-11-25 19:00:00,2.3166666,2.1933358,3.3641672
2016-11-25 20:00:00,2.0383334,2.5695796,3.7304533
2016-11-25 21:00:00,1.615,2.6961553,3.7374978
2016-11-25 22:00:00,1.255,2.050569,2.9088194
2016-11-25 23:00:00,1.055,1.0655569,1.9909084
2016-11-26 00:00:00,0.85333335,0.7183018,1.8229239
2016-11-26 01:00:00,0.65833336,0.7890974,2.0128627
2016-11-26 02:00:00,0.605,0.91516995,1.7404249
2016-11-26 03:00:00,0.40666667,0.8794719,1.2621354
2016-11-26 04:00:00,0.25666666,0.89831877,0.96727777
2016-11-26 05:00:00,0.031666666,0.9087925,0.7107413
2016-11-26 06:00:00,-0.046666667,0.8781221,0.5293243
2016-11-26 07:00:00,-0.24666667,0.9287181,0.5459731
2016-11-26 08:00:00,-0.29833335,0.9925091,0.8198712
2016-11-26 09:00:00,-0.345,0.86180186,0.73067176
2016-11-26 10:00:00,-0.47666666,0.8405038,0.2740254
2016-11-26 11:00:00,0.135,1.2574322,0.9026773
2016-11-26 12:00:00,0.84166664,2.126904,1.9938452
2016-11-26 13:00:00,1.3983333,3.1024334,3.0399764
2016-11-26 14:00:00,2.4616666,3.751396,3.8611996
2016-11-26 15:00:00,3.3516667,4.0103354,3.7707136
2016-11-26 16:00:00,3.6233332,3.753617,3.82267
2016-11-26 17:00:00,2.785,3.7469923,3.6568167
2016-11-26 18:00:00,2.15,3.661327,3.2887533
2016-11-26 19:00:00,1.64,2.2095776,2.3603947
2016-11-26 20:00:00,1.195,2.5965588,2.8332818
2016-11-26 21:00:00,1.02,2.5817327,2.8481884
2016-11-26 22:00:00,0.52666664,2.499587,2.9187365
2016-11-26 23:00:00,0.09,1.6612095,1.8612957
2016-11-27 00:00:00,-0.42333335,1.186772,1.327218
2016-11-27 01:00:00,-0.72,1.0133159,1.1324666
2016-11-27 02:00:00,-0.70666665,0.608587,0.98988366
2016-11-27 03:00:00,-0.52666664,0.4879668,1.2602111
2016-11-27 04:00:00,1.0483333,-0.16707075,0.56288123
2016-11-27 05:00:00,2.4133334,-0.5077808,0.36443278
2016-11-27 06:00:00,3.0416667,-0.8452958,-0.037294418
2016-11-27 07:00:00,3.0616667,-0.81635916,-0.13054457
2016-11-27 08:00:00,3.2283332,-0.33411267,0.14222208
2016-11-27 09:00:00,3.505,0.51857567,0.8993261
2016-11-27 10:00:00,3.5866666,3.5798483,3.5015984
2016-11-27 11:00:00,4.2233334,4.7185907,4.5363483
2016-11-27 12:00:00,5.1216664,4.581586,5.0823665
2016-11-27 13:00:00,5.991667,4.8504124,5.0989084
2016-11-27 14:00:00,5.6966667,5.18267,5.4625077
2016-11-27 15:00:00,6.0266666,4.8346252,5.1364245
2016-11-27 16:00:00,5.23,4.9037595,5.037083
2016-11-27 17:00:00,3.98,4.926843,5.0382366
2016-11-27 18:00:00,3.3583333,4.7623854,5.096684
2016-11-27 19:00:00,2.6783333,4.5747137,4.827059
2016-11-27 20:00:00,1.9333333,3.2611747,3.5790732
2016-11-27 21:00:00,1.485,3.4367735,3.5059938
2016-11-27 22:00:00,1.9333333,2.222312,2.3925002
2016-11-27 23:00:00,1.86,1.1916711,1.1246
2016-11-28 00:00:00,0.9683333,0.86567414,0.97089887
2016-11-28 01:00:00,0.17333333,0.6452671,1.0364615
2016-11-28 02:00:00,0.09833334,0.04555258,0.65774095
2016-11-28 03:00:00,0.105,-0.29760656,0.5595417
2016-11-28 04:00:00,-0.38666666,0.26915798,1.3707514
2016-11-28 05:00:00,-0.9066667,0.12311581,1.0108013
2016-11-28 06:00:00,-1.235,-1.1893752,-0.74065137
2016-11-28 07:00:00,-1.315,-1.8962011,-0.865945
2016-11-28 08:00:00,-0.94,-1.1993358,-0.5290742
2016-11-28 09:00:00,-0.5466667,-0.88276076,-0.10236177
2016-11-28 10:00:00,-0.26166666,-0.86033547,-0.33404914
2016-11-28 11:00:00,-0.18,-0.32799867,0.60394895
2016-11-28 12:00:00,0.19166666,0.9985306,2.221714
2016-11-28 13:00:00,0.5083333,1.6543275,2.621367
2016-11-28 14:00:00,0.615,3.1347554,3.6338837
2016-11-28 15:00:00,0.955,3.4985316,3.5951898
2016-11-28 16:00:00,0.53833336,1.1808435,1.3675064
2016-11-28 17:00:00,-0.5416667,-0.1258544,0.14256462
2016-11-28 18:00:00,-0.88666666,-2.0970206,-1.258461
2016-11-28 19:00:00,-1.2083334,-3.4665534,-1.6161348
2016-11-28 20:00:00,-1.6033334,-3.8836002,-2.0772321
2016-11-28 21:00:00,-1.695,-3.0666447,-1.9404461
2016-11-28 22:00:00,-1.84,-2.9189868,-2.3873272
2016-11-28 23:00:00,-3.395,-3.796544,-3.2221005
2016-11-29 00:00:00,-3.895,-4.548919,-3.6557033
2016-11-29 01:00:00,-4.2533336,-4.70081,-3.1616523
2016-11-29 02:00:00,-4.44,-4.379259,-3.1448257
2016-11-29 03:00:00,-5.0583334,-3.854268,-2.9112427
2016-11-29 04:00:00,-5.1883335,-3.8737817,-2.9571958
2016-11-29 05:00:00,-5.883333,-5.1468453,-5.324023
2016-11-29 06:00:00,-6.108333,-5.486316,-4.850134
2016-11-29 07:00:00,-6.5066667,-5.821731,-5.043383
2016-11-29 08:00:00,-6.826667,-5.5686426,-4.937878
2016-11-29 09:00:00,-6.3433332,-5.057465,-5.090611
2016-11-29 10:00:00,-4.72,-3.953487,-4.202877
2016-11-29 11:00:00,-3.49,-3.354459,-3.518649
2016-11-29 12:00:00,-2.0983334,-2.1435935,-2.2224882
2016-11-29 13:00:00,0.46666667,-0.7005776,-0.85286486
2016-11-29 14:00:00,1.3566667,0.26852885,-0.1494309
2016-11-29 15:00:00,1.2066667,1.0169404,0.6191049
2016-11-29 16:00:00,1.225,1.5287256,1.2657907
2016-11-29 17:00:00,-0.835,0.86233974,0.37540227
2016-11-29 18:00:00,-1.6666666,-0.7722198,-0.5464221
2016-11-29 19:00:00,-2.3866668,-0.8840064,-0.16527072
2016-11-29 20:00:00,-3.3233333,-2.2968976,-1.8663197
2016-11-29 21:00:00,-4.02,-3.1433382,-3.321328
2016-11-29 22:00:00,-4.5433335,-3.2027307,-3.6427205
2016-11-29 23:00:00,-5.2533336,-4.2013726,-4.562189
2016-11-30 00:00:00,-6.005,-4.525798,-4.307738
2016-11-30 01:00:00,-5.75,-4.4288473,-4.666535
2016-11-30 02:00:00,-5.785,-4.653048,-5.3885508
2016-11-30 03:00:00,-6.9183335,-5.271489,-5.801494
2016-11-30 04:00:00,-6.0583334,-6.0722513,-6.8735557
2016-11-30 05:00:00,-6.5,-6.900922,-6.607785
2016-11-30 06:00:00,-6.9766665,-7.223123,-6.413839
2016-11-30 07:00:00,-7.096667,-6.8517632,-5.3629546
2016-11-30 08:00:00,-6.4383335,-6.2216377,-5.452807
2016-11-30 09:00:00,-5.225,-6.1287417,-5.977514
2016-11-30 10:00:00,-5.0266666,-4.6726503,-3.6948478
2016-11-30 11:00:00,-2.85,-3.7600737,-4.180465
2016-11-30 12:00:00,-0.295,-2.3631046,-2.0711608
2016-11-30 13:00:00,3.3883333,-0.48270127,-0.66161335
2016-11-30 14:00:00,4.0233335,1.1346047,0.75787276
2016-11-30 15:00:00,3.6783333,2.3481936,1.7098213
2016-11-30 16:00:00,3.5266666,1.9575841,0.619715
2016-11-30 17:00:00,3.535,1.5904919,0.8251301
2016-11-30 18:00:00,3.33,1.0296189,0.645088
2016-11-30 19:00:00,3.3383334,-0.11547026,0.1298298
2016-11-30 20:00:00,3.495,-1.281807,-1.5247219
2016-11-30 21:00:00,3.2383332,-0.6188873,-0.52378356
2016-11-30 22:00:00,3.1933334,0.050087065,-0.35388812
2016-11-30 23:00:00,3.3766668,0.35649058,0.024261564
2016-12-01 00:00:00,3.4316666,0.48707125,0.26220003
2016-12-01 01:00:00,3.46,0.25692156,0.6684866
2016-12-01 02:00:00,3.7183332,1.5278933,2.3251128
2016-12-01 03:00:00,3.61,1.6058141,2.4263833
2016-12-01 04:00:00,3.5516667,2.3112795,2.488394
2016-12-01 05:00:00,3.7216666,3.3582587,3.6251216
2016-12-01 06:00:00,3.9183333,3.5940266,3.8249424
2016-12-01 07:00:00,4.1266665,3.7884266,3.8074253
2016-12-01 08:00:00,4.1583333,3.9785986,4.4014664
2016-12-01 09:00:00,4.265,4.2439127,4.733781
2016-12-01 10:00:00,4.6216664,4.6905975,5.1032567
2016-12-01 11:00:00,4.8783336,4.9341397,5.705536
2016-12-01 12:00:00,5.3616667,5.314132,6.0457006
2016-12-01 13:00:00,5.8316665,5.6201105,6.340986
2016-12-01 14:00:00,5.8766665,5.5537763,6.2570853
2016-12-01 15:00:00,6.108333,5.589945,6.1807027
2016-12-01 16:00:00,5.9133334,5.8734922,5.7121534
2016-12-01 17:00:00,5.8133335,5.520973,5.206714
2016-12-01 18:00:00,5.6633334,5.7649345,4.5930414
2016-12-01 19:00:00,5.616667,5.7468657,4.9765134
2016-12-01 20:00:00,5.905,5.3831673,4.737197
2016-12-01 21:00:00,5.931667,5.471163,4.851693
2016-12-01 22:00:00,5.923333,5.2993917,4.707141
2016-12-01 23:00:00,5.885,5.3833256,4.889457
2016-12-02 00:00:00,6.2916665,5.3934827,5.1766267
2016-12-02 01:00:00,5.738333,5.472694,5.2385736
2016-12-02 02:00:00,6.0983334,5.6452355,5.2342405
2016-12-02 03:00:00,5.7316666,5.552239,5.1014767
2016-12-02 04:00:00,5.975,5.5098677,5.2305007
2016-12-02 05:00:00,6.0933332,5.624972,5.561936
2016-12-02 06:00:00,5.9066668,5.996222,5.815998
2016-12-02 07:00:00,5.99,5.574447,5.544525
2016-12-02 08:00:00,5.261667,6.260428,5.9672947
2016-12-02 09:00:00,4.3966665,5.953964,5.8921485
2016-12-02 10:00:00,4.0433335,6.652914,6.42252
2016-12-02 11:00:00,4.5516667,6.8222704,6.8882236
2016-12-02 12:00:00,4.795,6.9750047,6.8728085
2016-12-02 13:00:00,5.475,7.0815277,6.930893
2016-12-02 14:00:00,5.025,5.708344,5.396584
2016-12-02 15:00:00,5.335,4.902695,4.2719393
2016-12-02 16:00:00,4.565,4.366927,4.0474606
2016-12-02 17:00:00,3.385,3.9929008,3.8309987
2016-12-02 18:00:00,2.1583333,3.3441138,3.0917752
2016-12-02 19:00:00,0.34,2.881135,2.686949
2016-12-02 20:00:00,-0.495,1.453877,1.2296816
2016-12-02 21:00:00,-1.28,1.0550562,0.83974934
2016-12-02 22:00:00,-1.92,-0.41013953,0.40271178
2016-12-02 23:00:00,-2.37,-1.9238257,-0.72384524
2016-12-03 00:00:00,-2.7416666,-2.5450754,-1.9453509
2016-12-03 01:00:00,-3.2416666,-3.0817916,-2.6482258
2016-12-03 02:00:00,-3.45,-2.8453772,-2.354046
2016-12-03 03:00:00,-3.7266667,-3.1415677,-2.8746822
2016-12-03 04:00:00,-4.28,-3.6272461,-3.4116368
2016-12-03 05:00:00,-4.358333,-4.5934205,-3.4273849
2016-12-03 06:00:00,-4.74,-4.8242607,-3.4101644
2016-12-03 07:00:00,-5.0866666,-5.010071,-3.5977664
2016-12-03 08:00:00,-5.141667,-4.937009,-3.171121
2016-12-03 09:00:00,-5.266667,-4.555241,-2.9335425
2016-12-03 10:00:00,-4.096667,-4.241746,-2.4965665
2016-12-03 11:00:00,-2.8416667,-2.9571283,-0.8641478
2016-12-03 12:00:00,-0.81333333,-1.6705699,-0.3203294
2016-12-03 13:00:00,1.0983334,-0.43845692,1.0223659
2016-12-03 14:00:00,2.7583334,1.1938732,2.4063134
2016-12-03 15:00:00,3.1483333,2.0418818,2.3951485
2016-12-03 16:00:00,2.3,2.59724,2.8857956
2016-12-03 17:00:00,0.46666667,1.5248861,1.9595536
2016-12-03 18:00:00,-0.81166667,0.32470024,1.6064484
2016-12-03 19:00:00,-1.7483333,-0.7145139,0.89321876
2016-12-03 20:00:00,-2.3916667,-0.93514013,0.1456497
2016-12-03 21:00:00,-2.95,-1.4882436,-1.1968968
2016-12-03 22:00:00,-3.7033334,-2.17641,-1.9668288
2016-12-03 23:00:00,-4.2083335,-3.4224236,-2.8009467
2016-12-04 00:00:00,-4.67,-3.4378152,-2.7573647
2016-12-04 01:00:00,-4.9566665,-3.3980298,-3.1462042
2016-12-04 02:00:00,-5.5066667,-3.216673,-3.2873335
2016-12-04 03:00:00,-6.0033336,-3.2986221,-3.7243712
2016-12-04 04:00:00,-6.1583333,-4.2098074,-4.338587
2016-12-04 05:00:00,-6.5183334,-4.6284895,-4.4099627
2016-12-04 06:00:00,-6.7516665,-5.106107,-4.675353
2016-12-04 07:00:00,-6.96,-5.3906994,-4.8756833
2016-12-04 08:00:00,-7.4183335,-5.771759,-5.344956
2016-12-04 09:00:00,-7.3433332,-5.7895947,-5.5061946
2016-12-04 10:00:00,-6.735,-4.891668,-4.45526
2016-12-04 11:00:00,-5.383333,-3.7542672,-3.936866
2016-12-04 12:00:00,-4.15,-2.5150478,-2.5659387
2016-12-04 13:00:00,-1.8966666,-1.2227899,-1.3919088
2016-12-04 14:00:00,0.83666664,-0.27177617,-0.54195404
2016-12-04 15:00:00,1.6683333,0.50465345,0.12068924
2016-12-04 16:00:00,1.11,0.66564786,0.09898354
2016-12-04 17:00:00,-0.35833332,0.6522605,-0.266283
2016-12-04 18:00:00,-1.3716667,-0.7340126,-1.4025563
2016-12-04 19:00:00,-2.3316667,-1.4596353,-1.1235943
2016-12-04 20:00:00,-2.93,-2.1653204,-1.4854298
2016-12-04 21:00:00,-3.715,-2.5043123,-2.2097197
2016-12-04 22:00:00,-4.733333,-3.093289,-3.4032664
2016-12-04 23:00:00,-5.265,-3.4302163,-3.8513749
2016-12-05 00:00:00,-5.4816666,-3.8637433,-3.5331492
2016-12-05 01:00:00,-5.9866667,-4.365446,-3.9857962
2016-12-05 02:00:00,-6.7266665,-4.392326,-3.885339
2016-12-05 03:00:00,-7.2366667,-4.479494,-4.5486965
2016-12-05 04:00:00,-7.4966664,-5.522517,-5.751666
2016-12-05 05:00:00,-7.5816665,-6.1561074,-5.4991727
2016-12-05 06:00:00,-7.665,-6.1518726,-5.364679
2016-12-05 07:00:00,-7.7566667,-6.5214376,-5.8901124
2016-12-05 08:00:00,-8.326667,-7.140217,-6.436366
2016-12-05 09:00:00,-8.108334,-7.1976995,-6.1118364
2016-12-05 10:00:00,-6.5633335,-7.0628023,-5.4282618
2016-12-05 11:00:00,-4.515,-6.107751,-4.592371
2016-12-05 12:00:00,-2.45,-5.182926,-3.5631328
2016-12-05 13:00:00,0.20166667,-4.0100555,-2.1109917
2016-12-05 14:00:00,2.6566668,-3.090738,-1.1891103
2016-12-05 15:00:00,3.815,-2.6333861,-1.0679827
2016-12-05 16:00:00,2.4483333,-1.8719671,-0.7957555
2016-12-05 17:00:00,0.37833333,-0.15689996,-0.17863026
2016-12-05 18:00:00,-0.865,0.09046222,-1.1232502
2016-12-05 19:00:00,-1.52,-0.67262805,-1.030229
2016-12-05 20:00:00,-2.4266667,-1.7611217,-0.83783317
2016-12-05 21:00:00,-3.4016666,-2.1704516,-1.2353352
2016-12-05 22:00:00,-3.8316667,-2.7846508,-2.9542308
2016-12-05 23:00:00,-4.2366667,-3.576092,-3.5712206
2016-12-06 00:00:00,-4.7533336,-3.865654,-3.1664526
2016-12-06 01:00:00,-5.4083333,-3.8879833,-3.6247222
2016-12-06 02:00:00,-5.4066668,-4.375561,-4.700312
2016-12-06 03:00:00,-6.0383334,-5.160854,-5.512805
2016-12-06 04:00:00,-6.38,-5.5575457,-5.280667
2016-12-06 05:00:00,-6.215,-5.52644,-5.6533847
2016-12-06 06:00:00,-6.605,-5.8307867,-5.7518415
2016-12-06 07:00:00,-7.5783334,-6.197687,-5.7422442
2016-12-06 08:00:00,-7.9016666,-5.9031014,-4.916225
2016-12-06 09:00:00,-7.5733333,-5.918631,-5.4285226
2016-12-06 10:00:00,-6.7733335,-5.382909,-4.162631
2016-12-06 11:00:00,-4.83,-4.3362875,-3.1427317
2016-12-06 12:00:00,-3.47,-3.0460463,-2.3037627
2016-12-06 13:00:00,-1.275,-2.0116682,-1.393899
2016-12-06 14:00:00,0.16833334,-0.79859567,-0.52783895
2016-12-06 15:00:00,1.1233333,-0.93572664,-0.8249259
2016-12-06 16:00:00,0.81333333,-0.48923257,-0.48712572
2016-12-06 17:00:00,-1.28,-0.33915517,-0.9916613
2016-12-06 18:00:00,-2.7433333,-1.7898552,-2.4731576
2016-12-06 19:00:00,-3.965,-2.8964226,-2.648405
2016-12-06 20:00:00,-4.5916667,-3.561905,-2.9057994
2016-12-06 21:00:00,-5.0033336,-2.9369185,-2.551216
2016-12-06 22:00:00,-5.508333,-2.9642532,-3.0259812
2016-12-06 23:00:00,-6.055,-4.186507,-4.685641
2016-12-07 00:00:00,-5.943333,-5.367284,-5.038237
2016-12-07 01:00:00,-6.455,-6.339391,-5.931843
2016-12-07 02:00:00,-7.0916667,-6.454731,-6.248266
2016-12-07 03:00:00,-7.68,-6.492875,-6.189608
2016-12-07 04:00:00,-7.4333334,-6.979437,-6.6257877
2016-12-07 05:00:00,-7.8333335,-7.4319487,-6.7615466
2016-12-07 06:00:00,-7.91,-7.764724,-6.1702743
2016-12-07 07:00:00,-8.265,-8.228245,-6.8616314
2016-12-07 08:00:00,-8.226666,-8.157301,-6.901894
2016-12-07 09:00:00,-8.291667,-7.726532,-6.977429
2016-12-07 10:00:00,-7.616667,-6.6696978,-5.237028
2016-12-07 11:00:00,-6.11,-5.650482,-4.8750134
2016-12-07 12:00:00,-3.5883334,-4.1211033,-3.2423089
2016-12-07 13:00:00,-1.0216666,-2.8295572,-2.148477
2016-12-07 14:00:00,-0.155,-1.4906971,-0.9456564
2016-12-07 15:00:00,0.57,-1.168467,-1.0427529
2016-12-07 16:00:00,1.1016667,-0.8927592,-0.9916351
2016-12-07 17:00:00,1.1383333,-0.4605303,-1.3084489
2016-12-07 18:00:00,1.21,0.21746324,-1.5304359
2016-12-07 19:00:00,1.0383333,0.014475614,-1.5396914
2016-12-07 20:00:00,1.2933333,-1.5697992,-1.6007236
2016-12-07 21:00:00,1.745,-1.4914982,-0.92767334
2016-12-07 22:00:00,1.4333333,-0.25717112,0.5345391
2016-12-07 23:00:00,1.5383333,0.2359244,0.8000084
2016-12-08 00:00:00,1.6133333,0.14843103,0.5945597
2016-12-08 01:00:00,1.88,0.38045338,1.0219694
2016-12-08 02:00:00,1.6983334,0.8678999,1.5992786
2016-12-08 03:00:00,2.0066667,1.3233318,1.8560976
2016-12-08 04:00:00,1.6,1.2064328,1.7122208
2016-12-08 05:00:00,1.39,1.3991377,1.9341625
2016-12-08 06:00:00,1.5983334,1.7611392,2.2806957
2016-12-08 07:00:00,1.115,2.0123863,2.4860263
2016-12-08 08:00:00,0.81666666,2.0814404,2.162498
2016-12-08 09:00:00,1.0783334,2.5335248,2.757861
2016-12-08 10:00:00,1.2233334,2.6314466,2.5439398
2016-12-08 11:00:00,3.4633334,3.0840583,3.0669522
2016-12-08 12:00:00,3.85,3.9409723,4.139101
2016-12-08 13:00:00,5.765,4.49588,4.2500587
2016-12-08 14:00:00,8.093333,4.7561097,4.685896
2016-12-08 15:00:00,8.388333,4.857889,4.6664557
2016-12-08 16:00:00,8.255,4.1970873,3.4842756
2016-12-08 17:00:00,6.5266666,5.235129,4.9945807
2016-12-08 18:00:00,4.7966666,3.5797105,2.7537718
2016-12-08 19:00:00,4.2033334,3.0268502,2.6076097
2016-12-08 20:00:00,3.6833334,3.2579095,2.7240937
2016-12-08 21:00:00,3.5066667,2.4023972,1.0127963
2016-12-08 22:00:00,3.7583334,1.6569457,0.27758056
2016-12-08 23:00:00,3.475,1.0903012,0.030137628
2016-12-09 00:00:00,3.4533334,0.230863,0.1640295
2016-12-09 01:00:00,3.17,0.4409589,0.459353
2016-12-09 02:00:00,2.4466667,0.83964825,0.54323614
2016-12-09 03:00:00,2.3716667,1.5866739,1.0143521
2016-12-09 04:00:00,2.9833333,2.021138,1.468868
2016-12-09 05:00:00,3.56,2.4542375,1.7493083
2016-12-09 06:00:00,3.9283333,2.7441235,2.3453758
2016-12-09 07:00:00,3.7366667,2.7598302,2.148266
2016-12-09 08:00:00,4.556667,2.4194434,1.7397053
2016-12-09 09:00:00,5.141667,2.8325438,2.245628
2016-12-09 10:00:00,6.475,3.971385,3.3737793
2016-12-09 11:00:00,7.8416667,5.1977606,4.7320795
2016-12-09 12:00:00,8.513333,6.713372,6.4728007
2016-12-09 13:00:00,8.848333,7.1730223,7.044266
2016-12-09 14:00:00,8.8133335,8.319593,8.521305
2016-12-09 15:00:00,8.56,8.530545,8.431227
2016-12-09 16:00:00,8.825,8.78078,8.649784
2016-12-09 17:00:00,8.0616665,8.475774,8.353791
2016-12-09 18:00:00,7.125,7.374559,7.7203064
2016-12-09 19:00:00,6.2683334,6.8218393,6.9931374
2016-12-09 20:00:00,5.766667,6.1561317,6.3672075
2016-12-09 21:00:00,5.4766665,6.005707,6.24867
2016-12-09 22:00:00,5.713333,6.377906,6.91422
2016-12-09 23:00:00,5.8016667,5.539292,6.0481935
2016-12-10 00:00:00,6.1316667,4.5391097,4.883843
2016-12-10 01:00:00,6.2883334,4.4646816,5.5134377
2016-12-10 02:00:00,6.011667,4.4892673,4.8713045
2016-12-10 03:00:00,5.45,4.559961,4.697969
2016-12-10 04:00:00,5.465,5.1581025,5.4595523
2016-12-10 05:00:00,5.25,5.307685,5.534946
2016-12-10 06:00:00,5.17,5.580846,5.789862
2016-12-10 07:00:00,3.6183333,5.9341297,6.4357524
2016-12-10 08:00:00,3.0333333,6.084845,6.2503715
2016-12-10 09:00:00,3.3233333,5.7061167,5.6826005
2016-12-10 10:00:00,5.5233335,6.256962,6.2747307
2016-12-10 11:00:00,7.838333,6.701266,6.596373
2016-12-10 12:00:00,10.103333,7.729971,7.691232
2016-12-10 13:00:00,11.5,7.197994,6.8345594
2016-12-10 14:00:00,11.625,8.574411,8.12499
2016-12-10 15:00:00,12.255,9.303387,8.777116
2016-12-10 16:00:00,11.2,10.31256,9.94438
2016-12-10 17:00:00,9.52,10.018829,9.496482
2016-12-10 18:00:00,8.6866665,8.815126,8.656224
2016-12-10 19:00:00,7.84,7.753915,7.550472
2016-12-10 20:00:00,7.16,6.158312,6.1406174
2016-12-10 21:00:00,6.535,5.867677,6.2713327
2016-12-10 22:00:00,5.653333,4.7169924,4.8700314
2016-12-10 23:00:00,5.5916667,3.6199,4.253582
2016-12-11 00:00:00,5.3616667,3.7812657,4.8330235
2016-12-11 01:00:00,5.12,4.514997,5.724727
2016-12-11 02:00:00,5.3716664,4.908072,5.636334
2016-12-11 03:00:00,5.431667,4.7689967,4.8902755
2016-12-11 04:00:00,6.435,4.374843,4.0698895
2016-12-11 05:00:00,6.0666666,4.467169,4.23199
2016-12-11 06:00:00,6.565,4.715183,4.6669073
2016-12-11 07:00:00,7.528333,4.855542,4.8011236
2016-12-11 08:00:00,7.685,5.750537,5.963964
2016-12-11 09:00:00,8.293333,6.430669,6.6759896
2016-12-11 10:00:00,8.705,7.904178,8.451712
2016-12-11 11:00:00,7.7483335,7.6430397,8.291968
2016-12-11 12:00:00,7.4216666,8.719396,9.27109
2016-12-11 13:00:00,7.415,9.015173,9.988786
2016-12-11 14:00:00,7.8516665,9.086324,10.079542
2016-12-11 15:00:00,7.8533335,9.363637,10.605923
2016-12-11 16:00:00,7.305,8.36319,8.858099
2016-12-11 17:00:00,6.555,6.445534,7.038385
2016-12-11 18:00:00,6.383333,6.0159187,6.1140685
2016-12-11 19:00:00,6.213333,5.8367524,6.217319
2016-12-11 20:00:00,6.255,5.761824,5.808535
2016-12-11 21:00:00,6.173333,5.930491,6.1504583
2016-12-11 22:00:00,6.056667,5.465702,5.760217
2016-12-11 23:00:00,5.4666667,5.076432,5.6022744
2016-12-12 00:00:00,5.7116666,4.984975,5.604243
2016-12-12 01:00:00,5.7366667,4.966093,5.5390105
2016-12-12 02:00:00,5.826667,5.043118,5.3683844
2016-12-12 03:00:00,5.6,4.6883154,5.3540325
2016-12-12 04:00:00,5.65,5.1648226,5.7360992
2016-12-12 05:00:00,5.891667,4.4272957,5.1588006
2016-12-12 06:00:00,5.988333,4.777507,5.378197
2016-12-12 07:00:00,6.09,4.895132,5.5559077
2016-12-12 08:00:00,6.25,5.0638084,5.5459814
2016-12-12 09:00:00,6.258333,5.183428,5.4455566
2016-12-12 10:00:00,6.135,5.541189,5.9056215
2016-12-12 11:00:00,6.355,6.290667,6.792433
2016-12-12 12:00:00,6.665,6.56289,7.2593427
2016-12-12 13:00:00,6.971667,7.0242777,7.7395067
2016-12-12 14:00:00,6.8033333,7.2750516,7.994773
2016-12-12 15:00:00,5.2033334,7.0131392,7.577471
2016-12-12 16:00:00,4.8333335,6.427664,6.8728538
2016-12-12 17:00:00,4.85,6.464649,6.7240505
2016-12-12 18:00:00,4.923333,6.2271724,6.4933324
2016-12-12 19:00:00,4.713333,6.180329,6.4976425
2016-12-12 20:00:00,4.306667,6.080545,6.5084653
2016-12-12 21:00:00,4.238333,3.5517728,3.829791
2016-12-12 22:00:00,4.076667,4.8728566,3.9706097
2016-12-12 23:00:00,3.8816667,4.5253778,4.254345
2016-12-13 00:00:00,3.66,4.380256,3.9395447
2016-12-13 01:00:00,3.1583333,4.271621,3.8229058
2016-12-13 02:00:00,3.1716666,3.5140162,3.691058
2016-12-13 03:00:00,2.985,3.3391545,3.5667756
2016-12-13 04:00:00,2.65,3.129357,3.6545098
2016-12-13 05:00:00,2.6316667,2.6701183,3.1761281
2016-12-13 06:00:00,2.6133332,2.5458827,3.0012243
2016-12-13 07:00:00,2.625,2.1138177,2.5071747
2016-12-13 08:00:00,2.475,2.502192,3.0226645
2016-12-13 09:00:00,2.535,2.6956766,3.010798
2016-12-13 10:00:00,2.7733333,2.9461682,3.145914
2016-12-13 11:00:00,3.2233334,3.6998734,3.809709
2016-12-13 12:00:00,4.2516665,4.049645,4.4331946
2016-12-13 13:00:00,4.59,4.7818203,5.418762
2016-12-13 14:00:00,5.056667,5.2121587,5.700959
2016-12-13 15:00:00,5.443333,5.7244825,6.218747
2016-12-13 16:00:00,5.115,5.534623,5.7152596
2016-12-13 17:00:00,4.7066665,5.4672933,5.269271
2016-12-13 18:00:00,4.495,5.0127425,5.032244
2016-12-13 19:00:00,4.258333,3.493243,3.506963
2016-12-13 20:00:00,4.201667,3.0735488,3.0061734
2016-12-13 21:00:00,4.17,2.9551997,2.9958277
2016-12-13 22:00:00,4.2366667,2.7699473,2.712879
2016-12-13 23:00:00,4.383333,2.6229763,2.9841604
2016-12-14 00:00:00,4.4783335,2.605457,3.2530353
2016-12-14 01:00:00,4.5866666,2.7660482,3.52752
2016-12-14 02:00:00,4.556667,3.2401047,3.828633
2016-12-14 03:00:00,4.4183335,3.4060018,3.8627732
2016-12-14 04:00:00,4.33,3.7075114,4.1997023
2016-12-14 05:00:00,4.29,4.104397,4.4956408
2016-12-14 06:00:00,4.39,4.217672,4.556956
2016-12-14 07:00:00,4.11,4.1980047,4.4688907
2016-12-14 08:00:00,4.1266665,4.017118,4.601435
2016-12-14 09:00:00,4.4783335,4.122128,4.9617534
2016-12-14 10:00:00,4.775,4.7857394,5.141759
2016-12-14 11:00:00,5.405,5.1909556,5.5354843
2016-12-14 12:00:00,5.3016667,5.6231475,6.3945637
2016-12-14 13:00:00,5.19,5.911243,6.6408286
2016-12-14 14:00:00,5.28,6.5269823,6.9269104
2016-12-14 15:00:00,5.265,6.4694595,7.421905
2016-12-14 16:00:00,5.0616665,6.930483,7.1575756
2016-12-14 17:00:00,4.855,6.289813,6.596846
2016-12-14 18:00:00,4.758333,5.031371,5.2095346
2016-12-14 19:00:00,4.7716665,3.8665848,4.4948654
2016-12-14 20:00:00,4.635,3.8216896,4.1798043
2016-12-14 21:00:00,4.415,3.6667023,4.1244636
2016-12-14 22:00:00,4.595,3.3642807,3.908849
2016-12-14 23:00:00,4.5233335,3.43926,3.7588303
2016-12-15 00:00:00,4.58,3.3320856,3.60192
2016-12-15 01:00:00,4.4583335,3.4969707,3.685082
2016-12-15 02:00:00,4.4783335,3.7970467,3.7975006
2016-12-15 03:00:00,4.5066667,3.6316535,4.3155646
2016-12-15 04:00:00,4.471667,4.1106777,4.22596
2016-12-15 05:00:00,4.6,3.7714345,3.9974954
2016-12-15 06:00:00,4.4983335,3.9326372,4.01122
2016-12-15 07:00:00,4.1066666,3.8979402,3.6354833
2016-12-15 08:00:00,3.75,4.2653747,3.908399
2016-12-15 09:00:00,3.7716668,3.8464863,4.4733677
2016-12-15 10:00:00,3.4533334,3.871319,4.1942654
2016-12-15 11:00:00,3.0633333,4.657605,4.545604
2016-12-15 12:00:00,3.075,4.484635,4.8487954
2016-12-15 13:00:00,3.0616667,4.1136956,4.644717
2016-12-15 14:00:00,2.8166666,4.0886226,4.7299004
2016-12-15 15:00:00,2.3433332,4.1883416,4.7812834
2016-12-15 16:00:00,1.7583333,3.6622746,4.0558033
2016-12-15 17:00:00,1.655,2.9682045,3.2146711
2016-12-15 18:00:00,1.865,2.7197275,2.9416676
2016-12-15 19:00:00,2.0866666,2.4659529,2.530015
2016-12-15 20:00:00,1.6583333,1.8038453,1.8745465
2016-12-15 21:00:00,1.1416667,1.2139797,0.9375309
2016-12-15 22:00:00,0.78333336,0.5573664,0.17081198
2016-12-15 23:00:00,0.6383333,0.6979333,0.34088254
2016-12-16 00:00:00,0.54333335,1.0184506,0.7668562
2016-12-16 01:00:00,0.37333333,1.2969358,1.11344
2016-12-16 02:00:00,0.32833335,0.55630946,0.62737143
2016-12-16 03:00:00,0.195,-0.07215461,0.1633995
2016-12-16 04:00:00,0.19666667,-0.24642679,0.06873271
2016-12-16 05:00:00,0.24,-0.26476148,-0.08782995
2016-12-16 06:00:00,0.23833333,-0.1312894,0.1961196
2016-12-16 07:00:00,-0.20833333,-0.28504327,-0.115727276
2016-12-16 08:00:00,-1.0483333,-0.07969555,0.025387675
2016-12-16 09:00:00,-1.5333333,-0.12118015,0.13076922
2016-12-16 10:00:00,-0.9816667,0.14590248,0.6288042
2016-12-16 11:00:00,0.12833333,0.72749245,1.1692492
2016-12-16 12:00:00,0.8983333,1.2335005,2.100858
2016-12-16 13:00:00,2.1116667,1.6045175,2.9335918
2016-12-16 14:00:00,2.8933334,1.7492903,3.4044707
2016-12-16 15:00:00,3.0233333,2.3338785,3.769109
2016-12-16 16:00:00,2.575,3.449792,3.7309494
2016-12-16 17:00:00,1.4466667,3.8649633,1.9568805
2016-12-16 18:00:00,0.45833334,2.1846595,-0.030899674
2016-12-16 19:00:00,-0.42666668,0.14379188,-0.34183893
2016-12-16 20:00:00,-0.87333333,-0.8819325,-0.4056712
2016-12-16 21:00:00,-1.0133333,-1.2506981,-0.84933877
2016-12-16 22:00:00,-1.4316666,-1.2645872,-1.3532808
2016-12-16 23:00:00,-1.83,-1.7726722,-1.4360182
2016-12-17 00:00:00,-2.675,-2.3702478,-1.5459645
2016-12-17 01:00:00,-3.3366666,-2.7331772,-1.903058
2016-12-17 02:00:00,-4.0033336,-2.9668794,-1.6097963
2016-12-17 03:00:00,-3.86,-2.9452572,-1.408535
2016-12-17 04:00:00,-4.395,-3.4754615,-1.9595425
2016-12-17 05:00:00,-4.6583333,-3.9861565,-2.7244833
2016-12-17 06:00:00,-4.9816666,-5.049235,-3.631595
2016-12-17 07:00:00,-5.245,-5.378633,-3.83698
2016-12-17 08:00:00,-5.233333,-5.8010173,-3.5260065
2016-12-17 09:00:00,-4.9733334,-5.2399855,-3.178177
2016-12-17 10:00:00,-4.056667,-4.2750077,-3.0901592
2016-12-17 11:00:00,-2.1466668,-2.820611,-1.6643484
2016-12-17 12:00:00,-0.6816667,-1.1043888,-0.5236684
2016-12-17 13:00:00,1.2466667,0.4946634,0.8845155
2016-12-17 14:00:00,2.9266667,2.1319106,1.7974225
2016-12-17 15:00:00,2.2933333,3.274643,2.325533
2016-12-17 16:00:00,2.175,3.6545458,2.6205564
2016-12-17 17:00:00,1.94,2.8984876,1.9157628
2016-12-17 18:00:00,1.345,0.6909332,0.42690292
2016-12-17 19:00:00,0.9116667,-0.34523532,0.1978571
2016-12-17 20:00:00,1.245,-0.95638204,-0.18390915
2016-12-17 21:00:00,0.86,-2.3521447,-1.7717991
2016-12-17 22:00:00,1.0766667,-2.302464,-1.5560474
2016-12-17 23:00:00,1.285,-1.6950481,-1.8111339
2016-12-18 00:00:00,1.1933334,-1.5601676,-1.4953662
2016-12-18 01:00:00,1.0966667,-1.5703264,-1.4262378
2016-12-18 02:00:00,1.1183333,-1.0053893,-0.47657427
2016-12-18 03:00:00,1.4183333,-0.90787244,-0.7266028
2016-12-18 04:00:00,1.1616666,-0.5670669,0.0767017
2016-12-18 05:00:00,1.445,-0.29816404,0.3969021
2016-12-18 06:00:00,1.7816666,-0.45078698,0.2428834
2016-12-18 07:00:00,1.745,-0.63979673,0.79098535
2016-12-18 08:00:00,1.2833333,-0.5177758,1.2825316
2016-12-18 09:00:00,1.2866666,0.16971532,2.0751617
2016-12-18 10:00:00,1.5133333,0.42562047,2.1605158
2016-12-18 11:00:00,1.9716667,1.6938245,3.2534494
2016-12-18 12:00:00,4.1516666,2.8291266,3.7725222
2016-12-18 13:00:00,4.846667,3.2550168,4.4279394
2016-12-18 14:00:00,4.845,3.472826,4.3106413
2016-12-18 15:00:00,4.4616666,4.233492,4.648221
2016-12-18 16:00:00,4.2716665,4.7385645,4.4798055
2016-12-18 17:00:00,4.1233335,4.376782,3.929691
2016-12-18 18:00:00,3.8116667,5.410096,4.8197336
2016-12-18 19:00:00,3.7166667,3.8023772,3.0507185
2016-12-18 20:00:00,3.56,2.7222888,2.2391162
2016-12-18 21:00:00,3.5866666,2.751155,3.0441298
2016-12-18 22:00:00,3.5633333,2.949487,3.9351828
2016-12-18 23:00:00,3.565,2.9192,3.585993
2016-12-19 00:00:00,3.3466666,3.0392318,3.1491427
2016-12-19 01:00:00,3.2333333,3.1938782,3.4522367
2016-12-19 02:00:00,3.0833333,3.2457783,3.3897998
2016-12-19 03:00:00,2.88,3.2754638,3.461721
2016-12-19 04:00:00,2.8916667,3.3859456,3.2982001
2016-12-19 05:00:00,2.7233334,3.2159376,3.187138
2016-12-19 06:00:00,2.675,2.8326042,3.0072007
2016-12-19 07:00:00,2.74,2.8510246,3.2436097
2016-12-19 08:00:00,2.7233334,2.910117,3.4483364
2016-12-19 09:00:00,2.7283332,2.7143795,3.3052678
2016-12-19 10:00:00,2.82,2.7172885,3.549502
2016-12-19 11:00:00,3.215,2.905238,3.8140767
2016-12-19 12:00:00,3.28,3.396416,4.4204307
2016-12-19 13:00:00,3.1466668,4.103906,5.401987
2016-12-19 14:00:00,3.185,4.69963,5.993272
2016-12-19 15:00:00,3.1283333,4.779639,5.5493913
2016-12-19 16:00:00,3.05,4.8060455,5.050965
2016-12-19 17:00:00,3.0233333,4.2280993,4.776082
2016-12-19 18:00:00,2.8916667,2.07932,2.9057307
2016-12-19 19:00:00,2.6766667,0.6523217,1.2767161
2016-12-19 20:00:00,2.0866666,0.2986085,0.9610621
2016-12-19 21:00:00,1.495,0.101712674,0.687438
2016-12-19 22:00:00,0.665,-0.03223726,0.44035715
2016-12-19 23:00:00,-0.20833333,0.0046331584,0.40104315
2016-12-20 00:00:00,-1.02,0.047879547,0.57305264
2016-12-20 01:00:00,-1.5083333,0.44012806,1.1828763
2016-12-20 02:00:00,-1.9366666,0.4466118,0.77698225
2016-12-20 03:00:00,-2.1433334,0.22604391,0.13051614
2016-12-20 04:00:00,-2.275,-0.47847334,-1.1789122
2016-12-20 05:00:00,-1.845,-1.2887665,-1.9258513
2016-12-20 06:00:00,-1.2833333,-2.646874,-2.6803186
2016-12-20 07:00:00,-0.92,-3.1414762,-2.6397474
2016-12-20 08:00:00,-0.7133333,-3.6623878,-2.9728112
2016-12-20 09:00:00,-0.39666668,-3.866516,-2.6437657
2016-12-20 10:00:00,0.09166667,-2.6459332,-1.3432527
2016-12-20 11:00:00,0.39833334,-1.1842048,-0.084516674
2016-12-20 12:00:00,1.27,0.3540641,1.4305216
2016-12-20 13:00:00,2.3066666,1.0776068,2.3365426
2016-12-20 14:00:00,3.445,1.902541,3.1567245
2016-12-20 15:00:00,2.4833333,2.9602137,3.7706428
2016-12-20 16:00:00,0.75,3.728989,4.1055684
2016-12-20 17:00:00,-0.6616667,3.3578558,3.259663
2016-12-20 18:00:00,-0.785,2.2303972,1.5382422
2016-12-20 19:00:00,-0.98833334,0.65265226,0.8523389
2016-12-20 20:00:00,-1.4133333,-0.67124295,0.3451923
2016-12-20 21:00:00,-1.9216666,-1.7467337,-0.7920797
2016-12-20 22:00:00,-2.025,-3.1082761,-1.7646797
2016-12-20 23:00:00,-2.405,-3.993319,-1.6535542
2016-12-21 00:00:00,-2.5516667,-2.624527,-0.71497214
2016-12-21 01:00:00,-2.7983334,-1.3965605,-1.5422308
2016-12-21 02:00:00,-3.105,-1.5301286,-1.4222345
2016-12-21 03:00:00,-3.7416666,-2.6226733,-2.254484
2016-12-21 04:00:00,-4.3033333,-2.8281631,-2.3662968
2016-12-21 05:00:00,-4.7766666,-2.9609919,-2.8538022
2016-12-21 06:00:00,-4.786667,-2.7281287,-2.8368332
2016-12-21 07:00:00,-4.7166667,-3.050584,-3.2401273
2016-12-21 08:00:00,-4.491667,-3.1612442,-3.3392742
2016-12-21 09:00:00,-4.445,-4.004242,-3.9880817
2016-12-21 10:00:00,-3.81,-3.8711705,-3.879152
2016-12-21 11:00:00,-1.905,-3.2062812,-3.2516422
2016-12-21 12:00:00,-0.67833334,-2.44961,-2.238995
2016-12-21 13:00:00,1.5966667,-0.8850044,-0.638744
2016-12-21 14:00:00,3.3433332,0.6589713,0.39155385
2016-12-21 15:00:00,4.0183334,1.1608375,0.53596735
2016-12-21 16:00:00,2.6883333,1.2735649,0.5248835
2016-12-21 17:00:00,1.5866667,1.563118,0.89214754
2016-12-21 18:00:00,0.5283333,-0.2925898,0.03688118
2016-12-21 19:00:00,-0.49333334,-0.3854551,0.46600154
2016-12-21 20:00:00,-1.0816667,-0.0449706,0.41566652
2016-12-21 21:00:00,-1.6883334,0.2846944,-0.29780242
2016-12-21 22:00:00,-2.0366666,-0.3711203,-1.8991454
2016-12-21 23:00:00,-2.4116666,-0.9604838,-1.75277
2016-12-22 00:00:00,-2.49,-1.1369958,-1.4726226
2016-12-22 01:00:00,-2.4266667,-1.4582516,-1.801291
2016-12-22 02:00:00,-2.325,-1.6346374,-1.8319597
2016-12-22 03:00:00,-2.2983334,-1.7877517,-1.8359468
2016-12-22 04:00:00,-1.8966666,-1.8937261,-1.7100215
2016-12-22 05:00:00,-1.9883333,-1.9807281,-1.7524016
2016-12-22 06:00:00,-2.1566668,-1.770128,-1.3390822
2016-12-22 07:00:00,-2.2116666,-1.4644146,-0.9651158
2016-12-22 08:00:00,-2.5183334,-1.2028677,-1.082359
2016-12-22 09:00:00,-2.2583334,-1.089695,-1.3516822
2016-12-22 10:00:00,-1.79,-0.4325836,-0.44994673
2016-12-22 11:00:00,0.11666667,0.19158098,0.21284136
2016-12-22 12:00:00,1.9083333,1.052392,1.2526933
2016-12-22 13:00:00,2.8866668,1.8312273,1.9882958
2016-12-22 14:00:00,3.235,2.3752818,2.5694768
2016-12-22 15:00:00,3.4316666,3.6135035,3.3275366
2016-12-22 16:00:00,2.6883333,3.5996745,2.8822267
2016-12-22 17:00:00,2.4333334,4.118457,2.7806022
2016-12-22 18:00:00,2.0116668,3.430955,1.8585261
2016-12-22 19:00:00,1.24,1.9722382,0.7925019
2016-12-22 20:00:00,0.67333335,1.3042723,0.3592899
2016-12-22 21:00:00,0.38833332,1.1998153,0.2773289
2016-12-22 22:00:00,0.31833333,1.1235051,0.43198282
2016-12-22 23:00:00,0.36166668,0.8418335,1.0186545
2016-12-23 00:00:00,0.53333336,0.8744272,1.0301332
2016-12-23 01:00:00,0.5183333,0.6234709,1.2896212
2016-12-23 02:00:00,0.53,0.8995683,1.2155284
2016-12-23 03:00:00,0.49666667,1.1035094,1.3929762
2016-12-23 04:00:00,0.785,1.1517909,1.4056123
2016-12-23 05:00:00,0.875,1.1124592,1.2229644
2016-12-23 06:00:00,1.1616666,1.1611732,1.2062485
2016-12-23 07:00:00,0.95166665,0.9548528,1.2329419
2016-12-23 08:00:00,0.995,1.102919,1.32639
2016-12-23 09:00:00,0.33,1.269626,1.3331497
2016-12-23 10:00:00,0.39833334,1.3563484,1.8338469
2016-12-23 11:00:00,1.98,1.7070687,2.237758
2016-12-23 12:00:00,2.9583333,2.6717215,3.1374018
2016-12-23 13:00:00,4.3216667,2.9999561,3.4793787
2016-12-23 14:00:00,4.8483334,3.6363702,4.2248907
2016-12-23 15:00:00,5.085,3.7662673,4.274251
2016-12-23 16:00:00,3.9766667,4.3348837,4.4871187
2016-12-23 17:00:00,2.4566667,5.038343,4.347205
2016-12-23 18:00:00,1.08,4.112878,2.885692
2016-12-23 19:00:00,-0.065,3.6113274,2.37894
2016-12-23 20:00:00,-0.535,3.0202446,1.3041617
2016-12-23 21:00:00,-1.01,3.0588531,0.47853172
2016-12-23 22:00:00,-0.8016667,2.1340322,-0.35469767
2016-12-23 23:00:00,-0.935,0.51038504,-0.77641356
2016-12-24 00:00:00,-0.69666666,0.09698203,-0.92006564
2016-12-24 01:00:00,0.12,-0.19714049,-1.1587249
2016-12-24 02:00:00,0.63166666,-0.27727988,-1.0104069
2016-12-24 03:00:00,1.515,-0.46687707,-1.2774278
2016-12-24 04:00:00,2.8,-0.029461533,-0.53466403
2016-12-24 05:00:00,3.5,-0.29558936,-0.78929067
2016-12-24 06:00:00,4.2283335,-0.13230824,-0.07740775
2016-12-24 07:00:00,4.6866665,0.25358912,0.3396451
2016-12-24 08:00:00,5.0433335,0.7659428,0.66187847
2016-12-24 09:00:00,4.765,2.2457178,2.6786206
2016-12-24 10:00:00,4.4483333,3.9127448,4.3616605
2016-12-24 11:00:00,4.883333,4.8470216,5.1046925
2016-12-24 12:00:00,5.49,6.0970173,6.358541
2016-12-24 13:00:00,6.3116665,6.9218097,6.9790444
2016-12-24 14:00:00,6.0866666,7.3051276,6.9917774
2016-12-24 15:00:00,6.491667,7.1002264,6.539104
2016-12-24 16:00:00,6.005,6.6982007,5.959332
2016-12-24 17:00:00,5.318333,6.94184,5.7823076
2016-12-24 18:00:00,5.3416667,7.075909,6.079848
2016-12-24 19:00:00,5.3133335,7.225857,6.355914
2016-12-24 20:00:00,5.21,6.427766,5.8520207
2016-12-24 21:00:00,5.1,6.295619,5.6872015
2016-12-24 22:00:00,5.275,5.318822,4.8834105
2016-12-24 23:00:00,5.6716666,4.726649,4.5817475
2016-12-25 00:00:00,5.7883334,4.5458875,4.4166555
2016-12-25 01:00:00,5.9333334,4.3424807,4.0560994
2016-12-25 02:00:00,6.2433333,4.747057,4.2666893
2016-12-25 03:00:00,6.173333,4.4831004,4.4634714
2016-12-25 04:00:00,6.3333335,5.3700876,5.3510537
2016-12-25 05:00:00,6.298333,6.1370854,6.0242023
2016-12-25 06:00:00,6.4416666,6.17183,6.0446444
2016-12-25 07:00:00,6.69,6.3424454,6.3328195
2016-12-25 08:00:00,6.8083334,6.6030126,6.683163
2016-12-25 09:00:00,7.233333,6.4514174,6.430327
2016-12-25 10:00:00,7.2733335,7.032792,7.0379734
2016-12-25 11:00:00,7.4783335,6.982804,7.054456
2016-12-25 12:00:00,7.84,7.9392014,7.982977
2016-12-25 13:00:00,8.486667,8.397502,8.641541
2016-12-25 14:00:00,8.766666,8.118409,8.304426
2016-12-25 15:00:00,8.81,8.419058,8.738215
2016-12-25 16:00:00,8.661667,8.234358,8.100003
2016-12-25 17:00:00,8.815,8.008549,7.269025
2016-12-25 18:00:00,9.07,7.624304,7.2821913
2016-12-25 19:00:00,9.05,8.144011,7.8866367
2016-12-25 20:00:00,9.3,7.637022,7.392146
2016-12-25 21:00:00,9.268333,7.6880674,7.4156075
2016-12-25 22:00:00,9.023334,7.7693515,7.66358
2016-12-25 23:00:00,8.716666,7.8306365,7.918412
2016-12-26 00:00:00,8.946667,8.487669,8.217953
2016-12-26 01:00:00,8.891666,8.690009,8.520385
2016-12-26 02:00:00,8.98,8.943832,8.718899
2016-12-26 03:00:00,8.956667,8.554597,8.376391
2016-12-26 04:00:00,8.998333,8.199203,8.040882
2016-12-26 05:00:00,9.091666,7.9089127,7.8126884
2016-12-26 06:00:00,8.988334,8.101032,8.121604
2016-12-26 07:00:00,8.886666,7.985366,8.095963
2016-12-26 08:00:00,8.613334,8.043005,8.207399
2016-12-26 09:00:00,8.463333,8.559108,8.80695
2016-12-26 10:00:00,8.783334,9.239132,9.207575
2016-12-26 11:00:00,9.353333,9.828285,9.844796
2016-12-26 12:00:00,10.163333,10.655471,10.762038
2016-12-26 13:00:00,10.465,11.612065,11.476055
2016-12-26 14:00:00,10.895,10.710044,10.83661
2016-12-26 15:00:00,6.6516666,11.086059,11.06
2016-12-26 16:00:00,5.8133335,11.133902,10.716235
2016-12-26 17:00:00,5.5066667,10.414317,10.092635
2016-12-26 18:00:00,5.23,10.150912,9.997983
2016-12-26 19:00:00,5.738333,9.287524,9.256205
2016-12-26 20:00:00,5.0933332,9.278088,9.229901
2016-12-26 21:00:00,4.625,3.5739186,4.260496
2016-12-26 22:00:00,4.2266665,3.438732,3.3350573
2016-12-26 23:00:00,3.88,2.4244921,3.3601139
2016-12-27 00:00:00,3.455,2.7710893,3.9450681
2016-12-27 01:00:00,3.45,3.187628,4.2897506
2016-12-27 02:00:00,3.515,2.1472201,3.3803189
2016-12-27 03:00:00,3.7016666,1.1935517,2.4663355
2016-12-27 04:00:00,3.9433334,1.0807523,2.2353752
2016-12-27 05:00:00,4.26,0.8207501,1.9394317
2016-12-27 06:00:00,4.2766666,0.9321073,1.953287
2016-12-27 07:00:00,4.2683334,1.544445,2.514783
2016-12-27 08:00:00,4.3233333,2.2690349,3.0668812
2016-12-27 09:00:00,4.5,2.9057782,3.277005
2016-12-27 10:00:00,4.931667,3.434133,3.8316994
2016-12-27 11:00:00,5.6216664,4.3812084,4.8107924
2016-12-27 12:00:00,5.665,4.6933928,5.3803716
2016-12-27 13:00:00,5.8966665,5.5529785,5.9186635
2016-12-27 14:00:00,6.261667,5.9035845,6.3820558
2016-12-27 15:00:00,6.3166666,5.996806,6.074782
2016-12-27 16:00:00,6.17,5.7444987,5.4947543
2016-12-27 17:00:00,5.995,5.582757,5.6817966
2016-12-27 18:00:00,5.8816667,5.105842,4.7195783
2016-12-27 19:00:00,6.24,4.8151283,4.3675084
2016-12-27 20:00:00,6.2933335,5.0773787,4.623512
2016-12-27 21:00:00,6.2316666,4.4003096,4.3127522
2016-12-27 22:00:00,6.108333,4.277275,4.3739624
2016-12-27 23:00:00,6.258333,4.1646833,4.460598
2016-12-28 00:00:00,6.255,4.4401116,4.6794786
2016-12-28 01:00:00,6.26,4.656165,4.8544903
2016-12-28 02:00:00,6.1483335,4.674055,4.7967515
2016-12-28 03:00:00,5.985,4.6294427,4.6585975
2016-12-28 04:00:00,5.5866666,4.759157,4.711371
2016-12-28 05:00:00,5.346667,4.675868,4.7541494
2016-12-28 06:00:00,5.088333,4.5641937,4.512714
2016-12-28 07:00:00,4.6766667,5.003679,4.6486907
2016-12-28 08:00:00,4.6783333,4.816386,4.7369123
2016-12-28 09:00:00,4.77,4.749161,4.9255285
2016-12-28 10:00:00,4.98,4.376227,4.969381
2016-12-28 11:00:00,5.2066665,4.5772476,5.518789
2016-12-28 12:00:00,5.53,5.3456583,6.408694
2016-12-28 13:00:00,5.7633333,5.43429,6.816665
2016-12-28 14:00:00,5.318333,5.4747987,7.1390615
2016-12-28 15:00:00,5.2266665,5.4440327,7.0799103
2016-12-28 16:00:00,4.9466667,5.82847,6.7553444
2016-12-28 17:00:00,4.6633334,5.726007,5.725901
2016-12-28 18:00:00,4.516667,5.1574893,5.0548472
2016-12-28 19:00:00,4.1483335,4.820633,4.337876
2016-12-28 20:00:00,3.8066666,4.209356,4.055749
2016-12-28 21:00:00,3.6083333,4.057614,4.211022
2016-12-28 22:00:00,3.5133333,4.0677233,4.10161
2016-12-28 23:00:00,3.5433333,3.7001746,3.3945792
2016-12-29 00:00:00,3.515,3.48587,3.2907717
2016-12-29 01:00:00,3.4383333,3.2732115,3.0871832
2016-12-29 02:00:00,3.3766668,3.1042733,2.841598
2016-12-29 03:00:00,3.3783333,3.0549126,2.8776927
2016-12-29 04:00:00,3.2516668,2.9762464,2.6404457
2016-12-29 05:00:00,3.0983334,3.313369,2.6267004
2016-12-29 06:00:00,2.9183333,3.4492502,2.5485556
2016-12-29 07:00:00,2.595,3.7049944,2.4162571
2016-12-29 08:00:00,2.6316667,3.5702822,2.5362442
2016-12-29 09:00:00,2.6883333,3.4017494,2.614087
2016-12-29 10:00:00,2.8416667,3.6311464,2.998164
2016-12-29 11:00:00,3.2833333,3.7319193,3.5789146
2016-12-29 12:00:00,3.4183333,3.741301,3.9414473
2016-12-29 13:00:00,3.715,3.7452996,4.6380134
2016-12-29 14:00:00,3.8866668,4.5845966,5.742363
2016-12-29 15:00:00,4.1033335,5.4312196,5.87651
2016-12-29 16:00:00,4.4166665,5.5191183,5.674956
2016-12-29 17:00:00,4.12,5.155556,5.0767984
2016-12-29 18:00:00,3.965,3.5830026,3.4588635
2016-12-29 19:00:00,3.04,2.2382576,2.7608142
2016-12-29 20:00:00,1.8866667,1.5350904,2.1858985
2016-12-29 21:00:00,0.49166667,1.3411689,1.6851833
2016-12-29 22:00:00,-0.6016667,1.5303116,1.3198801
2016-12-29 23:00:00,-1.025,1.5452113,0.6331233
2016-12-30 00:00:00,-1.5783334,1.2372313,-0.040226847
2016-12-30 01:00:00,-2.0333333,0.97267735,-0.9438908
2016-12-30 02:00:00,-2.53,0.2655075,-1.8136156
2016-12-30 03:00:00,-2.7366667,-1.002147,-2.8662896
2016-12-30 04:00:00,-3.2333333,-1.6096959,-3.2766259
2016-12-30 05:00:00,-3.165,-1.955811,-3.141973
2016-12-30 06:00:00,-3.4583333,-2.656682,-3.4542549
2016-12-30 07:00:00,-3.9,-2.9419875,-3.392976
2016-12-30 08:00:00,-4.3733335,-3.1785855,-3.5628245
2016-12-30 09:00:00,-4.5466666,-3.0063384,-2.7678335
2016-12-30 10:00:00,-4.4816666,-2.6875134,-2.7560961
2016-12-30 11:00:00,-3.39,-1.9970407,-1.5241549
2016-12-30 12:00:00,-1.9333333,-0.93722177,-0.93484807
2016-12-30 13:00:00,-0.44166666,0.12888128,0.08936378
2016-12-30 14:00:00,1.1433333,0.8908812,0.7703655
2016-12-30 15:00:00,3.145,1.4119059,1.1058115
2016-12-30 16:00:00,3.5,1.9580984,0.9623897
2016-12-30 17:00:00,2.4433334,2.2239995,0.58893526
2016-12-30 18:00:00,1.3066666,2.3551383,0.49342942
2016-12-30 19:00:00,-0.18333334,1.4644797,0.24272421
2016-12-30 20:00:00,-1.38,0.7652265,0.8879595
2016-12-30 21:00:00,-2.1266668,1.811876,2.492026
2016-12-30 22:00:00,-2.3266666,0.51064026,0.36031285
2016-12-30 23:00:00,-2.86,-0.49538514,-0.70857024
2016-12-31 00:00:00,-3.7716668,-1.3361871,-1.6553236
2016-12-31 01:00:00,-4.1516666,-3.0046837,-3.6003654
2016-12-31 02:00:00,-4.73,-3.7678638,-3.7932103
2016-12-31 03:00:00,-5.136667,-4.2907257,-4.3136497
2016-12-31 04:00:00,-4.195,-4.9080944,-4.885034
2016-12-31 05:00:00,-4.866667,-5.4038053,-5.2883253
2016-12-31 06:00:00,-5.0016665,-6.2592483,-5.87466
2016-12-31 07:00:00,-5.575,-6.4569645,-5.4436526
2016-12-31 08:00:00,-6.3516665,-6.7304406,-5.7080393
2016-12-31 09:00:00,-6.5733333,-6.419113,-4.917921
2016-12-31 10:00:00,-5.9283333,-5.2579784,-3.3917854
2016-12-31 11:00:00,-4.403333,-4.290269,-3.9233139
2016-12-31 12:00:00,-2.2983334,-2.653935,-1.3452706
2016-12-31 13:00:00,0.69,-1.4060346,-0.9625151
2016-12-31 14:00:00,2.9433334,-0.47514185,0.19110274
2016-12-31 15:00:00,4.805,0.141242,0.4410258
2016-12-31 16:00:00,4.0666666,0.8147241,0.58462954
2016-12-31 17:00:00,1.8733333,1.0438966,-0.084694445
2016-12-31 18:00:00,0.43666667,0.2539384,-0.7557231
2016-12-31 19:00:00,-1.1,-0.014493614,-0.025524884
2016-12-31 20:00:00,-1.4383334,-0.7328985,-0.25722936
2016-12-31 21:00:00,-2.765,-1.1295972,-0.12031308
2016-12-31 22:00:00,-2.57,-2.1192007,-1.6747262
2016-12-31 23:00:00,-3.7483332,-3.2225695,-2.9920015
2017-01-01 00:00:00,-3.9233334,-3.4876378,-2.7930288
