id,comment,label,true_label_id,true_label,predicted_label_id,predicted_label,probability_Negative,probability_Neutral,probability_Positive
3983,"Menurut saya, bagaimana tindak lanjut pemerintah jika ada sekolah yang belum terjangkau fasilitas pendukung distribusi makanan?",Neutral,1,Neutral,1,Neutral,0.051580112,0.8778183,0.07060163
1564,Sapi perah tu punya orang kaya Cok... Kok bilang rakyat kecil... Rakyat kecil menderita gara gara program ini... Dampak MBG membuat banyak kebutuhan hidup sehari hari harganya jadi naik tinggi.. nyari uang sekarang tambah sulit...,Negative,0,Negative,0,Negative,0.9659661,0.014451534,0.019582376
1325,DPR bukan wakil rakyat tp wakil partai n penguasa adalah wakil Oligarki,Negative,0,Negative,1,Neutral,0.19919708,0.7407888,0.060014077
5049,@KANG DEDI MULYADI,Neutral,1,Neutral,1,Neutral,0.04117126,0.8752298,0.08359903
3670,"Harus diakui, perlu audit forensik terhadap anggaran pengadaan makanan MBG agar tidak ada manipulasi data penerima.",Negative,0,Negative,0,Negative,0.9780698,0.0018911897,0.0200391
2596,"di salatiga gitu kok, tetangga saya ada yang jadi supplier ayam juga biasanya cuma jualan di pasar",Neutral,1,Neutral,1,Neutral,0.065785795,0.85056394,0.08365024
4692,"Terimaksih bang sudah mewakilkan kata kata nya, memang benar seperti itu kenyataannya",Neutral,1,Neutral,2,Positive,0.004519415,0.001001865,0.9944787
1167,Mbg ga guna,Negative,0,Negative,0,Negative,0.98309237,0.002915979,0.013991606
5358,"Melihat fakta di lapangan, menu makanan yang diberikan terasa monoton dan kurang segar, sehingga banyak makanan yang akhirnya terbuang sia-sia.",Negative,0,Negative,0,Negative,0.979765,0.0015752654,0.018659685
1397,"Bisnis warteg/resto: revenue buat BEP + ekspansi + untung pemilik (bbrp rmh gedong, bbrp mobil mewah, ga kekurangan duit). BGN kudu bs pk anggaran jumbo kyk warteg/resto berskala nasional: revenue buat BEP + ekspansi + CSR (MBG anak sekolah sekitar). Pola begini lbh elegan: duit negara tetep utuh, zero keracunan, zero korupsi, petani/peternak/nelayan hepi, nyerap banyak tenaga kerja, dan ga bikin ribet rakyat gegera ketiban pajak tambahan, Bang 🙏",Negative,0,Negative,0,Negative,0.9768763,0.0020545241,0.021069143
871,Tujuan MBG kan supaya timses gerindra dapat bancakan untuk dana pemilu,Negative,0,Negative,0,Negative,0.97871315,0.0067490605,0.014537792
1741,Penjadwalan waktu makan siang di sekolah sebaiknya disesuaikan dengan jam istirahat agar tidak mengganggu jam belajar.,Neutral,1,Neutral,1,Neutral,0.04033942,0.885324,0.07433655
2848,1000% gue setuju dgn pak petani ini,Positive,2,Positive,2,Positive,0.0095954975,0.0008862015,0.98951834
3237,"Parah parah ,,program penuh korupsi bangke",Negative,0,Negative,0,Negative,0.9780949,0.0015724571,0.020332675
3646,chef coba bkin nasi subut ala sndri,Neutral,1,Neutral,1,Neutral,0.03765888,0.88287634,0.07946479
313,Ini yang gua cari,Neutral,1,Neutral,1,Neutral,0.037464246,0.8806301,0.08190565
86,"@idai_ig ini udah kasih surat terbuka loh,libat kan mereka.",Neutral,1,Neutral,1,Neutral,0.029233666,0.8955228,0.075243585
1953,Memang benar bahwa diharapkan ada saluran pengaduan resmi jika pihak sekolah menemukan kendala terkait kualitas makanan MBG.,Neutral,1,Neutral,1,Neutral,0.02511432,0.9095054,0.06538024
4330,weeee trnyata GK merata keuntungan buat petani. disini bnyk petani mana GK ada yg bilang bnyk untung ke Dapur MBG. gak ada,Neutral,1,Neutral,1,Neutral,0.041265387,0.8809489,0.077785686
4867,mbg merusak harga,Negative,0,Negative,0,Negative,0.9776528,0.0019842815,0.02036295
1900,"sehat sehat bg, smoga aman selalu",Positive,2,Positive,2,Positive,0.004151893,0.010881283,0.9849668
148,Takut ditembak opm,Neutral,1,Neutral,1,Neutral,0.053202868,0.88225913,0.06453806
743,"Hutannya dibabat, project 'makan bergizi gratis' akbar ditinggal, sekolah pun seadanya, apalagi kesehatan yg dinomorsekiankan sm pusat. Klo disebut dijajah kondisi saudara2 kita di sini lebih parah dari itu 💔",Negative,0,Negative,0,Negative,0.98062116,0.0017455763,0.01763326
5556,@Gibran Rakabuming @Purbaya Yudhi Sadewa @gerindra,Neutral,1,Neutral,1,Neutral,0.037556827,0.8818931,0.08055007
3279,"Menurut saya, semoga program mulia ini terus berlanjut dan menjadi contoh bagi program kesejahteraan lainnya.",Positive,2,Positive,2,Positive,0.003895003,0.0016872234,0.9944178
5433,"mbg sudah punya suplayer sendiri2, biasanya langsung dikirim di sppg nya, maaf kalau salah, cmiw 🙏",Neutral,1,Neutral,1,Neutral,0.034708858,0.87498134,0.0903098
2488,pmnya brp emang ?,Neutral,1,Neutral,1,Neutral,0.04234272,0.88016295,0.077494316
1669,Prabowo kenapa sih hal begini sampai g tau?,Neutral,1,Neutral,1,Neutral,0.07094203,0.8690803,0.059977785
4235,entong lah kang . ke harga na teu sesuai,Neutral,1,Neutral,1,Neutral,0.02991982,0.86404264,0.106037594
240,Ini harusnya kepala BGN nonton nih,Neutral,1,Neutral,1,Neutral,0.048197117,0.85738546,0.094417356
4072,Keterlambatan pembayaran kepada mitra penyedia katering di daerah membuat kualitas layanan menjadi menurun drastis.,Negative,0,Negative,0,Negative,0.982685,0.0013477242,0.015967285
4988,abangnya mau di bayar pertriwulan tggu apbd/apbn masuk dlu?,Neutral,1,Neutral,1,Neutral,0.035524953,0.87612695,0.088348135
381,gimana nih wok,Neutral,1,Neutral,1,Neutral,0.0289187,0.9013416,0.06973968
4329,"Jujur saja, perlu ada survei berkala kepada para guru dan siswa untuk mengetahui respon dan efektivitas menu MBG.",Neutral,1,Neutral,1,Neutral,0.038227014,0.8989966,0.062776476
832,"Pdhal klo pemerintah hy fokus 3T, anggaran efisien, klo sukses jg bisa koar"" ke internasional. Mohon maaf bgt ini penasaran. Kalau keluarga memang sudah tahu tidak bisa mencukupi pangan gizi ibunya Selama mengandung anak, kenapa Masih memutuskan memiliki anak? Contoh Petra di awal video yg 4 thn itu pdhal dia bukan anak pertama loh.. pendidikan berkeluarga tidak optimal",Positive,2,Positive,2,Positive,0.0044101714,0.0010505944,0.9945392
1431,Ini akibat tak mau hukum mati koruptor 😢😢😢😢akan selalu ada😢😢😢😢,Negative,0,Negative,0,Negative,0.9809027,0.0015495863,0.01754778
1860,"liat ini bareng anak aku, spontan dia nyeletuk Ai itu mh bun mana ada makanannya enak2 begitu😁",Neutral,1,Neutral,2,Positive,0.0053255954,0.025592139,0.9690823
4481,Jangan jadikan program pemenuhan gizi anak sebagai komoditas politik tanpa memperhatikan mutu nyata di lapangan.,Negative,0,Negative,0,Negative,0.9778503,0.00584987,0.016299805
3302,Trix termul terowo itu matematikanya Keren 8+2=20,Positive,2,Positive,2,Positive,0.01181079,0.020262128,0.9679271
1240,"Harus diakui, sangat disayangkan jika program sebesar ini minim pengawasan ketat terhadap standar higienitas dan nutrisi.",Negative,0,Negative,0,Negative,0.98041004,0.001961699,0.017628271
2580,"Menurut saya, perlu kajian lebih lanjut mengenai efisiensi operasional pengantaran makanan ke sekolah pelosok.",Neutral,1,Neutral,1,Neutral,0.03487261,0.89002484,0.07510257
5065,"Terkait kebijakan ini, harus ada tim ahli gizi yang rutin mengecek kualitas dan kandungan kalori makanan di setiap unit dapur.",Neutral,1,Neutral,1,Neutral,0.031090252,0.90196323,0.06694659
911,"mana yang katanya kemanusiaan yang adil dan beradab, kesejahteraan bagi seluruh rakyat indonesia. astagfirullahalazim..",Neutral,1,Neutral,1,Neutral,0.2480893,0.6791409,0.07276979
3557,Sebaiknya libatkan UMKM kuliner dan warung lokal di sekitar sekolah sebagai mitra penyedia makanan MBG.,Neutral,1,Neutral,1,Neutral,0.026967227,0.9130295,0.060003337
1709,bnyakin. koneksi biar tereliasisasi..,Neutral,1,Neutral,1,Neutral,0.038027063,0.90639484,0.05557812
5081,"Melihat fakta di lapangan, perlu dipertimbangkan variasi buah-buahan lokal yang mudah diperoleh dan kaya akan vitamin.",Neutral,1,Neutral,1,Neutral,0.04646383,0.87798727,0.07554895
4438,mrk lebih seneng import bos,Positive,2,Positive,2,Positive,0.027718002,0.06795248,0.90432954
32,Sok iye lu pade. Wajah wajah koruptor. Mental penjilat.,Negative,0,Negative,0,Negative,0.98153555,0.0025455682,0.015918992
2654,"Harus diakui, apakah ada panduan khusus bagi siswa yang membawa bekal sendiri dari rumah saat MBG dibagikan?",Neutral,1,Neutral,1,Neutral,0.03936355,0.8952821,0.065354355
5035,@Purbaya Yudhi Sadewa,Neutral,1,Neutral,1,Neutral,0.035502452,0.89380497,0.070692606
1195,"DPR ogah mensahkan UU perampasan aset, terbukti sampai sekarang tidak ada sama sekali beritanya😅",Neutral,1,Neutral,0,Negative,0.83570695,0.12779714,0.036496006
3583,"bagusss jgn mau, nanti suatu saat ada masalah diperiksa KPK malah kena imbas dipenjara, pdhl korupsi siapa",Positive,2,Positive,0,Negative,0.8642779,0.0022202418,0.13350186
1644,negara emang gak pernah bangkrut tp paymentnya dimainin sama orang dalemnya. Pembayarannya gak sesuai sama tanggal jatuh tempo,Negative,0,Negative,0,Negative,0.96585953,0.01643591,0.017704556
1331,"Hei Tribun, hati hati,penyebar hoax akan segera dibereskan! Kalau media nggak menyajikan informasi akurat dan berimbang,namanya menyesatkan masyarakat! Media yg tak bertanggungjawab sudah semestinya dibersihkan! Ada etika dalam jurnalistik, yg kalian awak media ketahui tapi tak pernah kalian terapkan! Kalian media sesat!",Neutral,1,Neutral,0,Negative,0.98155665,0.001688731,0.016754646
4118,liat kenyataan nya pemerintah...jngn omon omon doang ...MBG mbg,Negative,0,Negative,0,Negative,0.97957224,0.001498058,0.018929685
1488,Bagaimana dgn KDMP???,Neutral,1,Neutral,1,Neutral,0.045923527,0.88297206,0.07110441
2444,ahh dapur lu pake bahan bahan harga murah...,Neutral,1,Neutral,1,Neutral,0.06206758,0.8464617,0.09147079
3920,Bubarkan MBG ladang korupsi,Negative,0,Negative,0,Negative,0.9778089,0.0016299137,0.02056121
4488,Paakkkk tlg liat ini,Neutral,1,Neutral,1,Neutral,0.050548937,0.886342,0.063109145
1599,"asli ikannya ikan patin, disebut dory, terus pas dimasak dia berubah lg jadi chicken finger, si patin makin krisis indentitas 🤣🤣",Neutral,1,Neutral,1,Neutral,0.0584872,0.8655161,0.07599664
4903,"Melihat fakta di lapangan, diharapkan ada saluran pengaduan resmi jika pihak sekolah menemukan kendala terkait kualitas makanan MBG.",Neutral,1,Neutral,1,Neutral,0.03424239,0.8870779,0.07867974
1188,STOP MBG... BUBARIN DPR... SITA ASET DAN HUKUM MATI KORUPTOR... GASSSS,Negative,0,Negative,0,Negative,0.9836534,0.0017221895,0.014624404
2930,"🤣🤣🤣 pemain proyek pemerintah abang ini tau aturan nya.ada satu yang kurang,harus nyetor dulu baru dapat proyek nya",Neutral,1,Neutral,1,Neutral,0.043464243,0.8850278,0.07150786
3900,"Dari sudut pandang masyarakat, kesiapan tenaga pengolah makanan di setiap sentra dapur perlu mendapat sertifikasi kebersihan pangan.",Neutral,1,Neutral,1,Neutral,0.040078398,0.8792189,0.08070278
4466,"Terkait kebijakan ini, perlu dipastikan kapasitas produksi dapur umum mampu memenuhi kuota seluruh sekolah di target wilayah.",Neutral,1,Neutral,1,Neutral,0.0522711,0.8924027,0.055326138
1106,"klo liat yg ky gni jd lebih setuju bubar aj balik lg sistem kerajaan wilayah masing2, gatega sama daerah2 yg cuman dikeruk kekayaan alamny tp orang2ny diabaikan n' dibiarkan pemerintah 😢😢",Negative,0,Negative,0,Negative,0.98337746,0.0025557661,0.014066697
5275,@gerindra nih min sampaikan k presiden,Neutral,1,Neutral,1,Neutral,0.02842503,0.89896315,0.07261189
3484,"emang susah masukin langsung ke MBG 🫣 jadi me monopoli kan ya,,,,
aku juga masukin hasil pertanian melalui koprasi.tetap semangat KA 👍 semngat bertani",Positive,2,Positive,2,Positive,0.0032517565,0.0034358774,0.9933123
1462,"Dari sudut pandang masyarakat, harus ada tim ahli gizi yang rutin mengecek kualitas dan kandungan kalori makanan di setiap unit dapur.",Neutral,1,Neutral,1,Neutral,0.03618802,0.8981491,0.06566296
4279,"Supliernya terpilih, tapi kenapa isi omprengnya kualitasnya macam tu",Neutral,1,Neutral,1,Neutral,0.10985197,0.83860487,0.051543165
5429,"Terkait kebijakan ini, sebaiknya ada formulir evaluasi harian yang diisi guru terkait porsi dan kualitas menu yang diterima.",Neutral,1,Neutral,1,Neutral,0.045977667,0.8688978,0.08512451
1525,sita aset nya,Neutral,1,Neutral,1,Neutral,0.030736366,0.8904051,0.07885847
4934,min ini min ksian @gerindra,Neutral,1,Neutral,1,Neutral,0.2491768,0.6880017,0.06282146
937,"apasih kalian tuh nyinyir mulu, inituh proyek bukan program, jadi wajar ada itung-itungan duitnya, kalo ga balik modal ya mana mau cik😹",Negative,0,Negative,1,Neutral,0.27713805,0.659574,0.06328804
1063,"Sudah rame sampe jadi ASN, kendaraan, trus demo di balas demo (kembali ) pengelola dapur, Nemu berita urgen gini. Dulukan Papua gih (stunting tinggi)",Neutral,1,Neutral,1,Neutral,0.06549543,0.8378057,0.09669896
1091,"hapus program MBG, kasih semua sumber dayanya ke Papua..",Neutral,1,Neutral,1,Neutral,0.0980492,0.8428186,0.05913214
4317,saatnya rakyat bersuara,Neutral,1,Neutral,1,Neutral,0.025291193,0.9068468,0.067861944
4545,@sudaryono @LambeTani @gerindra,Neutral,1,Neutral,1,Neutral,0.031008106,0.9038438,0.06514807
3617,betul klo Lo bukan orang dalam dan bukan circlenya mustahil bisa masuk lingkarannya inilah konoha,Negative,0,Negative,0,Negative,0.9753567,0.0040836115,0.020559745
3527,jadikan beliaw kepala BGN,Neutral,1,Neutral,1,Neutral,0.023975022,0.9035007,0.072524294
4604,daerah anda aja itumah,Neutral,1,Neutral,1,Neutral,0.06030325,0.8608004,0.07889641
1947,itu buzzer2 buat ngecohin masyrakat,Negative,0,Negative,0,Negative,0.9680627,0.010463271,0.021473998
4085,omongan kosong katanya program merah putih dr hasil produksi petani tp Nyatanya omon omon,Negative,0,Negative,0,Negative,0.9793617,0.0014722596,0.019166112
2616,maunya dipimpin siapa,Neutral,1,Neutral,1,Neutral,0.056273658,0.88225466,0.06147175
4759,mana yg bilang petani jd terbantu maju gara2 mbg,Positive,2,Positive,2,Positive,0.0047925212,0.0016837384,0.9935237
1977,Gada yg ngomong anis kepanasan sendiri dihhhhhhhh barisan sakit hati yaaa???????? Halo etmin gerindra diangkut nih rakyatnya,Neutral,1,Neutral,1,Neutral,0.24486363,0.6674001,0.087736234
470,Nah inii…. Mana KEADILAN SOSIAL BAGI SELURUH RAKYAT INDONESIA,Neutral,1,Neutral,1,Neutral,0.03891433,0.9038985,0.057187174
1456,"Para advokat jangan ada mendampingi dlm Sidang utk yg suka uang rakyat. Bating, bating eling, orang yg suka nyolong uang negara/rakyat di giring petugas masih bisa cepat cengir.",Negative,0,Negative,0,Negative,0.7022109,0.004216732,0.29357237
4571,kan ada subsidi pupuk,Neutral,1,Neutral,1,Neutral,0.047126416,0.8883542,0.064519435
4156,pemerintahan kali ini parah kali ya😏,Neutral,1,Neutral,1,Neutral,0.4659095,0.48152128,0.052569218
3392,disini kan ada yg jualan harganya tuh murahh banget. ayam sayap sekilo cuman 27rb. apel sekilo 20rban. semangka 1biji sekitar 3kiloan cuman 11rb. nah dapur mbg belinya ditempat murah ini anjirr. aku sendiri kayak kaget aja kok bisa dengan harga semurah itu kan takutnya kualitasnya kurang oke apalagi untuk mbg,Neutral,1,Neutral,2,Positive,0.03536053,0.23551798,0.7291215
2398,"Reall,,, mnding fokus ke pasar swasta,, bikin produk bagus tawarin prodak ke restoran/ rumah makan,, kalo ke pemerintah pasti ini itu🤣",Positive,2,Positive,2,Positive,0.0033195296,0.0012093843,0.9954711
473,"Di daerah seperti ini cepat gerakan melalui puskesmas,, dan sekalian puskesmasnya jadi pengurus MBG , dan puskesmas tahu anak anak kurang gizi,, jadi kita ambil prioritasnya utamakan lah dulu daerah terpencil dan hanya lewat berobat saja mereka susah ,, program posyandu ,, sulit ,, utamakan lah dulu kampung terpencil kesehatan,,",Positive,2,Positive,1,Neutral,0.020801442,0.8729826,0.10621593
4936,"Tentu saja, perlu evaluasi berkala mengenai penerimaan rasa dan porsi makan siang yang diberikan kepada para siswa.",Neutral,1,Neutral,1,Neutral,0.04060348,0.88658684,0.07280969
515,Yang memang butuh malah gak dikasih....presiden ter...,Neutral,1,Neutral,1,Neutral,0.033829592,0.9140473,0.052123055
4837,"Di desa saya gampang kok kalo mau suplay dapur mbg, bapak saya aja langsung di terima",Neutral,1,Neutral,1,Neutral,0.029011197,0.8476864,0.12330231
5504,"Terkait kebijakan ini, perlu transparansi anggaran yang jelas dan audit berkala agar program ini bisa dievaluasi dengan baik oleh publik.",Neutral,1,Neutral,1,Neutral,0.055286407,0.9016787,0.043034963
753,"Itu tidak beresnya MBG. Kalau memang orientasi untuk pemerataan gizi. Mestinya daerah pinggiran, terpencil dan sangat membutuhkan. Bukan malah sekolah di kota, yang kadang tidak dimakan",Neutral,1,Neutral,0,Negative,0.72105426,0.22321245,0.055733364
23,"Lawan out, kawan IN 😂",Neutral,1,Neutral,1,Neutral,0.24329273,0.6688449,0.08786238
62,Wooooiii denger kritikan itu. Kocak lu,Neutral,1,Neutral,1,Neutral,0.03450468,0.83684415,0.12865114
5167,"Menanggapi hal tersebut, perlu ada survei berkala kepada para guru dan siswa untuk mengetahui respon dan efektivitas menu MBG.",Neutral,1,Neutral,1,Neutral,0.07546049,0.86510503,0.059434414
1340,Weeee.. Demo politik itu.....Demo ke DPR itu suruh sahin UU perampasan aset koruptor,Negative,0,Negative,0,Negative,0.9836678,0.0024700612,0.0138621135
2467,tempatku jugaa jarang bgt ikan kak paling telor sama ayam ajaa,Neutral,1,Neutral,1,Neutral,0.038808946,0.8803943,0.08079681
2803,"tp bener sih g semua dapur korupsi, tp kebanyakan 98% lah... d😅😅😅😅",Negative,0,Negative,0,Negative,0.9824624,0.0017101576,0.015827388
2723,nah pak prabowo denger inii pakkk,Neutral,1,Neutral,1,Neutral,0.03916326,0.8913691,0.069467545
3123,"Menurut saya, kesiapan tenaga pengolah makanan di setiap sentra dapur perlu mendapat sertifikasi kebersihan pangan.",Neutral,1,Neutral,1,Neutral,0.032492552,0.9019858,0.06552156
2606,"kok membual sih 😂😂 lucu bok ini, itu yg ngomong petaninya looo pak",Neutral,1,Neutral,1,Neutral,0.047649298,0.88184094,0.070509754
4033,"Terkait kebijakan ini, perlu ada survei berkala kepada para guru dan siswa untuk mengetahui respon dan efektivitas menu MBG.",Neutral,1,Neutral,1,Neutral,0.038235635,0.89271235,0.06905211
4370,kan udah di jawab cintaaah,Neutral,1,Neutral,1,Neutral,0.03149759,0.8977008,0.07080165
3566,"Jujur saja, hebat, program ini menunjukkan kepedulian besar negara terhadap generasi penerus bangsa.",Positive,2,Positive,2,Positive,0.004987437,0.00072339684,0.99428916
140,"setau gua SPPG itu pengajuan ya, jadi harus ada modal dulu buat bikin SPPG. Mitra mengajukan lokasi dan proposal SPPG ke BGN. Setelah disetujui, mitra menyiapkan sendiri bangunan, renovasi, peralatan dapur, kendaraan distribusi, dan kesiapan operasional sesuai standar BGN. SPPG diverifikasi dan dinyatakan layak. Setelah mulai beroperasi, pemerintah menyalurkan dana program untuk: pembelian bahan makanan; biaya operasional; insentif atau penggunaan fasilitas SPPG. BGN sendiri menjelaskan SPPG kemitraan sebagai unit yang didirikan oleh mitra, dan mitra wajib membangun serta menyediakan peralatan sesuai standar. Insentif fasilitas diberikan ketika dapur sudah siap dan memberikan layanan, dengan prinsip “no service, no pay”. Jadi secara sederhana: Mitra modal dulu → dapur lolos verifikasi → mulai melayani MBG → biaya dan insentif dibayar pemerintah.",Positive,2,Positive,2,Positive,0.00466928,0.0016220286,0.9937087
2224,waaah pemain ni orang 🤣😭,Neutral,1,Neutral,1,Neutral,0.048329577,0.86447555,0.087194785
2813,cara join gimana please😊😊😊,Neutral,1,Neutral,1,Neutral,0.049806878,0.87902653,0.07116663
4998,"tapi pas ada keracunan malah nyalahin petani, gilak emang pemerintah ini",Negative,0,Negative,0,Negative,0.976437,0.0020314036,0.02153166
1649,semoga ganti presiden secepatnya🤲🤲,Neutral,1,Neutral,1,Neutral,0.057996556,0.8687456,0.073257715
4747,"Terkait kebijakan ini, mantap sekali program MBG ini, anak-anak jadi lebih semangat berangkat ke sekolah setiap hari.",Positive,2,Positive,2,Positive,0.0062651667,0.0007577668,0.9929771
4020,d monopli bener,Neutral,1,Neutral,1,Neutral,0.08380138,0.8576445,0.058554098
1744,ada bukti laporkan bang,Neutral,1,Neutral,1,Neutral,0.026276313,0.91365767,0.060066037
3795,hayooo dengerin tuh,Neutral,1,Neutral,1,Neutral,0.027863417,0.8753979,0.096738644
2008,"di tempatmu begitu, di tempatku saya pengepul saja masih dapat selisih sedikit dari harga petani, apalgi klo petani langsung,.
artinya, mbg di tempatku masih membuka peluang untuk petani.",Neutral,1,Neutral,1,Neutral,0.030335104,0.8647793,0.10488562
3707,mitra Lo siapa sih bg,Neutral,1,Neutral,1,Neutral,0.051542755,0.8857817,0.062675446
3118,"Harus diakui, perlu ada petugas khusus yang bertanggung jawab memeriksa kelayakan makanan sebelum dibagikan ke siswa.",Neutral,1,Neutral,1,Neutral,0.03859703,0.8879157,0.07348741
195,"Setuju kak, di kota hanya jadi praktek pencucian uang",Positive,2,Positive,0,Negative,0.98246634,0.0014881267,0.016045582
2293,"sama juga ditempatku kak. udah dihargain, minta harha dibawah pasar jauh bgt selisihnya..mata duitan semua. beli buahpun mintanya nota kosong.",Neutral,1,Neutral,1,Neutral,0.032340974,0.91359943,0.05405955
2295,Itu dia pak bener asal kita mau di pres jauh dari harga pasar dan siap terima returan mah masuk masuk aja,Neutral,1,Neutral,1,Neutral,0.052384075,0.8909729,0.056642998
990,"Sudah terbukti presiden bodoh,, presiden manggut manggut sama bawahan,, kan presedn prabowo .. Bisa pitatopun di suruh bawahan nya ngomong gini ngomong gitu,, itupun kerap salah ngomong😂😂😂😂",Negative,0,Negative,0,Negative,0.9813887,0.0016237999,0.016987545
89,Gitu lah pak,Neutral,1,Neutral,1,Neutral,0.03338259,0.90630287,0.060314585
288,Woyyy Wowo melek tuhhhh liat Papua,Neutral,1,Neutral,1,Neutral,0.041239325,0.8857909,0.072969764
272,Waduhhhh gimana nihh,Neutral,1,Neutral,1,Neutral,0.045496367,0.89802927,0.056474417
491,"ber arti pemerintahan sana yang gak becus mengatasinya,",Neutral,1,Neutral,0,Negative,0.9449992,0.03439277,0.020608043
1399,Ada lho yang jadi pegawai bgn daerah baru 3 bulan sudah punya mobil.. 😂😂,Neutral,1,Neutral,1,Neutral,0.035431374,0.8103797,0.15418896
3600,"Melihat fakta di lapangan, sebaiknya ada formulir evaluasi harian yang diisi guru terkait porsi dan kualitas menu yang diterima.",Neutral,1,Neutral,1,Neutral,0.035088215,0.8847885,0.08012328
3112,🤣🤣🤣🤣 belajar nakal y kakk,Neutral,1,Neutral,1,Neutral,0.06559214,0.8468041,0.08760373
3137,"setau saya kalo mau jadi supplier harus dalam bentuk CV/PT usahanya, kalo macem penjual daging ecer di pasar ya mana bisa, beda kalo nyuplai kantin sekolah/warung nasi deket sekolah",Neutral,1,Neutral,1,Neutral,0.06359163,0.88065076,0.05575758
5355,😂sayurnya kbnykan ini itu.mbg adlah progrm korup lbh bsr dr sblm nya✌🙏,Negative,0,Negative,0,Negative,0.9790932,0.0018704496,0.019036265
1983,"gw setuju bgt, kalo bisa di lengserkan secepatnya deh ga kuat bgt liat berita' makin ga beres",Positive,2,Positive,2,Positive,0.016139869,0.0021208911,0.9817392
5189,mana nih yang katanya MBG ngebantu rakyat..kocak,Neutral,1,Neutral,2,Positive,0.004466435,0.001081429,0.9944522
1044,MBG hanya dipakai sebagai kedok untuk korupsi makanya saya setuju koruptor layak hukuman mati.,Negative,0,Negative,0,Negative,0.97697747,0.0012806639,0.021741929
3541,Pengelolaan sampah sisa makanan harus dipikirkan agar tidak menimbulkan masalah lingkungan di sekolah.,Neutral,1,Neutral,1,Neutral,0.039180215,0.88459,0.07622969
2541,"tapi buzer Wowo banyak loh, mereka di bayar berapa ya,😭",Negative,0,Negative,0,Negative,0.49193987,0.43322182,0.07483825
1068,Kenapa? Karna MBG adalah bisnis,Neutral,1,Neutral,1,Neutral,0.21203338,0.6966702,0.09129649
5350,saya aja yg jualan LPG NonPSO ngk kebagian orderan nya 🗿😂,Neutral,1,Neutral,1,Neutral,0.065326594,0.87831193,0.05636154
3069,harus dimasak dulu supaya sejalan sama pemerintah ya?? ga boleh bertentangan 😁,Neutral,1,Neutral,1,Neutral,0.03204252,0.8984877,0.06946973
559,harapan asing sih kayaknya indonesia mengulangi lagi peristiwa 98 yahh bisa dilihat dari media2 asing yg memperburuk suasana,Neutral,1,Neutral,0,Negative,0.9866312,0.0043829205,0.008985872
4316,lha ini kok.. beda lagi😳😳,Neutral,1,Neutral,1,Neutral,0.045059707,0.88566995,0.069270365
5094,"😭😭😭 pengen nangis, MBG pesan tempe ke aku kan, minta di antar ke dapur, aku masih minta uang ke dapur gak bisa, harus lewat koperasi, dan masalahnya gak tau koperasi nya di mana, biasanya aku tagih lewat wa dan di transfer, tapi sudah satu Minggu ini saya minta uang gak di kasih, wa gak di bales, tlpn gak di angkat.",Negative,0,Negative,1,Neutral,0.4064767,0.45187083,0.14165245
4180,Paling parah emang dipimpin presiden skrng😭,Neutral,1,Neutral,0,Negative,0.561138,0.3631816,0.07568048
2573,"Melihat fakta di lapangan, semoga proses pengadaan barang dan jasa untuk program MBG ini bisa dipantau secara terbuka oleh publik.",Neutral,1,Neutral,1,Neutral,0.0359935,0.8891892,0.07481731
4176,"Jujur saja, kesiapan tenaga pengolah makanan di setiap sentra dapur perlu mendapat sertifikasi kebersihan pangan.",Neutral,1,Neutral,1,Neutral,0.038921487,0.88747877,0.07359971
3649,tidak mungkin akan seperti itu😂,Neutral,1,Neutral,1,Neutral,0.045238663,0.869215,0.085546345
2880,bocil ngapa yak😂,Neutral,1,Neutral,1,Neutral,0.045260064,0.86912954,0.08561045
1740,"Jujur saja, pihak dinas terkait harus rutin melakukan uji sampel makanan secara acak di berbagai sekolah.",Neutral,1,Neutral,1,Neutral,0.033820353,0.8691146,0.097065024
3453,Wkwkwkwkwkwkwkwk iya lagi,Neutral,1,Neutral,1,Neutral,0.053874005,0.8854241,0.060701896
3885,"Melihat fakta di lapangan, pengadaan bahan pangan MBG dikhawatirkan memicu kenaikan harga komoditas pangan pokok di pasar tradisional.",Negative,0,Negative,0,Negative,0.98117,0.0018276998,0.017002277
1272,Program MBG & KOPDES menambah ruang korupsi....sudah kabinet gemuk...dalihnya peduli rakyat nyatanya 😢,Negative,0,Negative,0,Negative,0.9780296,0.0015695149,0.020400872
3432,bukannya ini video lama ya,Neutral,1,Neutral,1,Neutral,0.058509015,0.87305766,0.06843323
4008,Aturan main kalo sama pemerintah siapa yg ga tahu 😂. Sengaja di bikin syulit nanti ujung2 bagi persenan ke pengurus. Yah gitulah indonesiaku,Neutral,1,Neutral,1,Neutral,0.042808145,0.8625122,0.0946797
2133,"mana mau dia bang, caper doang pas jadi oposisi karena junjungannya gak naik-naik jadi sok asik kemaren maren",Neutral,1,Neutral,0,Negative,0.8055543,0.13671403,0.057731748
3861,"Menurut saya, sebaiknya menu makanan disesuaikan dengan kearifan lokal dan hasil bumi di masing-masing daerah.",Neutral,1,Neutral,1,Neutral,0.031592235,0.91194427,0.056463458
2847,"Melihat fakta di lapangan, perlu evaluasi berkala mengenai penerimaan rasa dan porsi makan siang yang diberikan kepada para siswa.",Neutral,1,Neutral,1,Neutral,0.040940266,0.8772314,0.08182836
620,Program salah sasaran..😢,Negative,0,Negative,0,Negative,0.9819226,0.0019260629,0.016151369
4236,"nah, terjawab sdh... kemarin petani dari mana yg demo setuju MBG ya..",Positive,2,Positive,2,Positive,0.0070009315,0.0010064809,0.9919926
1390,"Semua proyek ladang korupsi, gak usah jauh2, dana desa aja dr dulu di korup kades, pengadaan Al-Qur'an dan dana haji aja dikorupsi, Yang harus diberesin korupsinya sih",Negative,0,Negative,0,Negative,0.97884184,0.0017931473,0.019365078
1552,Senengsih klo petani seneng,Positive,2,Positive,2,Positive,0.0074808723,0.0007998849,0.99171925
3304,langsung gw komen sama like 😂😂😂,Neutral,1,Neutral,1,Neutral,0.04605158,0.8824179,0.07153056
5332,@KANG DEDI MULYADI,Neutral,1,Neutral,1,Neutral,0.04117126,0.8752298,0.08359903
1053,"PAPUA KAYA TP MASYARAKATNYA MISKIN, DAMNN EMG PEMERINTAH DZALIM",Negative,0,Negative,0,Negative,0.97902495,0.0017487034,0.019226382
5086,Sistem distribusi harus diperhitungkan dengan matang agar makanan tetap segar saat dikonsumsi oleh siswa.,Neutral,1,Neutral,1,Neutral,0.024820944,0.91268367,0.06249533
5023,"Terkait kebijakan ini, perlu dipertimbangkan variasi buah-buahan lokal yang mudah diperoleh dan kaya akan vitamin.",Neutral,1,Neutral,1,Neutral,0.04301998,0.8987342,0.05824586
2833,"Secara keseluruhan, perlu evaluasi berkala mengenai penerimaan rasa dan porsi makan siang yang diberikan kepada para siswa.",Neutral,1,Neutral,1,Neutral,0.039873216,0.88855934,0.07156746
1597,ini adalah contoh orang yang kerja nya jujur dan amanah..hehe,Positive,2,Positive,2,Positive,0.004503874,0.00091179175,0.9945844
3149,"baru kali ini ada video yg ke up, biasanya yg di up yg muji muji doang",Neutral,1,Neutral,1,Neutral,0.026249252,0.8695003,0.10425045
4122,"MBG itu tujuannya baik., tapi realitanya malah jadi ladang korupsi baru..",Negative,0,Negative,0,Negative,0.98135275,0.0019368399,0.016710438
1225,"Lanjutkan perjuanganmu wahai rakyat Indonesia, agar mereka² sadar dan menyesali nya. Pendidikan adalah ujung tombak pembangunan, bangsa. Bukan kasih² makan, seperti zaman kolonialisme, yg rakyat butuhkan kesejahtraan, upah dan lapangan kerja Stop. MBG",Negative,0,Negative,2,Positive,0.042153835,0.0027918017,0.95505434
2314,"hmm coba di follow up trs pak. pencairan di pemerintahan setau sy emg perlu proses krn ada pembuatan berkas, ttd dan pencatatan jg😅",Neutral,1,Neutral,1,Neutral,0.039731666,0.8826854,0.07758288
2014,iya bener Wowo T4l nya,Neutral,1,Neutral,1,Neutral,0.054286625,0.89392895,0.0517844
442,🎉kami ingin bekerja di MBG tapi belum bisa ( SPPG Bancak ),Neutral,1,Neutral,1,Neutral,0.038875904,0.9033744,0.057749774
4905,"Secara keseluruhan, pengawasan terhadap vendor katering harus diperketat agar spesifikasi menu sesuai dengan perjanjian awal.",Neutral,1,Neutral,1,Neutral,0.04001531,0.878885,0.08109981
4269,PLIS GANTI PRESIDEN UDH MUAK BGT INDONESIA KRISIS,Negative,0,Negative,1,Neutral,0.37452227,0.539744,0.08573372
1671,Sekali lagi MBG tuh proyek bukan PROGRAM,Negative,0,Negative,0,Negative,0.5072101,0.4575394,0.035250556
97,"Tentu saja, jangan sampai anak-anak menjadi korban kelalaian pihak katering yang menyajikan makanan tidak higienis.",Negative,0,Negative,0,Negative,0.9682967,0.0021972454,0.029506037
3723,chef pindah ke SPPG deket rumahku lahh,Neutral,1,Neutral,1,Neutral,0.039999485,0.88078475,0.079215795
3485,"Terkait kebijakan ini, pengawasan terhadap vendor katering harus diperketat agar spesifikasi menu sesuai dengan perjanjian awal.",Neutral,1,Neutral,1,Neutral,0.036389202,0.89047295,0.07313784
3852,"Menanggapi hal tersebut, perlu dipastikan kapasitas produksi dapur umum mampu memenuhi kuota seluruh sekolah di target wilayah.",Neutral,1,Neutral,1,Neutral,0.05772202,0.8919633,0.050314706
5541,itu la penting nya bangun fondasi dari SDM nya salah satu cara organisasi penghubung antar petani,Neutral,1,Neutral,1,Neutral,0.02731778,0.8555556,0.117126614
2694,"Jujur saja, program yang sangat boros anggaran tapi hasil nyata di lapangan masih jauh dari kata memuaskan.",Negative,0,Negative,0,Negative,0.97710824,0.0015267285,0.021365087
1975,ga bawa anis ga rame ya?? wkwk,Neutral,1,Neutral,1,Neutral,0.044318434,0.87923443,0.07644708
3182,Boleh olahan nasi selain nasi putih chep?,Neutral,1,Neutral,1,Neutral,0.0448191,0.88649905,0.06868192
3236,gx kberatan bwanya nanti ya klo di akhirat😳,Neutral,1,Neutral,1,Neutral,0.05102829,0.86064273,0.08832903
4842,"Banyak maen diluar bro....
banyakin temen di MBG
ngga ada yang susah
saya aja bisa",Neutral,1,Neutral,1,Neutral,0.056854215,0.85466874,0.08847703
4208,"gak ada bang, yg ada Abang dipajakin",Neutral,1,Neutral,1,Neutral,0.039580047,0.8925226,0.06789738
1409,"Ngapain pemerintah ambil pusing gara2 MBG ancur negara ini bukan bagus ekonomi nya,pasar kecil lemah,apalagi psr gede ancur2 ran sekarang usaha apa2 ancur",Positive,2,Positive,0,Negative,0.9763733,0.008560759,0.015065879
870,Udh cocok merdeka..,Neutral,1,Neutral,1,Neutral,0.02806694,0.5037282,0.4682049
4306,nahhh kritiknya bgini lngsung ke masalah kritis,Neutral,1,Neutral,1,Neutral,0.03799375,0.8655572,0.096449025
1882,rilll banyak dapur mbg gitu,Neutral,1,Neutral,1,Neutral,0.025524098,0.9258876,0.04858837
3507,"harus urus izin harus punya orang dlm , minimal ada hubungan keluarga, yg sabar ya pak",Neutral,1,Neutral,0,Negative,0.9766658,0.0029940414,0.020340122
4755,"PADAHAL WOWOW AJA NYURUH PETANI BUJAN PASAR
KALO BELI DIPASAR KASIAN PEDAGANG KECIL JADI LANGKA JADI MAHAL",Neutral,1,Neutral,1,Neutral,0.08523491,0.861107,0.05365811
4436,pura2 gg tau azalah apa susahnya,Neutral,1,Neutral,1,Neutral,0.037314832,0.90998197,0.052703198
3664,"Secara keseluruhan, penting untuk memastikan sanitasi peralatan makan dan tempat penyajian selalu dalam kondisi bersih dan steril.",Neutral,1,Neutral,1,Neutral,0.04178999,0.87817824,0.0800317
2342,kalo begitu brarti petani tetap miskin,Neutral,1,Neutral,1,Neutral,0.10117596,0.81120354,0.08762043
2380,disini juga sama kak,Neutral,1,Neutral,1,Neutral,0.048138767,0.85427123,0.09758994
2824,"bang kan mbg uangnya dipotong yayasan, terus kalau yayasan gratis pajak dong",Neutral,1,Neutral,1,Neutral,0.035805386,0.8945327,0.069662
2439,ya Ampun ka ini mh dibndingin sma MBG anakku msih mnding MBG anakku.. di mna ini ka ?,Neutral,1,Neutral,1,Neutral,0.04127039,0.88583684,0.0728928
156,Remuk setiap kali melihat ibu melahirkan dan anak-anak di daerah pedalaman. Jaman orba sampai sekarang masih menyandang title 3T 😢,Negative,0,Negative,0,Negative,0.9838208,0.0020856324,0.014093616
2913,wowo tai yenyenyenyeyeny 🤣🤣🤣,Negative,0,Negative,0,Negative,0.98146856,0.0015071589,0.017024204
1129,pisahin aja papua kalau ga bisa ngurus,Neutral,1,Neutral,1,Neutral,0.030206842,0.92246175,0.04733135
1122,Siapa suruh pilih Presiden Omon Omon.. Makan tuh MBG omon omon sampe 2029.,Negative,0,Negative,0,Negative,0.97693866,0.0017664101,0.021294808
438,"sedih banget kenyataan pahit di negara ini, pemerintah seolah2 tutup mata telinga dengan hal ini",Negative,0,Negative,0,Negative,0.9787202,0.0032220979,0.018057661
4843,jangan urusan/bisnis dengan negara pak. yg ada malah gk di bayar,Neutral,1,Neutral,0,Negative,0.5186449,0.41486508,0.06648998
704,Kan kepala bgn sendiri yg bilang. MBG ini tujuan utamanya bukan buat gizi anak2 indoensia. Tapi project tender politik. Di papua apalagi pelosok kan jarang yg ikutan politik prabowo,Neutral,1,Neutral,1,Neutral,0.026129454,0.9111465,0.06272397
3411,"banyak kasusnya ka hati hati, untung di tolak takutnya nanti di belakang ada apa apa kebawa bawa,ka
jgn terima kerja sama dengan mereka ka.",Neutral,1,Neutral,1,Neutral,0.0824635,0.7962534,0.12128315
4371,"jawaban lu ga jelas, kan gw tanya, kakak tersayang kalau MBG di hapus nasib, 143rb supplier, 40T dana swasta yang bakal Angus gitu aja kalo MBG di hapus, dan tenaga kerja yang sudah terserap di program ini. nasib nya gmn.",Neutral,1,Neutral,0,Negative,0.7284395,0.22481656,0.046743993
3431,"@Exxha:bknnya emg hrs ke pengepul ya? satu petani apakah bisa dibuat supplier oleh dapur MBG? coba dipikir, kyk nya gabakal sanggup meskipun dibikin jd supplier, kyk nanam sayur mayur semalam aja, lagipula kan basi kalau lama, susah kalau cuma untungnya yang di pikir bukan mikir bahan bahannya basi nya, segar nya",Negative,0,Negative,0,Negative,0.9860933,0.001415042,0.012491579
4340,mana tadi petani semangka yg bilang harga semangka anjlok gara gara mbg libur 😁,Neutral,1,Neutral,1,Neutral,0.056412794,0.8864309,0.057156328
3332,"Jujur saja, harus ada tim ahli gizi yang rutin mengecek kualitas dan kandungan kalori makanan di setiap unit dapur.",Neutral,1,Neutral,1,Neutral,0.041134905,0.87268865,0.08617642
2757,kasian dpur nya ga modal apa gmna masa timun sama tempe doang ga mngkin kayanya,Neutral,1,Neutral,1,Neutral,0.31165254,0.620078,0.06826945
5006,udahlah mbg tu emang ladang bisnis oligarki ma ladang kprupsi yang didukung pemerintah,Negative,0,Negative,0,Negative,0.96135527,0.024783606,0.013861211
3375,Memang benar bahwa semoga program mulia ini terus berlanjut dan menjadi contoh bagi program kesejahteraan lainnya.,Positive,2,Positive,2,Positive,0.005053246,0.0016613147,0.9932854
2938,"Jujur saja, penting untuk memastikan sanitasi peralatan makan dan tempat penyajian selalu dalam kondisi bersih dan steril.",Neutral,1,Neutral,1,Neutral,0.036252126,0.88415825,0.07958964
43,Mantap bapak sehat selalu,Positive,2,Positive,2,Positive,0.0055653183,0.0011284042,0.99330634
2920,"Jujur saja, jangan hanya mengandalkan seremoni dan pencitraan, evaluasi independen harus segera dilakukan secara menyeluruh.",Negative,0,Negative,0,Negative,0.98273015,0.0016691178,0.015600656
2571,Penting untuk memastikan sanitasi peralatan makan dan tempat penyajian selalu dalam kondisi bersih dan steril.,Neutral,1,Neutral,1,Neutral,0.02867631,0.90375096,0.06757278
2247,"Presiden lu jg petani kan, petani sawit",Neutral,1,Neutral,1,Neutral,0.04855626,0.87257737,0.07886642
2222,@Badan Komunikasi Pemerintah RI,Neutral,1,Neutral,1,Neutral,0.03735953,0.89427596,0.068364546
3261,"aku suka keritik seperti ini, hal seperti ini yg di butuhkan. MBG adalah program yg bagus, tugas sebagai masarakat mengawasi program ini berjalan.",Positive,2,Positive,2,Positive,0.005157361,0.001009214,0.9938334
4744,jangan mau.. ytta aja udahh soal bayaran sm produk maunya murah dr harga pasaran🗿,Neutral,1,Neutral,1,Neutral,0.034430776,0.89594936,0.0696199
2403,beda korelasi gasi kan disini justru abangnya di vt ini ngarep buat masuk sebagai suplai mbg,Neutral,1,Neutral,1,Neutral,0.06527316,0.83455706,0.10016972
2638,ogut tambahin like satu lagi😁,Neutral,1,Neutral,1,Neutral,0.04334152,0.88269055,0.07396798
239,Gimana warga papua mau pisah dari WNI?? wajar lah...,Neutral,1,Neutral,1,Neutral,0.07593845,0.8792222,0.044839412
147,Saya menangis melihat ketidakadilan ini sejak jaman soeharto.,Negative,0,Negative,0,Negative,0.9806076,0.0027193467,0.016672999
723,terkutuklah pejabat yang mata hatinya tertutup oleh jabatan dan harta,Negative,0,Negative,0,Negative,0.98162717,0.0038620904,0.014510719
863,oke gas 2 periode,Neutral,1,Neutral,1,Neutral,0.024695802,0.91720295,0.05810133
1328,"Saya heran melihat org yg demo MBG,,tapi makanannya masih dia makan,,keluarganya makan MBG,,tetangganya makan MBG,,org2 susah bnyk yg terbantu dgn MBG,, Munafik banget Rakyat konoha ini,, Semua presiden dihujat,,kapan bisa presiden bekerja dgn baik kalau belum ap2 semua programnya dihambat terus,, Dia suruh prabowo mundur,,supaya gibran naik jadi presiden,, Wahai rakyat indonesia,,,cerdaslah sedikit,,ini semua politik jgn pernah terprovokasi,,biarkan prabowo memimpin sampai selesai,, Ingat diluar sna masih bnyk yg berdampak positif terhadap kebijakan prabowo,, Anak2 desa yg tidak mampu sangat terbantu salah satunya MBG",Positive,2,Positive,2,Positive,0.008328203,0.0006668353,0.99100494
4539,manaa yg bilang menguntungkan bangett untuk petanii? see now? hear now?,Neutral,1,Neutral,1,Neutral,0.031764306,0.8104704,0.15776524
4183,"Mana mau rugi mereka,kebanyakan yg punya mbg ngambil bahan2 makanan dari supplier yg jual masih mereka2,jdi gk mau ngambil ke pedagang2 kecil,kalau ada yg mau mereka membeli dengan harga mau nya murah,terkadang gk masuk akal nawar nya hahaha",Neutral,1,Neutral,1,Neutral,0.12887391,0.80695754,0.06416852
5312,"kalimat keramat perangkat pemerintah adalah ""ASAL BAPAK SENANG"".
LEBIH MUDAH NGIBULIN PEMIMPIN DARIPADA KERJA NYATA😁",Positive,2,Positive,2,Positive,0.004880451,0.0024385368,0.99268097
3309,"pimpinan pak Prabowo, banyak kasus yang terbongkar. apa yang salah? mbg itu memang koutanya terbatas, kalo semuanya dibeli, nanti malah mubazir gak kepakai, dan malah harga bisa makin naik loh",Negative,0,Negative,0,Negative,0.98086995,0.0015693185,0.017560715
4102,@gerindra melekkkkkk nih,Neutral,1,Neutral,1,Neutral,0.04323857,0.8546313,0.102130085
474,"Giliran sumber daya alam sampe keujung pelosok diembat,itulah nkri",Neutral,1,Neutral,0,Negative,0.9827439,0.001530808,0.015725236
1981,"gaada yg sebut anis, obses ya?",Neutral,1,Neutral,1,Neutral,0.04185598,0.85082597,0.107318
1767,"dan banyak yg g tau kalo dory yg sering mereka makan adalah patin,, giliran d ksh ikan patin pada gak suka tp ktika namanya brubah d resto"" malah pada lahap makanya 🤣🤣",Positive,2,Positive,2,Positive,0.038582355,0.1780334,0.78338426
5388,"Menurut saya, apakah anggaran MBG sudah mencakup pengadaan tempat makan ramah lingkungan yang bisa dipakai berulang kali?",Neutral,1,Neutral,1,Neutral,0.039082937,0.87911,0.08180708
1775,"nah gitu chef, kalo chef nya profesional itu keuntungan buat tim. chef di tempatku ga mau bikin menu. giliran AG bikin menu menarik dan agak susah ngomel2 mulu kalo ga hasilnya ga sesuai ekspektasi",Positive,2,Positive,2,Positive,0.00978336,0.11471006,0.8755065
1376,"Menanggapi hal tersebut, sebaiknya menu makanan disesuaikan dengan kearifan lokal dan hasil bumi di masing-masing daerah.",Neutral,1,Neutral,1,Neutral,0.033375684,0.89582723,0.07079703
3950,tp bener bang disini umkm roti manis harga normal 3500 ditawar 1500 tp ditulis 3000 buat laporan cuan kaga tuh.,Negative,0,Negative,1,Neutral,0.3496423,0.5273949,0.12296281
4347,"bukan presiden nYa,,, tp di pemerintahan nYa.. menteri-menteri pada minta jatah..",Neutral,1,Neutral,1,Neutral,0.050243903,0.89489293,0.054863196
2714,"Terkait kebijakan ini, perlu dipastikan kapasitas produksi dapur umum mampu memenuhi kuota seluruh sekolah di target wilayah.",Neutral,1,Neutral,1,Neutral,0.040126007,0.8782428,0.08163124
273,"Mau komen atau kritik rasanya percuma saja, presiden nya seakan anti kritik, yg ada malah ngusir masyarakat suruh pindah ke negara lain, kaya negara ini punya dirinya sendiri aja 😢",Negative,0,Negative,0,Negative,0.9802066,0.0018420152,0.017951373
5229,"@gerindra @KANG DEDI MULYADI @Gibran Rakabuming @Habiburokhman
@kementanri",Neutral,1,Neutral,1,Neutral,0.030970015,0.90476537,0.06426464
5399,"jangan berurusan dgn kecurangan masif bang.... Allah pasti beri rezeki yg lebih berkah, halal, thoyib...",Negative,0,Negative,0,Negative,0.9830646,0.0029218239,0.014013665
5414,up trus sampai ke bapak presiden,Neutral,1,Neutral,1,Neutral,0.029356562,0.83388036,0.13676307
31,"Bina sppg yg sudah operasional saja, hapus sppg yg msh pembangunan apalagi msh perencanaan terutama jawa barat gk butuh sppg baru lagi, sudah penuh, lagian darimana asalnya portal bgn dah lama juga tutup, ko sppg bermunculan?? Patut dipertanyakan dan di curigai jual beli titik, usut smpe tuntas",Neutral,1,Neutral,0,Negative,0.931216,0.047084276,0.021699687
2575,bukan presiden nya yg salah yg salah lembaga pengelola yang bermain dari uang mbg,Neutral,1,Neutral,0,Negative,0.7060437,0.21952194,0.07443431
2464,"mbg di skolah gw 5 hari, 3-4 harinya telor anjir entah di ceplok direbus even dibuat burger telor anjir",Negative,0,Negative,1,Neutral,0.05319469,0.8796786,0.067126736
3278,"Dari sudut pandang masyarakat, perlu evaluasi berkala mengenai penerimaan rasa dan porsi makan siang yang diberikan kepada para siswa.",Neutral,1,Neutral,1,Neutral,0.039223097,0.8799628,0.08081417
4591,"aduh-aduh terlalu terang bang
itu namanya memonopoli jalur untuk keuntungan nya bang
makanya harga semakin tinggi 🤭🤭",Neutral,1,Neutral,1,Neutral,0.040023174,0.89707017,0.06290668
3325,Pihak dinas terkait harus rutin melakukan uji sampel makanan secara acak di berbagai sekolah.,Neutral,1,Neutral,1,Neutral,0.037096694,0.88152504,0.081378296
957,di kuasai jawa,Neutral,1,Neutral,1,Neutral,0.040444236,0.8807645,0.07879135
4684,Di ambil dengan harga serendah rendahnya biar bisa di markup berjenjang hehe,Negative,0,Negative,0,Negative,0.9780065,0.0017477823,0.020245785
5479,Fakta real di lapangan,Neutral,1,Neutral,1,Neutral,0.028985217,0.9061476,0.064867124
3706,udah manis pinter masak masyaallah jodoh orang ini,Neutral,1,Neutral,2,Positive,0.005707864,0.038551494,0.95574063
1410,Stop MBG. Anggaran nya di pake yang Lebih bermanfaat,Negative,0,Negative,0,Negative,0.97622365,0.004796787,0.018979639
4473,Betul betul salah pilih kita ges 😭,Negative,0,Negative,0,Negative,0.955819,0.023799272,0.02038174
4001,"aslinya memang dilapangan bertolak belakang dengan materi2 yg ngomong besar dengan kata-kata indah,asbum",Neutral,1,Neutral,1,Neutral,0.03100949,0.90750414,0.0614864
594,Biaya tinggi ga cuan bagi koruptor,Negative,0,Negative,0,Negative,0.97668636,0.002074185,0.021239446
5295,Memang benar bahwa diharapkan ada saluran pengaduan resmi jika pihak sekolah menemukan kendala terkait kualitas makanan MBG.,Neutral,1,Neutral,1,Neutral,0.029506179,0.91370237,0.05679153
1087,"Sedih bgt liat papua tuh😭😭😭…presiden pidato pidato isinya kosong,,gak ada fokus ke papua samsek",Negative,0,Negative,0,Negative,0.98258495,0.0015839736,0.015831083
2333,apaan paman gue petani ubi harga ubi ditawar 5kg perkg nunggnya 6 bulan ditawar lebih sadis dr tengkulaak,Neutral,1,Neutral,0,Negative,0.9857018,0.003519874,0.010778408
2683,"Terkait kebijakan ini, semoga proses pengadaan barang dan jasa untuk program MBG ini bisa dipantau secara terbuka oleh publik.",Neutral,1,Neutral,1,Neutral,0.022556923,0.90608144,0.071361646
1319,"Gas tetep fokus ke gedung DPR, klo ada yg ngerusak selain DPR fix penyusup.",Negative,0,Negative,0,Negative,0.9669963,0.008432843,0.024570845
1561,Lu daerah mana dlu? Masa nyalahin pemerintah pusat? Daerah gua ada jg yg keracunan jg tp yg jelas salah yah di daerah gua😂,Negative,0,Negative,0,Negative,0.9797611,0.0017168763,0.018521985
2816,Elu yg gua telen mentah2,Neutral,1,Neutral,1,Neutral,0.05270271,0.8891944,0.05810282
3668,Diharapkan ada saluran pengaduan resmi jika pihak sekolah menemukan kendala terkait kualitas makanan MBG.,Neutral,1,Neutral,1,Neutral,0.034057356,0.89004797,0.07589464
2500,"kl menu yg chef kumink masak menarik dan enak2... lha yg di daerah2 menu MBG anak2 sekolahnya ..jangan kan selera utk di makan...baru liat aja sdh eneg
... msk tempe cuma kayak di ungkep abis itu nggak ada rasa,lele goreng masih basah dll... ujung2nya yg punya ternak yg panen MBG...Krn nggak pada di makan",Neutral,1,Neutral,2,Positive,0.022187669,0.03195657,0.9458558
4257,"Melihat fakta di lapangan, sebaiknya menu makanan disesuaikan dengan kearifan lokal dan hasil bumi di masing-masing daerah.",Neutral,1,Neutral,1,Neutral,0.03747098,0.91325086,0.049278226
2568,hmmmm komen yang ga pantas... lu kaya ga nikmatin aja kemudahan yang ad di pemerintahan Bpk prabowo.,Neutral,1,Neutral,0,Negative,0.91032505,0.042653766,0.04702112
519,dikritik gini nanti dibilangnya londo ireng haduuuh,Neutral,1,Neutral,1,Neutral,0.4057602,0.5226619,0.07157787
3095,"mending coblos aja semua soalnya gaada yg bagus juga, karna klau bagus nanti mendadak matot",Positive,2,Positive,2,Positive,0.0073028137,0.0011239324,0.9915733
3565,"Harus diakui, semoga ada mekanisme pemilahan sampah organik dan kemasan sisa makanan yang terkelola dengan baik di sekolah.",Neutral,1,Neutral,1,Neutral,0.028936055,0.91227365,0.058790255
5184,@gerindra @Teddy Indra Wijaya HQ @Purbaya Yudhi Sadewa @Gibran Rakabuming @zul.hasan @Menteri Keuangan RI,Neutral,1,Neutral,1,Neutral,0.03432002,0.88357776,0.08210216
3157,kalo di pimpin elu hancur😂,Negative,0,Negative,0,Negative,0.9783996,0.0023406667,0.019259848
5246,"Menurut saya, perlu transparansi anggaran yang jelas dan audit berkala agar program ini bisa dievaluasi dengan baik oleh publik.",Neutral,1,Neutral,1,Neutral,0.046264283,0.9111796,0.042556144
5182,jangan jujur2 lah bang ya begitulah negri ini kalo sama petani 😌,Positive,2,Positive,2,Positive,0.006769564,0.004493487,0.9887369
393,Waaiiittttt emang Papua masih Indonesia 😂,Neutral,1,Neutral,1,Neutral,0.055750623,0.8877866,0.05646279
4225,MBG adalah prestasi PSSI di kancah international…,Neutral,1,Neutral,2,Positive,0.007266002,0.0030960063,0.989638
141,"Sumpah,sesak nafas gw liat nasib sodara2 gw yg ada dipapua Brtahun2 mereka didzolimi oleh pemerintahnya sendiri tp tetap diam tak berdaya.padahl sumber emas ada disana",Negative,0,Negative,0,Negative,0.98400027,0.0013238171,0.0146758435
267,"Aku sedih pak prabowo di hujat terus, semangat pak😭😭😭😭",Neutral,1,Neutral,0,Negative,0.9347681,0.00511404,0.060117923
3714,bang seperti nya buat konten resep2 tersendiri di channel YT sapa tau bisa jadi resep diet atau malah resep2 yg bisa di pakai SPPG,Neutral,1,Neutral,1,Neutral,0.03803567,0.87906116,0.08290314
1132,"Emang ni kebijakan kyaknya point of view nya ga ksitu.. tpi syarat akan kepentingan politik.. ntah itu bagi"" kue atau buat konsolidasi buat 2029. MIRISSSS",Negative,0,Negative,0,Negative,0.9774295,0.0017141101,0.020856332
961,Gak mungkin ada yang mau kalau ke Papua..soalnya gak bakalan bisa korupsi duit MBG,Negative,0,Negative,0,Negative,0.97885954,0.0015036743,0.019636853
1041,bodohnya pemerintahan saat ini. tidak hanya bodoh namun tutup mata dan mengambil keuntungan pribadi dan golongannya.. seharusnya yg mendapatkan porsi terbesar MBG untuk wilayah 3T dan masyarakat miskin.. Untuk kelas menengah diberikan program lain agar naik kelas,Negative,0,Negative,0,Negative,0.9782833,0.001844537,0.019872108
233,dulu saya sangat setuju MBG ini saat dulu iklan di TV memperlihatkan MBG untuk pelajar Papua yang jarang makan nasi,Positive,2,Positive,2,Positive,0.006689799,0.0008876648,0.9924225
4763,"percuma kang, Menterinya juga sama saja",Negative,0,Negative,0,Negative,0.98001343,0.0028002586,0.017186422
2511,menu ny enak2 chef,Neutral,1,Neutral,2,Positive,0.0041505755,0.018933147,0.97691625
3638,"bang di mbg tempat saya kol itu dipisah batang sama daun nya jadi harus dipisah satu satu di potong satu satu baru dipisah katanya biar matang nya merata, betul itu lah chef atau hanya mau memperlambat pekerjaan?",Neutral,1,Neutral,1,Neutral,0.037331138,0.91165084,0.05101797
4569,"ladang dari petani desa itu dikirim ke pasar seperti biasanya,baru di pasar di beli oleh pihak sppg dari pedagang nya,dan warga lain nya,,klo yg namanya suplayer lngsung ke mgb itu dari peternak bkan dari petani,karna petani itu panen nya berbulan""kecuali petani hidroponik baru bisa jdi suplayer",Neutral,1,Neutral,1,Neutral,0.036154546,0.88428205,0.07956342
825,Program ini fokusnya cuma JADI CUAN DAN KORUPSI,Negative,0,Negative,0,Negative,0.97752243,0.0016092467,0.02086824
883,"MBG mending buat daerah tertinggal deh. Bukan Jabodetabek. Kesel tw ngeliat orang yang harusnya g dpt MBG, tapi dibagi. Di obral lagi. Emosi jadi kenapa kita di suruh patungan ngasih makan anak orang. Padahal bapak ibunya bisa kerja di pabrik dan g kekurangan makanan. Emosi",Negative,0,Negative,0,Negative,0.98329526,0.002166495,0.014538204
1684,Basi atuh kalo dipakein telur,Negative,0,Negative,1,Neutral,0.15340427,0.7897963,0.05679948
190,"Harusnya daerah 3T yang paling di utamakan perihal MBG & Bangunlah sarana kesehatan ,pendidikan disana .",Positive,2,Positive,1,Neutral,0.03780837,0.86639154,0.0958001
2115,"pak prabowo, liat curhatan² seperti ini gk ya?",Neutral,1,Neutral,1,Neutral,0.04396825,0.89362025,0.06241145
33,"Melihat fakta di lapangan, perlu transparansi anggaran yang jelas dan audit berkala agar program ini bisa dievaluasi dengan baik oleh publik.",Neutral,1,Neutral,1,Neutral,0.034795664,0.8964141,0.068790264
1917,nih chef embeg anakku 😁,Neutral,1,Neutral,1,Neutral,0.019306617,0.8937602,0.0869332
378,Terima kasih banyak BBC Indonesia telah mengangkat berita ini 🌺🌸 🥹🥹🥹🥹🥹,Positive,2,Positive,2,Positive,0.007555734,0.0038071687,0.98863715
482,"Soalnya gx ada cuan nya buat di korupsi kl disana,bisa bisa di panah duluan kl ketahuan korupsi.",Negative,0,Negative,0,Negative,0.9789692,0.0015484195,0.01948234
21,Langkah yang baik untuk kualitas program yang lebih baik. Semangat dan sukses selalu BGN🙌,Positive,2,Positive,2,Positive,0.004932302,0.00074984174,0.9943178
3380,lokasi mana bang?,Neutral,1,Neutral,1,Neutral,0.027086306,0.91866153,0.054252144
5265,"Tentu saja, sebaiknya menu makanan disesuaikan dengan kearifan lokal dan hasil bumi di masing-masing daerah.",Neutral,1,Neutral,1,Neutral,0.030862346,0.91270304,0.056434654
4132,kasih paham kang,Neutral,1,Neutral,1,Neutral,0.028531177,0.90210754,0.06936119
2113,fakta di lapangan,Neutral,1,Neutral,1,Neutral,0.027014064,0.90433514,0.06865089
3119,"Menanggapi hal tersebut, diharapkan ada saluran pengaduan resmi jika pihak sekolah menemukan kendala terkait kualitas makanan MBG.",Neutral,1,Neutral,1,Neutral,0.049146403,0.8927373,0.05811632
2697,"Dek kmu lihat gak itu aku ngetik apa? km tiap hari scrol berita gak? minimal literasi dong aku udah ngetik kalau MBG mau di evaluasi . emg presiden berperan besar dalam semua keputusan, tapi presiden juga gabisa hendle semua nya dong kocak.makanya ada ketua disetiap progam/urusan suatu negara . pasti ada yg menangani dong dek. nah letak salahnya ya saat mereka udah dipilih buat menangani suatu pekerjaan, mereka tidak amanah. jgn nyalahin presiden karna ya presiden juga udah ngasi amanah ke orang yg sekiranya dia percayai mampu. tapi oknum² tertentu malah gak Bisa Istiqomah sama amanah nya.",Positive,2,Positive,2,Positive,0.0076749357,0.011505072,0.98082
82,Herann!!! Ekonomi lagi carut marut... Bukanya dihentikan dulu.. heran!!!!!!!!! Semua MUA naikkkkkkk,Negative,0,Negative,0,Negative,0.5100908,0.4452063,0.044702854
3085,"Coba spill kalau ada DAPUR MBG yang mau terima sayur 20 ikat, ikan kolam/laut 10 kg, telur 200 biji, ayam kampung 10 ekor dll.
Kalaupun ada harganya berapa?",Neutral,1,Neutral,1,Neutral,0.036414854,0.9122239,0.051361267
1938,lol bget anjir di kira petani Indonesia itu dikit yaa kalo ada beberapa petani yg g ke bantu kyk di vidio ini ya wajarr lahh😹,Negative,0,Negative,1,Neutral,0.17264746,0.7513054,0.07604715
4234,"Menanggapi hal tersebut, pengawasan terhadap vendor katering harus diperketat agar spesifikasi menu sesuai dengan perjanjian awal.",Neutral,1,Neutral,1,Neutral,0.028977672,0.8959723,0.07504997
3337,omong kosong dong ya,Negative,0,Negative,0,Negative,0.9790627,0.005737404,0.015199881
1993,"Terkait kebijakan ini, kebersihan tempat pengolahan makanan di beberapa titik masih di bawah standar dan sangat mengkhawatirkan.",Negative,0,Negative,0,Negative,0.97841907,0.0015068827,0.020074133
724,Hati2 nanti bbc news dibilang londo ireng,Neutral,1,Neutral,1,Neutral,0.08048905,0.82507914,0.09443174
4040,"Harus diakui, penting untuk memastikan sanitasi peralatan makan dan tempat penyajian selalu dalam kondisi bersih dan steril.",Neutral,1,Neutral,1,Neutral,0.030535439,0.92015797,0.04930657
3415,Uang Rakyat Itu... 🥺,Neutral,1,Neutral,1,Neutral,0.06823235,0.8474503,0.08431729
5213,Memang benar bahwa sangat positif untuk pemerataan gizi anak-anak dari berbagai latar belakang ekonomi keluarga.,Positive,2,Positive,2,Positive,0.0075289267,0.0008126337,0.9916584
5143,@gerindra @Gibran Rakabuming @OfficialiNews,Neutral,1,Neutral,1,Neutral,0.026457436,0.9079479,0.06559472
1580,Bagaimana regulasi bagi sekolah yang sudah memiliki kantin sehat sendiri sebelum program ini berjalan?,Neutral,1,Neutral,1,Neutral,0.02723989,0.87576234,0.09699777
1104,Siapa yg peduli,Neutral,1,Neutral,1,Neutral,0.03233118,0.6342111,0.33345768
940,"buka mbg di papua anggaran 15 rb bukanya untung ya malah rugi soalnya bahan makanan disana mahal bgt, terus apa yang mau dikorupsi???? mending buka di jawa",Negative,0,Negative,0,Negative,0.97426176,0.0018146774,0.023923533
5012,Perlu kejelasan alur distribusi bahan pangan dari petani langsung ke dapur umum MBG.,Neutral,1,Neutral,1,Neutral,0.058049284,0.88932353,0.052627258
1405,Kepala doang dicopot. 😂😂😂.pemiliknya besok tinggal pungut di pinggir jalan. Dicopot lg. Tinggal cari lagi di pinggir jalan,Neutral,1,Neutral,1,Neutral,0.16859505,0.773137,0.05826795
3591,betul saya jualan tempe ditawar harga murah gk kira kira nyampe dapur beda harga😏,Neutral,1,Neutral,1,Neutral,0.038538508,0.90143627,0.060025178
931,Nah ini tujuan MBG salah satunya untuk menangani stunting Tapi nyatanya apa Malah Sppg banyak numpuk di Jawa. Dari bisa di lihat tujuan prioritas dari program ini belum tercapai,Neutral,1,Neutral,1,Neutral,0.076049685,0.8199086,0.10404169
3136,fakta dilapangan rantai pasok pasar tradisional rusak parah.. petani semakin susah,Negative,0,Negative,0,Negative,0.97552276,0.0015420973,0.022935068
1856,"budget dan bahan yang sama, beda eksekusi , kenapa yg lain ga bisa chep?",Neutral,1,Neutral,1,Neutral,0.02619451,0.89831823,0.075487204
1423,Bener kata pak mahmud md pejabat yng byran udah gede korupsi itu gila.,Negative,0,Negative,0,Negative,0.986541,0.0019127049,0.011546372
3860,"Melihat fakta di lapangan, perlu ada survei berkala kepada para guru dan siswa untuk mengetahui respon dan efektivitas menu MBG.",Neutral,1,Neutral,1,Neutral,0.063576415,0.88416284,0.052260786
1255,Setop mbg lengserkan bos mbg,Negative,0,Negative,0,Negative,0.9705955,0.0119489655,0.01745562
1178,"GK usah perbaikan"" langsung tutup aja mbg debelum korban lebih banyak",Negative,0,Negative,1,Neutral,0.04110252,0.894948,0.06394947
5549,Betul bro. Ribet,Neutral,1,Neutral,1,Neutral,0.05236095,0.91145325,0.036185794
4052,Bagaimana skema pembagian tugas antara pihak sekolah dan dinas terkait dalam pengelolaan program makan siang ini?,Neutral,1,Neutral,1,Neutral,0.031914886,0.8949207,0.073164396
2990,"Up kaka, biar oknum2 di jerat hukum",Neutral,1,Neutral,1,Neutral,0.046959553,0.87912774,0.0739127
3729,kok ikan jadinya chiken finger wkwkwk😂😂😂,Neutral,1,Neutral,1,Neutral,0.034538463,0.89205927,0.07340231
3356,"bg, kenapa MBG untuk 3B tidak di rapel 3 hari lagi?",Neutral,1,Neutral,1,Neutral,0.08046656,0.82583857,0.09369491
443,Keterbelakangan emang isi pejabat pemerintah kita ini,Neutral,1,Neutral,0,Negative,0.8591144,0.10267351,0.038212094
4312,"Menanggapi hal tersebut, semoga ada mekanisme pemilahan sampah organik dan kemasan sisa makanan yang terkelola dengan baik di sekolah.",Neutral,1,Neutral,1,Neutral,0.03537189,0.90462005,0.060008008
4222,@gerindra @Teddy Indra Wijaya HQ,Neutral,1,Neutral,1,Neutral,0.033348385,0.891426,0.07522559
297,"Ya Allah,., kasian banget mereka,., 😭😭",Neutral,1,Neutral,0,Negative,0.9613539,0.014021713,0.024624415
3334,naaaahhhh.....ini betul abangnya👍👍👍👍 tapi pasti ada yang gak percaya sama abang,Neutral,1,Neutral,1,Neutral,0.053122662,0.8779257,0.06895167
2927,gua suka nih bapa ini. mantepp pak,Positive,2,Positive,2,Positive,0.004944247,0.00080954714,0.9942462
897,Mbg kusus korupsi bukan untuk rakyat,Negative,0,Negative,0,Negative,0.9775979,0.0017822881,0.020619735
2218,gue dukung cokkk 🤣. pemerintah KNTOL emang,Positive,2,Positive,2,Positive,0.0066273534,0.0010938315,0.9922788
5155,"Harus diakui, langkah maju untuk mencetak generasi muda Indonesia yang sehat, cerdas, dan berdaya saing tinggi.",Positive,2,Positive,2,Positive,0.0042585796,0.00078282866,0.9949586
1772,bang jgn terlali jujur takut akun hilang 😢,Positive,2,Positive,2,Positive,0.0037168674,0.0019686404,0.9943145
3365,Mantap sekali disini ga ada chefnya barangkali ada kenalan berpengalaman mau kerja di mbg daerah Sukabumi,Positive,2,Positive,2,Positive,0.005982781,0.0012039735,0.9928133
643,"dari awal memang aneh. kenapa yang dibangun di Jawa dulu, sedangkan yang memang butuh program ini di luar jawa",Neutral,1,Neutral,1,Neutral,0.07827271,0.83458704,0.08714027
1777,"ahli gizi dia cuma suruh itungin Karbo, gizi seberapa itu doang kalau g salah, enak ahli gizi sama dia",Positive,2,Positive,2,Positive,0.005322161,0.00079198566,0.9938858
1776,JD ahli gizi tinggal ACC ya bang?,Neutral,1,Neutral,1,Neutral,0.031141229,0.87964123,0.08921759
2312,dirugikannya knp pak?,Neutral,1,Neutral,1,Neutral,0.07315584,0.84573793,0.081106246
5194,Mimin.. @gerindra mohon disampaikan supaya ada survey dr pemerintah. karna kami yakin bukan programnya yg TDK bagus tapi sistem dan korupnya SDM kita sndiri.,Positive,2,Positive,0,Negative,0.97597927,0.0019551069,0.022065703
1227,"MBG lg MBG lg yg jd ribut , lbh baik MBG di stop...pak presiden dengerin dong inspirasi rakyat dan jgn kemauan diri sendiri.",Neutral,1,Neutral,1,Neutral,0.4148321,0.51274043,0.07242753
3329,tidak begitu juga kak...,Neutral,1,Neutral,1,Neutral,0.064861655,0.84137464,0.09376362
4013,"proyek minim pengawasan, tapi siapa juga yg berani ngawasin TNI/Polri?",Negative,0,Negative,1,Neutral,0.10773112,0.8297945,0.062474325
1553,Maaih kurang malah...,Neutral,1,Neutral,1,Neutral,0.042306706,0.8927151,0.06497821
2044,"Aku pernah Kak, dapet daging ayam di MBG tapi ayam nya tuh bau aneh sampai orang-orang di sekolah heboh teriak ayam tiren. Makanya selalu waswas",Neutral,1,Neutral,1,Neutral,0.051722053,0.85807717,0.090200745
3339,betul sekali bg,Neutral,1,Neutral,1,Neutral,0.044846866,0.8605012,0.094651975
2949,"padahal serakyat rakyatnya pada koruptor,",Negative,0,Negative,0,Negative,0.9783174,0.0020781206,0.019604443
2274,"yang darurat pikiran lu brow😂,, heran deh sekarang semua orang tiba2 paham geopolitik,tiba2 aja gitu🫢",Neutral,1,Neutral,1,Neutral,0.020868968,0.8994123,0.079718694
5082,"harus kembali ke sistem yang sudah bobrok birokrasinya di semua lini ,, berbelit dan bertele2 . tidak sesuai dengan konsep yabg di sampaikan berkesinambungan dari hulu ke hilir, ujungnya harus cuan dulu baru lancar🤣",Negative,0,Negative,0,Negative,0.9758119,0.0016385709,0.022549499
5402,Apakah ada rencana sertifikasi halal dan uji laboratorium rutin untuk seluruh bahan makanan yang dipakai?,Neutral,1,Neutral,1,Neutral,0.057239503,0.87672627,0.066034146
5300,@gerindra @Polisi Indonesia @Kementerian Agama RI,Neutral,1,Neutral,1,Neutral,0.041248284,0.89512646,0.0636253
1300,Gokil prabowo program mbg untuk pejabatnya. Wong masyarakat aja menolak😂 Habis banyak mbg ada mentri mbg juga.namba² biaya negara untuk gaji mereka,Neutral,1,Neutral,0,Negative,0.44057268,0.24803396,0.3113934
1147,"nah kan, lagi lagi program pemerintah hanya sebuah kepalsuan",Neutral,1,Neutral,0,Negative,0.9794852,0.0035432659,0.016971545
3933,Benerrrr 😁 saratnya kudu up nota semahal mgkn 😂,Neutral,1,Neutral,1,Neutral,0.042780336,0.90223086,0.054988798
3047,"jujur MBG gak selalu bikin orang makin pintar, contohnya disekolah aku, istirahat jam 10 dan MBG dibagi, selesai makan MBG beberapa murid langsung pulang, bahkan kaya sayur yang gak pas di mereka itu dibuang ketempat sampah 🥀",Negative,0,Negative,2,Positive,0.007771446,0.0018386845,0.9903898
4318,bisa bang asal mau di ajak kong kalikong sayur 5 ton di notanya harus 20 ton😅😅,Neutral,1,Neutral,1,Neutral,0.04235181,0.87660384,0.08104437
5131,"Tentu saja, semoga proses pengadaan barang dan jasa untuk program MBG ini bisa dipantau secara terbuka oleh publik.",Neutral,1,Neutral,1,Neutral,0.024880406,0.90623945,0.0688801
3382,nih embeg pas hbd ku 😭 😁,Neutral,1,Neutral,1,Neutral,0.02548139,0.8781808,0.096337736
3563,@sudaryono @@grindra @Prabowo,Neutral,1,Neutral,1,Neutral,0.040408466,0.88545513,0.07413637
2992,"Jujur saja, perlu dipertimbangkan variasi buah-buahan lokal yang mudah diperoleh dan kaya akan vitamin.",Neutral,1,Neutral,1,Neutral,0.059200384,0.8631223,0.077677295
365,Papua di goyang gemoy..,Neutral,1,Neutral,1,Neutral,0.039991632,0.86827403,0.091734335
5223,"Dari sudut pandang masyarakat, khawatir program ini tidak berkelanjutan dan hanya menghamburkan uang negara tanpa dampak jangka panjang yang terukur.",Negative,0,Negative,0,Negative,0.97945833,0.0016444948,0.018897265
4671,"Pernah dapet clinet pemerintahan buat website harga nya 3jt, eh dia minta nota 10jt. 3x lipat njeer, akhirnya disitu mutusin gak mau lagi ambil job dr pemerintah.",Neutral,1,Neutral,1,Neutral,0.031291544,0.90515995,0.06354849
861,>buka dapur MBG >ditembak OPM ya gw juga ogah...,Neutral,1,Neutral,1,Neutral,0.03202287,0.91353565,0.054441538
3501,petani lbh pinter dr pd pejabat,Neutral,1,Neutral,1,Neutral,0.07547871,0.77520806,0.14931318
87,"Selamat malam pak, tolong sidak sppg jakarta, ini menu mbg untuk ibu hamil dan balita pak tolong 🥹",Neutral,1,Neutral,1,Neutral,0.065978065,0.84562606,0.08839592
5449,"Terkait kebijakan ini, perlu kajian lebih lanjut mengenai efisiensi operasional pengantaran makanan ke sekolah pelosok.",Neutral,1,Neutral,1,Neutral,0.04237789,0.8771744,0.08044772
2610,Tolong perhatikan aspek logistik untuk pengiriman makanan ke sekolah-sekolah yang berada di wilayah terpencil.,Neutral,1,Neutral,1,Neutral,0.02436152,0.91288215,0.06275632
2434,"Tentu saja, perlu dipertimbangkan variasi buah-buahan lokal yang mudah diperoleh dan kaya akan vitamin.",Neutral,1,Neutral,1,Neutral,0.056123838,0.8606767,0.08319945
2837,ada tp ttp gk masuk...,Neutral,1,Neutral,1,Neutral,0.05158559,0.8831374,0.06527703
5005,"bapak/ibu petani, peternak kecil jangan berbisnis dengan negara ya🙏
mereka ga peduli tentang kesejahteraan kalian
yg dibutuhkan itu bisa ga produk yg kalian jual itu semurah murahnya atau jual rugi",Neutral,1,Neutral,1,Neutral,0.029928345,0.90446305,0.065608576
79,Badan gijil nasional,Neutral,1,Neutral,1,Neutral,0.0362128,0.9008115,0.06297569
2139,"saya pernah jual ikan lele dengan harga 24 per kilo nya pihak mbg entah org itu yg memang tukang belanja bahan pokok nya atau bkn jabatan dia jg di sppg itu saya tidak tau dia bagian apa
tidak tuh tidak di tawar dengan paksa saya kasih harga 24 perkilo memang ada tawar menawar tapi saya kekeh gk ngasih buat di kurangin dan tidak ada jg nota antara saya penjual dengan pembeli dia sebagai pembeli tidak minta nota apalagi minta tambah harga
saya rutin jual ikan lele saya per 1 minggu sekali 1-2 kintal ikan lele konsumsi susah nya dari mana kalo emng udh rezeki gampang bang
dari awal cuma dia kepepet gk ada lauk nyari susah saya punya tmn dan tmn saya menyarankan ke pihak sppg itu untuk ke saya skrng saya jadi rutin suplai ikan lele itu jadi gimana susah nya itu kalo emng udh ada rezeki barang apa pun bisa di jual bisa walaupun tidak melalui di beli oleh mbg awal nya pun saya gk pernah jual ke mbg",Neutral,1,Neutral,1,Neutral,0.042101633,0.8698934,0.08800496
3555,colek admin negara..@gerindra @Purbaya Yudhi Sadewa @Gibran Rakabuming cek langsung terjun lapangan..,Neutral,1,Neutral,1,Neutral,0.04121247,0.883264,0.07552357
3204,Langsung kebukti berarti emang pemerintah baru kerja kalau ada koneksinya dulu bukan pure dengerin aspirasi rakyat🫢😔🙏,Neutral,1,Neutral,1,Neutral,0.02559248,0.89088607,0.08352147
1076,Karna jawa takut masyarakat Papua jadi pintar..nanti tidak ada emas yang bisa dikeruk dan lahan sawit baru...jadi ya bgitu dibiarkan memang sengaja. PAPUA merdeka!,Negative,0,Negative,0,Negative,0.8510484,0.112870194,0.03608142
1382,Berita ini yg harus dinaikkan,Neutral,1,Neutral,1,Neutral,0.033870913,0.90130675,0.06482229
774,Ini negara koruptor ngak heranlah merdekakan Papua Kalimantan Sulawesi dan Sumatra,Negative,0,Negative,0,Negative,0.978228,0.0014408414,0.020331189
918,"papua mending ikut timor leste aja gak siihhh ,. kasihan liatNya, .. ikut indo tapi di anak tirikan ..",Negative,0,Negative,0,Negative,0.96304244,0.021102201,0.01585546
1789,ini enak bun,Positive,2,Positive,2,Positive,0.004948974,0.0022266319,0.99282444
163,Ini fakta ya bukan omon2,Negative,0,Negative,0,Negative,0.98311204,0.002890217,0.013997841
4224,ada beberapa prosedur bang. ada yang kaya gt. ada yng langsung ambil dari petani.,Neutral,1,Neutral,1,Neutral,0.039872937,0.89613724,0.063989766
36,Salahkan para mahasiswa rakyat akan turun ke jalanan untuk demo besar2an,Neutral,1,Neutral,1,Neutral,0.38123906,0.48759472,0.13116623
5134,"Tentu saja, perlu dipastikan kapasitas produksi dapur umum mampu memenuhi kuota seluruh sekolah di target wilayah.",Neutral,1,Neutral,1,Neutral,0.042709045,0.90602744,0.051263556
1588,salahin pengelola nya,Neutral,1,Neutral,1,Neutral,0.03382694,0.88372767,0.082445435
4518,"Menanggapi hal tersebut, pengelolaan sampah sisa makanan harus dipikirkan agar tidak menimbulkan masalah lingkungan di sekolah.",Neutral,1,Neutral,1,Neutral,0.034952283,0.9044888,0.060558982
2655,"njir GK harus faktur pajak anying ,,, yg penting ad KTP bisa diinput kok ,",Neutral,1,Neutral,1,Neutral,0.059265513,0.8823829,0.058351625
3005,"makanya statmen mentrinya yg dibenerin cuk, hadehhh",Neutral,1,Neutral,1,Neutral,0.040368356,0.88246286,0.07716875
4585,semoga dinotice ya kak sama pemerintah dan bisa bertemu serta berbicara langsung.,Neutral,1,Neutral,1,Neutral,0.057513755,0.56746584,0.37502035
66,Parah! @idai_ig tak didengarkan!!,Neutral,1,Neutral,0,Negative,0.97787106,0.0044872314,0.017641835
4114,"Harus diakui, perlu kajian lebih lanjut mengenai efisiensi operasional pengantaran makanan ke sekolah pelosok.",Neutral,1,Neutral,1,Neutral,0.033075154,0.8917071,0.07521775
4652,Program kebanggaan wowo,Positive,2,Positive,2,Positive,0.0050968747,0.0010289211,0.99387413
2118,seluruh petani Indonesia TOLONG SUARAKAN HASIL PERTANIAN MU AGAR BISA MASUK KE DAPUR MBG... KARNA DARI KITA UTK ANAK² BANGSA,Neutral,1,Neutral,1,Neutral,0.03054047,0.8945154,0.07494414
697,Nqh iya harusnya dapur mbg prioritas di papua,Neutral,1,Neutral,1,Neutral,0.028064754,0.8930382,0.078897014
5242,lah kalian siapa? ikut2an.,Neutral,1,Neutral,1,Neutral,0.034635503,0.8960246,0.06933989
4902,"Menurut saya, diharapkan ada saluran pengaduan resmi jika pihak sekolah menemukan kendala terkait kualitas makanan MBG.",Neutral,1,Neutral,1,Neutral,0.035774615,0.88545847,0.07876685
2551,enggak.. harga rusak dengan adanya mbg inu,Negative,0,Negative,0,Negative,0.9787603,0.0019122841,0.019327309
129,"Tentu saja, perlu kajian lebih lanjut mengenai efisiensi operasional pengantaran makanan ke sekolah pelosok.",Neutral,1,Neutral,1,Neutral,0.04182841,0.8798914,0.078280166
5178,"Tentu saja, kesiapan tenaga pengolah makanan di setiap sentra dapur perlu mendapat sertifikasi kebersihan pangan.",Neutral,1,Neutral,1,Neutral,0.03346021,0.8949666,0.07157315
4010,jual kepasar saja lebih mudah dan lebih menguntungkan,Neutral,1,Neutral,1,Neutral,0.050910216,0.6447019,0.30438787
2762,Memang benar bahwa perlu transparansi anggaran yang jelas dan audit berkala agar program ini bisa dievaluasi dengan baik oleh publik.,Neutral,1,Neutral,1,Neutral,0.041829254,0.8823248,0.07584588
2119,curhatan yang barangkali sebuah faktta di lapangan,Neutral,1,Neutral,1,Neutral,0.046655957,0.8976455,0.05569853
3176,"Harus diakui, perlu diperhatikan ketahanan makanan selama proses pengiriman agar tidak cepat basi saat cuaca panas.",Neutral,1,Neutral,1,Neutral,0.031453326,0.912836,0.05571059
3962,Memang benar bahwa senang melihat anak-anak antusias menikmati makanan sehat dan bergizi di sekolah mereka.,Positive,2,Positive,2,Positive,0.008684659,0.0008525345,0.99046284
996,prabowo mana mau dengar,Neutral,1,Neutral,1,Neutral,0.027946886,0.8949398,0.07711327
4055,"Jujur saja, perlu diperhatikan ketahanan makanan selama proses pengiriman agar tidak cepat basi saat cuaca panas.",Neutral,1,Neutral,1,Neutral,0.043645788,0.8804059,0.07594828
1301,"Ingin menjatuhkan pemerintahan tapi bingung mencari alasan , bingung mencari titik permasalahan yang tidak bisa di ampuni , semua aksi terlihat jelas Drama dan rekayasa nya ... ... ?!!!",Neutral,1,Neutral,0,Negative,0.89837664,0.06842097,0.033202346
2608,omon2 doang. banyak yang nanyain di mana ga dijawab.,Negative,0,Negative,0,Negative,0.9761621,0.0028153227,0.021022657
1613,"ah iri banget sama sppg nya, kami mah telur ayam telur ayam trus kwkwkw",Neutral,1,Neutral,1,Neutral,0.115669504,0.57817316,0.3061573
1995,"Menurut saya, transparansi harga satuan paket makanan sangat diragukan karena kualitas yang disajikan tampak sangat murah.",Negative,0,Negative,0,Negative,0.98217654,0.0022549378,0.0155685125
1550,Tapi harus di tingkat kan kwalitas nya,Neutral,1,Neutral,1,Neutral,0.040403172,0.88245034,0.07714649
5412,"Dari sudut pandang masyarakat, semoga program ini berjalan konsisten dan membawa berkah bagi kemajuan pendidikan di Indonesia.",Positive,2,Positive,2,Positive,0.0045301337,0.0011847216,0.99428517
5351,gimana pak@gerindra @Gibran Rakabuming @Purbaya Yudhi Sadewa,Neutral,1,Neutral,1,Neutral,0.033211768,0.88743573,0.079352506
789,"udah diabaikan, buat buang ASN yg tidak kompeten pula, segitu abainya rezim gemoy",Negative,0,Negative,0,Negative,0.9797308,0.0037622284,0.01650693
2667,trus yg koar2 petani sejahtera gara2 hasil taninya d beli MBG apa kabar?,Neutral,1,Neutral,1,Neutral,0.05233502,0.5229567,0.42470828
681,😭😭😭😭 gak ikhlas banget pemerintah masih sana sini party sedangkan rakyatnya tercekik begini 😭,Neutral,1,Neutral,0,Negative,0.9842248,0.0031875924,0.012587669
4107,@Teddy Indra Wijaya HQ @Prabowo @Nanik S Deyang,Neutral,1,Neutral,1,Neutral,0.036826357,0.88288146,0.080292165
4421,"kalau emng betul bang, mudahan bisa cepat dibantu abangnya oleh presiden atau menpen",Neutral,1,Neutral,1,Neutral,0.041041844,0.87871885,0.08023931
4650,"AKU JUAL KERIPIK TEMPE DI KARAWANG TERUS DITAWAR MBG SETENGAHNYA HARGA YG AKU JUAL☠️aku tolak, gilak ahhhhh",Neutral,1,Neutral,1,Neutral,0.03932469,0.88610303,0.07457232
1821,chepp tolong lah ajarin sppg tmpat saya ni😭,Neutral,1,Neutral,1,Neutral,0.04954868,0.8806307,0.06982059
3530,chiken fingger apa fingger fish ?,Neutral,1,Neutral,1,Neutral,0.035580713,0.90270925,0.061710052
1273,"Coba pejabat yg dipilih rakyat mendengar suara rakyat,,, MBG itu program bancakan",Negative,0,Negative,0,Negative,0.98027575,0.0025586071,0.017165665
436,Karna di sana buat korupsi nya kecil Distribusi untuk program nya banyak makan ongkos perjalanan nya Jadi anggaran untuk korupsi nya kecil,Negative,0,Negative,0,Negative,0.974855,0.002615502,0.02252948
3168,Banyak mangsa disini @gerindra,Neutral,1,Neutral,1,Neutral,0.044517443,0.8629121,0.0925705
810,DANA OTSUS KEMANA AJA????,Neutral,1,Neutral,1,Neutral,0.060143583,0.8715186,0.06833773
1522,"Gimana mau Indonesia cerdas gizi aja di korupsi 😂, kita liat aja lah kinerja Prabowo selama satu periode ini",Negative,0,Negative,0,Negative,0.9793523,0.001863863,0.018783826
5366,"0 BESAR, PROGRAM OMONG KOSONG, biaya hidup semakin tinggi",Negative,0,Negative,0,Negative,0.98211217,0.0019733156,0.015914444
4403,"Boleh mbg di lanjutin , tapi berikan ke pada masyarakat , jngan di kelola para pejabat , bentuk yayasan masyarakat per kelurahan , bank kucurkan dana pinjaman untuk pembangunan , masyarakat nya yg bekerja , hasil dari pemerintah untuk bayar ke bank , percepat kopdes berjalan untuk menampung langsung hasil pertanian , perkebunan dan para peternak agar langsung masuk ke dapur sppg , itu baru real dari rakyat untuk rakyat , tugas pemerintah hanya mengawasi dan mengaudit , siapkan sistem laporan pengeluaran 1 pintu sistem yang bisa di akses masyarakat , tapi berani gak ??????🤣🤣🤣🤣🤣🤣🤣🤣🤣",Neutral,1,Neutral,1,Neutral,0.024708666,0.7636002,0.21169119
380,"papua Indonesia juga, program MBG prioritas disini, bukan di kota2 besar",Neutral,1,Neutral,1,Neutral,0.03229335,0.90830636,0.059400342
3650,"Dari sudut pandang masyarakat, perlu ada survei berkala kepada para guru dan siswa untuk mengetahui respon dan efektivitas menu MBG.",Neutral,1,Neutral,1,Neutral,0.03737069,0.88475406,0.07787525
4622,"Harus diakui, harus ada tim ahli gizi yang rutin mengecek kualitas dan kandungan kalori makanan di setiap unit dapur.",Neutral,1,Neutral,1,Neutral,0.03936358,0.8873057,0.073330775
4596,waduuuhhh bukan pro rakyat tu bos😳,Neutral,1,Neutral,1,Neutral,0.046565473,0.88018477,0.07324975
4560,"Terkait kebijakan ini, sebaiknya menu makanan disesuaikan dengan kearifan lokal dan hasil bumi di masing-masing daerah.",Neutral,1,Neutral,1,Neutral,0.033425976,0.8895672,0.077006795
716,Gak akan mungkin! Kan koruptornya di DKI dan Jabar semua.,Negative,0,Negative,0,Negative,0.979107,0.0018347098,0.019058304
5066,"bener bang, makanya. terjadi ketimpangan pendapatan.",Neutral,1,Neutral,1,Neutral,0.056894068,0.8808823,0.06222359
4944,Sebaiknya libatkan UMKM kuliner dan warung lokal di sekitar sekolah sebagai mitra penyedia makanan MBG.,Neutral,1,Neutral,1,Neutral,0.026967227,0.9130295,0.060003337
306,Ya Allah sakit hati bgt liatnyaaa,Neutral,1,Neutral,1,Neutral,0.09182643,0.82529134,0.082882285
4600,"sabar pak, nanti diusut sama pak presiden. tapi 3 tahun lagi",Neutral,1,Neutral,1,Neutral,0.0336315,0.914512,0.05185653
1338,Penyesalan saya sampai sekarang adalah : waktu itu saya pilih prabowo,Negative,0,Negative,0,Negative,0.9790413,0.0027786281,0.01818006
2576,dikit dikit ganti presiden dikit dikit ganti presiden entar pas di ganti presiden makin bobrok minta balikin enggak ada syukur bener,Negative,0,Negative,0,Negative,0.9743853,0.001984296,0.023630347
4362,"Menanggapi hal tersebut, pihak dinas terkait harus rutin melakukan uji sampel makanan secara acak di berbagai sekolah.",Neutral,1,Neutral,1,Neutral,0.030757828,0.8990446,0.070197694
1818,"Harus diakui, harap disosialisasikan secara rinci kepada wali murid mengenai rincian menu dan kandungan nutrisi harian.",Neutral,1,Neutral,1,Neutral,0.024665717,0.9000221,0.07531219
4922,"wkwk percuma mas., pakde kita engga akan denger. wong gak main tiktok.",Negative,0,Negative,0,Negative,0.9787562,0.0022241867,0.019019553
2395,Sangat mendukung program makan bergizi gratis ini agar anak-anak sekolah makin sehat dan semangat belajar.,Positive,2,Positive,2,Positive,0.006116979,0.0006980531,0.993185
4480,"semua bermain di Nota bang....
misal mbg pesen 1ton abangnya kudu siapin nota 1 ton 10 lembar biar MBGnya Cuannn....di sini tuh klo ga Mark up ga UNTUNG",Negative,0,Negative,0,Negative,0.9805306,0.00142679,0.018042613
2651,"jgn di like sendiri, ramaikan?",Neutral,1,Neutral,1,Neutral,0.0357336,0.87286174,0.09140457
5454,"jangan jual ke MBG
harga di tawar paling murah
di utangin bayar seminggu
😂😂😂😂",Neutral,1,Neutral,1,Neutral,0.105829224,0.8435792,0.050591562
332,karena apa mahal? karena tidak ada jalan. Semua mulai dari infrastruktur.,Neutral,1,Neutral,1,Neutral,0.054522954,0.87922144,0.06625559
4695,"Dari sudut pandang masyarakat, semoga program mulia ini terus berlanjut dan menjadi contoh bagi program kesejahteraan lainnya.",Positive,2,Positive,2,Positive,0.0057409136,0.0008077291,0.99345136
590,"Puluh puluhan thn petugas pe. Erintah dari pusat kedaerh dan Terima gJi dari negara , ttpi tidak sedikit masyrakat scaraumum belum menikmati hidup yg layak , seharusny petugasny merasa malu mnikmati keuntungan diatas kesengsaraan rakyatny sendiri , dan jangan mudah mnylahahkn warga se elum melihat kenyataan yg trjadi",Negative,0,Negative,0,Negative,0.9493114,0.032700855,0.017987782
5264,Diharapkan ada transparansi data mengenai jumlah sekolah dan siswa yang sudah terlayani MBG hingga saat ini.,Neutral,1,Neutral,1,Neutral,0.07430371,0.8709638,0.05473245
5534,"Tentu saja, perlu dipertimbangkan variasi buah-buahan lokal yang mudah diperoleh dan kaya akan vitamin.",Neutral,1,Neutral,1,Neutral,0.056123838,0.8606767,0.08319945
1952,bkn cmn petani kocak. semua terpengaruh,Neutral,1,Neutral,1,Neutral,0.026922688,0.84106374,0.13201354
869,kebijakan pemerintah tuh yg dapat dipercaya cuma tgl bulan tahun kapan kebijakannya di buat/disahkan🤣🤣🤣prakteknya ya tau sendirilah🤭🤭,Neutral,1,Neutral,1,Neutral,0.030424917,0.88420045,0.08537465
676,"15rb dapat apa di papua,, harga tepung sagu di mappi saja 150rb/Kg, butuh penyesuaian harga perporsi MBG utk papua",Neutral,1,Neutral,1,Neutral,0.042217776,0.88193315,0.07584906
3658,"bener kak,kakakku kapok gak mau lg kerjasama dgn mbg masukin susu dgn harga serendah2nya tp dinota minta harga normal,naudzubillah semua yg terlibat di mbg itu bener2 korupsi semua",Negative,0,Negative,0,Negative,0.9785057,0.0018384804,0.019655807
3762,lah kmren bnyak yg komen petani makmur KRNA mbg,Neutral,1,Neutral,1,Neutral,0.035269145,0.88293016,0.08180069
5196,betul betul tul tul tul tuuulllluuuuunnnngggggg😅,Neutral,1,Neutral,1,Neutral,0.04175154,0.8934394,0.06480912
5127,"@gerindra aduhhh, pantes kemarin pas hari buruh banyak yg bilang ga setujuu",Negative,0,Negative,1,Neutral,0.10600476,0.5464233,0.34757194
1108,Saran ya..KLO mmang ga ngurus..biarkan aja Papua merdeka....biar PBB yg nanganin..,Neutral,1,Neutral,1,Neutral,0.03271982,0.8972681,0.07001216
2152,chef kumink d tempat'in d daerah mana ya 🤭😁,Neutral,1,Neutral,1,Neutral,0.040827837,0.90210426,0.05706797
2550,jadi pertanyaanya mbg pro petani tidak yaa??,Neutral,1,Neutral,1,Neutral,0.04728452,0.8828339,0.069881596
3209,"ya klo emang bisa gitu bantu lah cariin koneksi bang sekalian. klo dh bikin video begini, pasti dh nyari info bang",Neutral,1,Neutral,1,Neutral,0.031583484,0.88639134,0.082025185
3384,kenapa tempat saya mbgny ga seperti chef ya,Neutral,1,Neutral,1,Neutral,0.020302832,0.91861194,0.061085284
4742,tolongg cek ya @gerindra,Neutral,1,Neutral,1,Neutral,0.035288338,0.8879685,0.07674312
4519,@gerindra @Gibran Rakabuming,Neutral,1,Neutral,1,Neutral,0.032243393,0.9024916,0.065265015
5378,Mahkota King 👑,Neutral,1,Neutral,1,Neutral,0.040234175,0.8781135,0.0816523
2246,gak ada petani lu bakalan makan kerikil cukk,Neutral,1,Neutral,1,Neutral,0.15404406,0.8081508,0.03780508
4336,lha terus yg demo dukung MBG kemarin itu siapa ya? 🤔,Positive,2,Positive,2,Positive,0.005276056,0.0008235249,0.9939004
609,ngapain anjir ngadain MBG di Jawa ketika di Papua listrik aja ga ada???,Negative,0,Negative,1,Neutral,0.25346223,0.67715245,0.069385305
1215,Terus bersuara sodara² !!!,Neutral,1,Neutral,1,Neutral,0.03234146,0.8586639,0.10899458
203,menonton dengan emosi... trims bbc.,Negative,0,Negative,2,Positive,0.035189696,0.025584605,0.93922573
758,"Dua Kata ""TIDAK MENGUNTUNGKAN"" . Jika kamu adalah investor SPPG, ketika kamu di Jawa bisa menyetor 1000 ompreng hanya dg menuju satu Desa/Sekolah, kenapa harus repot ke Papua, daerah dimana kamu hanya untuk menyuplai 1000 ompreng saja mesti merangkul puluhan Desa/Sekolah dg akses jalan yg sangat buruk. Secara bisnis ini sangat tidak menguntungkan",Neutral,1,Neutral,0,Negative,0.8123233,0.14982991,0.037846796
225,"stunting yang didengungkan pemerintah itu hanya strategi biar duit cair korupsi jalan, tapi pusatnya stunting di pedalaman papua gak pernah tersentuh",Negative,0,Negative,0,Negative,0.980208,0.0022412748,0.017550712
4979,yaaaaaa begitukan makanyaa cuma media aja di lapangannya hanya orang dalam aja . jaman prabowo kkn makin merajalela,Negative,0,Negative,0,Negative,0.9822995,0.0017287051,0.015971743
392,Karena parpol te eni isilop para Pemilik bisnis dapur ngga mau invest disitu,Neutral,1,Neutral,1,Neutral,0.28459993,0.6445135,0.07088661
145,"semoga sodara sodara kita di sana selalu dilindungi, diberi kesehatan dan sejahtera. Sedih banget liat realitanya di sana seperti apa :(",Negative,0,Negative,0,Negative,0.9236922,0.023745315,0.0525624
4866,Memang benar bahwa perlu ada survei berkala kepada para guru dan siswa untuk mengetahui respon dan efektivitas menu MBG.,Neutral,1,Neutral,1,Neutral,0.04440443,0.87665075,0.078944795
311,"Justru merekalah yang paling berhak mendapat itu 😢 ""Haus dengan air mata, lapar dengan air mata""",Neutral,1,Neutral,1,Neutral,0.08589653,0.8643498,0.049753662
3989,Trus yg demo petani kemarin,Neutral,1,Neutral,1,Neutral,0.04279366,0.90061,0.0565963
4158,@gerindra please dengerin min,Neutral,1,Neutral,1,Neutral,0.047718182,0.87143475,0.08084704
855,"Buat kalian yg kepancing komen. Ciri bot buzzer, ada 4 angka random di belakang namanya atau kentara username asal generate. Mau bela atau benci jangan dianggep. Harga mereka antara 50-400rb gini kok hidupnya. Bela terus yang salah sampe mati karena mereka bukan mahluk hidup. Gausah dibalesin sayang waktu dan emosi kalian.",Negative,0,Negative,0,Negative,0.98293924,0.0015708933,0.015489922
1817,kaliper. cuma ambil yg menurut mereka menguntungkan,Neutral,1,Neutral,1,Neutral,0.042471826,0.8668406,0.090687595
1395,Tinggal nunggu korupsi aja anak baru ini...gak ada yg betul kelen pejabat korupsi semiuaa,Negative,0,Negative,0,Negative,0.97776574,0.0015974287,0.020636866
3144,BENAR DI SINI JUGA GITU 😂😂😂😅,Neutral,1,Neutral,1,Neutral,0.06851021,0.8769971,0.054492768
2807,chef lu pindah ke sppg daerah rmh gw napa,Neutral,1,Neutral,1,Neutral,0.034029216,0.8818236,0.08414724
2399,"betul, uang cair lama. ribet lagi😂",Neutral,1,Neutral,1,Neutral,0.03505763,0.89769924,0.06724319
2716,"yakan di lu doang bang, gk merata sistem begitu",Neutral,1,Neutral,1,Neutral,0.080942854,0.8380462,0.081011005
4138,Mbg nih program banyak kasus nya knp si,Neutral,1,Neutral,1,Neutral,0.02382688,0.8919492,0.08422397
359,Shiball mna di jabar dan mlah kota deket rumah gw udh 7 aje,Neutral,1,Neutral,1,Neutral,0.032960966,0.89475423,0.0722848
2491,"mantap chep, gak males2 masak gak pelit bumbu",Positive,2,Positive,2,Positive,0.007313744,0.0010398718,0.99164635
4776,Disclaimer kami tdk bekerjasama dgn Koperasi/lembaga lainnya. Kami tdk pernah nego harga dgn petani. Sekalipun kemarin selada naik sampai 35k kami tetap pakai dgn jumlah dan kualitas yg terbaik.,Positive,2,Positive,1,Neutral,0.040077023,0.8906434,0.069279514
1727,Kak kalau masih mau kerja mbg mau pindah dapur boleh kontak saya ya saya lg cari head chef😁,Neutral,1,Neutral,1,Neutral,0.03147169,0.8489648,0.11956351
5193,"Dari sudut pandang masyarakat, keren banget programnya, semoga terus ditingkatkan kualitas dan variasi menunya ke depan.",Positive,2,Positive,2,Positive,0.0056548817,0.00077057513,0.99357456
3218,setujuu soal relasi. setuju juga klo pemerintah cairnya lam😭,Positive,2,Positive,2,Positive,0.008848565,0.0010323821,0.990119
3814,"@gerindra pencerahan kyk nya ini min , yok mbg lebih baik",Neutral,1,Neutral,1,Neutral,0.038821127,0.885289,0.075889856
830,Aneh tapi nyata aku lihat yg diberita rata2 yang kerja dipemerintahan asli papua orangnya gemuk gemuk ya.,Neutral,1,Neutral,1,Neutral,0.03031593,0.91148454,0.058199517
4087,"Bukti nyata,,sakitnya tuh disini,,kapitalis",Neutral,1,Neutral,0,Negative,0.95090336,0.02166323,0.027433401
4088,Memang benar bahwa dana miliaran rupiah terbuang percuma jika pengawasan di lapangan tidak diperketat.,Negative,0,Negative,0,Negative,0.9857583,0.0017617095,0.012479991
831,Sudah dikasih tahu ini bukan program tapi proyek,Negative,0,Negative,1,Neutral,0.39587614,0.5304227,0.07370113
3017,presiden JELAS SALAH karena tidak mau mendengarkan ASPIRASI RAKYAT,Neutral,1,Neutral,0,Negative,0.6586703,0.23216939,0.10916032
3997,Tapi pejabat konoha kl bilang membantu petani pedesaan. rielnya no BESAR.,Positive,2,Positive,2,Positive,0.0049447045,0.0007305189,0.99432474
2859,"petani muda yg keren nih bosss...
sukses adek..",Positive,2,Positive,2,Positive,0.0047410447,0.0007400196,0.99451894
398,ya karena misinya memang bukan utk berantas stunting tapi utk penuhi kantung koruptor.,Negative,0,Negative,0,Negative,0.97997564,0.0019642175,0.018060135
418,Simple : biaya cost mahal jd tidak ada pebisnis sppg yg mau,Neutral,1,Neutral,1,Neutral,0.03241272,0.8858627,0.08172456
4123,dr atas smpe dlmn2 MBG emang kaga benerr,Neutral,1,Neutral,0,Negative,0.5004903,0.4215641,0.07794559
4771,@gerindra @DPR RI @Kementerian Koperasi,Neutral,1,Neutral,1,Neutral,0.04585054,0.8828097,0.071339674
4829,"nawarin cabe aja susah,di dapur mbg, alasannya sudah berlangganan di pedagang,siapa bilang nguntungin petani,nyatanya gak sesuai fakta,apa yg di omong in orang ini sama kaya saya alami",Neutral,1,Neutral,1,Neutral,0.108360834,0.7886201,0.10301902
639,"Kami setuju MBG ""hanya"" Untuk daerah yang betul-betul tinggi tingkat stunting, malnutrisi, dan butuh perhatian khusus. Selain daripada itu, MBG hanya menghamburkan sumber daya yang terbatas dan menjadi bancakan bagi elit2 tingkat daerah",Negative,0,Negative,0,Negative,0.98064435,0.0018386228,0.017516995
3212,"kocak kocak, padahal udh dijelasin abang ini dividio kalau dia juga mau masukkan barang , tpi ditolak , gk tau ditolak karna apa",Neutral,1,Neutral,1,Neutral,0.03365411,0.8837486,0.08259728
641,Negara menutup mata dan tidak peduli pada layanan dasar manusia,Neutral,1,Neutral,1,Neutral,0.36336726,0.55763197,0.079000704
76,"Berbuatlah sesukamu, karena sesungguhnya engkau akan diberi balasan karenanya""",Neutral,1,Neutral,1,Neutral,0.062374767,0.8737676,0.06385765
4778,betul pak ..,Neutral,1,Neutral,1,Neutral,0.040230725,0.8707183,0.089050926
3588,"Melihat fakta di lapangan, perlu dipastikan kapasitas produksi dapur umum mampu memenuhi kuota seluruh sekolah di target wilayah.",Neutral,1,Neutral,1,Neutral,0.04310158,0.88053983,0.07635867
1082,terlalu lucu program wowo seharusnya mbg di buat khusus untuk wilayah yang rentan kelaparan. ini numpuk di kota,Neutral,1,Neutral,1,Neutral,0.06994437,0.81240404,0.11765152
2082,"Melihat fakta di lapangan, perlu audit forensik terhadap anggaran pengadaan makanan MBG agar tidak ada manipulasi data penerima.",Negative,0,Negative,0,Negative,0.97824395,0.0019648888,0.01979127
1788,apalagi aduuh laporin kak jangan diam aja,Neutral,1,Neutral,1,Neutral,0.03038741,0.8998617,0.069750905
1939,"intinya dia malas mengurus,urus dulu,gak mungkin asal masuk,kan harus lulus seleksi dulu dari BGN,nantik terjadi apapa dari hasil buminya,contoh keracunan,emangnya setelah terjadi petani bisa tanggung jawab atas nama MBG",Negative,0,Negative,0,Negative,0.98310155,0.0021204848,0.014777868
74,"Jujur aja makin kesini makin janggal. Duit negara keluar gede-gedean dengan korupsi yang sebegitu terangnya, tapi seolah kaga ada yang berani nyentuh. Jadi makin kepikiran, ini proyek buat rakyat atau ada agenda lain? @prabowo @gibran_rakabuming",Negative,0,Negative,0,Negative,0.98145574,0.0018755103,0.01666881
446,5:18 T yang tak terhingga,Neutral,1,Neutral,1,Neutral,0.049038444,0.8914716,0.059489973
3389,buat apa ke agen lagi....kan fungsinya untuk mensejahterakan UMKM....kalau dari agennya aja sendiri yang kaya,Neutral,1,Neutral,1,Neutral,0.054305643,0.90297765,0.042716738
2150,lah dapurnya aja beda lokasi kok nanya chef kumink yg gk sesuai didaerah mu sih,Neutral,1,Neutral,1,Neutral,0.049177825,0.870775,0.08004721
3419,"katanya.. katanya ya.. Bangunan yg dibangun/disewa oleh Mitra nantinya akan dibayar/diganti oleh pemerintah.
Itu kabar burung yg saya dengar, mknya byk yg berlomba² buka dapur MBG.",Neutral,1,Neutral,1,Neutral,0.020035468,0.9118192,0.06814544
2415,buat kebutuhan mu ?,Neutral,1,Neutral,1,Neutral,0.04726797,0.87935716,0.07337487
3148,betul bgt bg,Neutral,1,Neutral,1,Neutral,0.021370368,0.91038215,0.06824741
2413,"lah paling belanja kekurangan doang, sedikit.",Neutral,1,Neutral,1,Neutral,0.040736422,0.89782923,0.06143436
1460,"Sudah di duga, dia lelakunya",Neutral,1,Neutral,1,Neutral,0.041904286,0.8887447,0.06935093
3741,"Tag partai gerinda biar tahu gimana, atau mereka udah tahu tp hilang signal",Neutral,1,Neutral,1,Neutral,0.040411495,0.87405413,0.085534416
4758,Greget lihat berita pemerintah dan perekonomian Indonesia,Neutral,1,Neutral,1,Neutral,0.13638069,0.7581142,0.105505064
85,Ini badan dibubarin gabisa2 😂😂,Neutral,1,Neutral,1,Neutral,0.047753412,0.87821925,0.07402736
4896,"Jujur saja, perlu evaluasi berkala mengenai penerimaan rasa dan porsi makan siang yang diberikan kepada para siswa.",Neutral,1,Neutral,1,Neutral,0.03809633,0.89192706,0.06997669
2529,kang Dedi mulyadi cocok,Neutral,1,Neutral,1,Neutral,0.036208164,0.5982882,0.36550373
198,"Emang ni kebijakan kyaknya point of view nya ga ksitu.. tpi syarat akan kepentingan politik.. ntah itu bagi"" kue atau buat konsolidasi buat 2029. MIRISSSS",Negative,0,Negative,0,Negative,0.98071665,0.0015315478,0.017751846
2790,"bknnya emg hrs ke pengepul ya? satu petani apakah bisa dibuat supplier oleh dapur MBG? coba dipikir, kyk nya gabakal sanggup meskipun dibikin jd supplier, kyk nanam sayur mayur semalam aja, lagipula kan basi kalau lama, susah kalau cuma untungnya yang di pikir bukan mikir bahan bahannya basi nya, segar nya",Negative,0,Negative,0,Negative,0.98530674,0.0014002069,0.013293031
4178,"kita supplier 1 dapur MBG diminta 25% dari keuntungan,dan kami menolak karna laba tipis.trs alasan mereka nggak bs masuk karma suppliernya hrs dari yayasan jg",Neutral,1,Neutral,1,Neutral,0.038230903,0.88101405,0.08075502
4320,@gerindra @sudaryono @kementanri,Neutral,1,Neutral,1,Neutral,0.027938379,0.9056262,0.066435404
1447,Pantas aj sekolah anak saya gk dapat MBG rupanya uangnya dicuri dadan dan komplotan,Neutral,1,Neutral,0,Negative,0.97982347,0.001556723,0.018619694
3162,kok gada yg nyalahin pemerintah daerah/pengelola nya ya??,Neutral,1,Neutral,1,Neutral,0.040305525,0.8819648,0.07772968
622,Bukan itu tujuannya Korupsi tujuan nya,Negative,0,Negative,0,Negative,0.97892225,0.0017201432,0.01935763
1912,chef kalo ini gimana? 1 minggu menunya telur rebus sama ayam saos aja.,Neutral,1,Neutral,1,Neutral,0.038564645,0.8947706,0.06666476
1169,"mbg program sampah, ga tepat sasaran",Negative,0,Negative,0,Negative,0.9773291,0.0016491846,0.02102175
726,sungguh miris dan memprihatinkan sekali kehidupan mereka tidak ada yg memperhatikan pejabat menteri presiden hanya mengeruk kekayaan Alamnya saja..sungguh biadab,Negative,0,Negative,0,Negative,0.97594804,0.002027155,0.02202483
290,Yakan kocak. Program kocak dari pemimpin kocak. Jd ini buat mengenyangkan sapa kan jelaz.,Neutral,1,Neutral,1,Neutral,0.021596283,0.90461665,0.07378706
4146,Harus ada tim ahli gizi yang rutin mengecek kualitas dan kandungan kalori makanan di setiap unit dapur.,Neutral,1,Neutral,1,Neutral,0.040927943,0.87253517,0.086536914
2374,iya bu berarti apa yg di omongkan sama si bpak d vt real,Neutral,1,Neutral,1,Neutral,0.027967751,0.9045673,0.06746499
396,"Sejak di tinggal pakde, papua jadi terbengkalai lagi.",Neutral,1,Neutral,0,Negative,0.95762473,0.025238492,0.017136836
3090,kenapa sih pdhl gada yg bawa2 anis aneh bgt,Neutral,1,Neutral,1,Neutral,0.026806554,0.91814864,0.05504492
4092,"yang gua kira dari progam mbg tuh bakal dijalanin seperti ini, dibeli dari rakyat dan kembali lagi ke rakyat, dimana progam nya sama sama menguntungkan buat 2 pihak, tapi kenyataannya malah ga sesuai, banyak problem dimana bukannya menguntungkan malah dengan kata lain merugikan penjualnya🤷🏻‍♀️",Neutral,1,Neutral,1,Neutral,0.12933825,0.8068559,0.06380588
1986,bisa gak 1/4 periode aja😭,Neutral,1,Neutral,1,Neutral,0.02726031,0.9090497,0.06368999
1191,"Dari sudut pandang masyarakat, sebaiknya menu makanan disesuaikan dengan kearifan lokal dan hasil bumi di masing-masing daerah.",Neutral,1,Neutral,1,Neutral,0.032584317,0.897332,0.0700836
5217,Perlu ada petugas khusus yang bertanggung jawab memeriksa kelayakan makanan sebelum dibagikan ke siswa.,Neutral,1,Neutral,1,Neutral,0.04871966,0.9047983,0.04648202
852,modal balik gak? mbg,Neutral,1,Neutral,1,Neutral,0.036893796,0.8882002,0.07490588
457,Ya krn cuma proyek.10rb mna cukup,Neutral,1,Neutral,1,Neutral,0.34798038,0.5768497,0.075169936
5505,@Pemerintah Indonesia 🇲🇨,Neutral,1,Neutral,1,Neutral,0.038213067,0.9041921,0.057594873
118,"Betul. Kalo alasanya tidak ada infrastruktur , bangun lh dulu . Krna itu lebih penting",Neutral,1,Neutral,1,Neutral,0.021942215,0.82026136,0.15779638
4249,mbg blnjanya ke pasar induk,Neutral,1,Neutral,1,Neutral,0.046349395,0.8699132,0.08373736
3506,betul kang ...cukup 1putaran saja lah,Neutral,1,Neutral,1,Neutral,0.03527767,0.90615845,0.058563843
3692,enaknya ya Allah..pengeeen😅,Neutral,1,Neutral,1,Neutral,0.04907766,0.74615467,0.20476772
5298,Boleh tp nota pembayaran harus dkosongin dibagin jumlah n harga😅,Neutral,1,Neutral,1,Neutral,0.05082012,0.86593646,0.08324346
4644,"Jujur saja, penting untuk memastikan sanitasi peralatan makan dan tempat penyajian selalu dalam kondisi bersih dan steril.",Neutral,1,Neutral,1,Neutral,0.036252126,0.88415825,0.07958968
4901,ya bang betul kata2 mu.,Neutral,1,Neutral,1,Neutral,0.03107877,0.89570385,0.073217355
4895,"yg suppliernya it biasanya bkn petani, tapi pengepulnya 😅",Neutral,1,Neutral,1,Neutral,0.04861368,0.8788877,0.07249858
4690,"Harus diakui, perlu dipastikan kapasitas produksi dapur umum mampu memenuhi kuota seluruh sekolah di target wilayah.",Neutral,1,Neutral,1,Neutral,0.040915363,0.88370633,0.07537833
4999,"Melihat fakta di lapangan, perlu dipastikan kapasitas produksi dapur umum mampu memenuhi kuota seluruh sekolah di target wilayah.",Neutral,1,Neutral,1,Neutral,0.052864097,0.8996143,0.047521666
3514,"Chef izin bertanya , apa benar skrg susu udah gaboleh ya ?",Neutral,1,Neutral,1,Neutral,0.034387484,0.895557,0.07005553
3455,Apakah ada panduan khusus bagi siswa yang membawa bekal sendiri dari rumah saat MBG dibagikan?,Neutral,1,Neutral,1,Neutral,0.031306934,0.8969446,0.07174841
4291,"tengkulak yang menang bos,,,, telor saya aja gak laku,,",Neutral,1,Neutral,1,Neutral,0.044375207,0.87730205,0.07832269
3671,@gerindra monggo di cek,Neutral,1,Neutral,1,Neutral,0.033409923,0.9015463,0.0650438
2825,"gw setuju banget sama MBG karena emang sangat di butuhkan karena banyak masyarakat kecil makanan tak bergizi, tapi gw kesel sama yg ngelola, dan gk pernah di audit bjir",Positive,2,Positive,2,Positive,0.38146946,0.005865909,0.61266464
1857,Gamau ribet intinya,Neutral,1,Neutral,1,Neutral,0.03198546,0.8964648,0.07154965
3111,buzzer tidak menerima fakta ini,Negative,0,Negative,0,Negative,0.98024505,0.0017793324,0.017975606
4606,Wowkwkwkwk suppliernya kan dr perternakan owo sendiri real,Neutral,1,Neutral,1,Neutral,0.043538675,0.87204725,0.08441403
2528,"Menanggapi hal tersebut, semoga ada mekanisme pemilahan sampah organik dan kemasan sisa makanan yang terkelola dengan baik di sekolah.",Neutral,1,Neutral,1,Neutral,0.035371874,0.90462005,0.060008
70,BGN ini lembaga yg tuli dan buta dengan realita di lapangan dan mengeluarkan program atau kebijakan yg justru mengkhawatirkan,Neutral,1,Neutral,1,Neutral,0.06604727,0.8707591,0.06319356
1157,Presiden semakin TDK jelas . MBG proyeknya Prabowo untuk korupsi,Negative,0,Negative,0,Negative,0.9781899,0.0015887591,0.020221373
5478,"katakan preet yh bang..
mbg cuma org yg punya duit, karyawannya jg pke ordal semua",Neutral,1,Neutral,1,Neutral,0.04011007,0.886595,0.07329495
2878,"belum dua taun, kenapa sih, ngebet banget, wkwk. kalah ya jagoannya? nikmati aja dulu sampe 2029.",Neutral,1,Neutral,1,Neutral,0.023582801,0.90016335,0.07625376
4363,bnerr banget bang cuma orng menengah ke atas yang berkuasa,Neutral,1,Neutral,1,Neutral,0.039108943,0.8925487,0.068342365
3295,"Dari sudut pandang masyarakat, perlu dipertimbangkan variasi buah-buahan lokal yang mudah diperoleh dan kaya akan vitamin.",Neutral,1,Neutral,1,Neutral,0.045097403,0.8778992,0.0770034
4015,Perlu ada petugas khusus yang bertanggung jawab memeriksa kelayakan makanan sebelum dibagikan ke siswa.,Neutral,1,Neutral,1,Neutral,0.0371521,0.89157814,0.07126974
1345,MBG mulu diberita....stop udah terus isi berita berita gaji naik pedagang rame 😅😅😅,Neutral,1,Neutral,0,Negative,0.83662266,0.11225071,0.051126674
2659,opini si Mentri nya by data apaan kalau gitu bang? hayoh,Neutral,1,Neutral,1,Neutral,0.050064422,0.86324036,0.086695254
3244,"Secara keseluruhan, transparansi harga satuan paket makanan sangat diragukan karena kualitas yang disajikan tampak sangat murah.",Negative,0,Negative,0,Negative,0.98189235,0.0017752927,0.016332263
1931,"swbwnenre ngatur menu itu bisa asal dicatat de awal mau masak apa,Sabtu Minggu itu selain buat cleaning,lanjut briefing menu seminggu kedepan,,,dicatat....
karna yg susah itu seberapa banyak yg dibutuhkan....begitu...tp lama2 juga bisa tau takarannya.
kekompakan juga perlu.",Neutral,1,Neutral,1,Neutral,0.03305539,0.8816725,0.08527207
3273,"Bang belajar ekspor aja, pelan pelan sungguh sungguh pasti bisa.., Kenapa saya memberi saran itu, Ya karena saya sadar semenjak pasca reformasi itu kesuksesan yg paling berhasil adalah Hilirisasi KKN...",Neutral,1,Neutral,2,Positive,0.074030735,0.028120032,0.8978492
3141,Pemerintah daerah perlu berkoordinasi secara aktif dengan pihak sekolah dalam memantau pelaksanaan MBG.,Neutral,1,Neutral,1,Neutral,0.055573974,0.87948835,0.064937666
4796,fitnah mah gampang skrg,Neutral,1,Neutral,1,Neutral,0.1742496,0.5834894,0.24226095
2036,"sama kayak mamak aku. oknum mbg datang mau pesan tempe. dikasih mamak harga grosiran lah ecek nya, 4000/papan. Udah oke dan minta 200 papan. Tapi malah minta buatkan di nota jadi 5000/papan. Jadi dia keep 1000 untuk dia, mana mamak awak yang disuruh antarin tempe ke sppgnya. Jadi ditolak. kalau memang mau 4000, ya harus tulis 4000 di nota.",Neutral,1,Neutral,1,Neutral,0.037481494,0.8901362,0.07238233
5152,HELLO PAK @KPK_RI @Purbaya Yudhi Sadewa @Gibran Rakabuming,Neutral,1,Neutral,1,Neutral,0.033628356,0.89794517,0.06842653
4913,"ternyata mbg jd lahan korupsi, pak prabowo tutup mata dan telinga",Negative,0,Negative,0,Negative,0.9775913,0.00230101,0.02010773
5068,kita tau lah yaaa... 😅,Neutral,1,Neutral,1,Neutral,0.049670145,0.8697067,0.08062318
851,"""BBC itu media asing,antek antek asing, jangan percaya BBC"" Ucap pendukung mas wowo😂",Negative,0,Negative,0,Negative,0.98224294,0.0020111843,0.015745845
2013,nah ini TAlnya,Neutral,1,Neutral,1,Neutral,0.045101315,0.9003292,0.054569483
3478,Sayanggg bang anggaran mereka gede 😅😅,Neutral,1,Neutral,1,Neutral,0.04744113,0.8694004,0.08315842
3871,udah bukan rahasia umum di Indonesia kita ini terlalu banyak drama dan banyak tau di parlemen,Neutral,1,Neutral,1,Neutral,0.08928055,0.82314974,0.08756968
667,"Sedihnya, MBG malah di kota2 besar dimana anak2 tsb cukup gizi dari ortunya, papua yg jelas2 kekurangan gizi malah minim.. Ma*ing B*rk*dok Gizi",Negative,0,Negative,0,Negative,0.9809709,0.0015956954,0.01743347
1765,"iya di tempat aku mah bener"" kaya setiap hari tuh masakannya kaya ga niat mba",Neutral,1,Neutral,1,Neutral,0.058336888,0.83059835,0.111064725
4437,Memang benar bahwa semoga proses pengadaan barang dan jasa untuk program MBG ini bisa dipantau secara terbuka oleh publik.,Neutral,1,Neutral,1,Neutral,0.026695348,0.90698045,0.06632419
5508,"mbg bagus si program nya tapi programnya bisa ga khusus yang di pelosok pelosok yang kurang mampu gtu buat makan, mslahnya program ini ke umkm juga rusak😅.",Positive,2,Positive,2,Positive,0.006157377,0.000971898,0.99287075
286,"Secara keseluruhan, semoga ada mekanisme pemilahan sampah organik dan kemasan sisa makanan yang terkelola dengan baik di sekolah.",Neutral,1,Neutral,1,Neutral,0.029615289,0.91146404,0.058920715
3509,sppg udah berhenti karena dana apbn gak cair chef,Neutral,1,Neutral,1,Neutral,0.05598725,0.8657523,0.07826044
1549,Harusnya bikin berita kaya gini berimbang jgn yg nagtif terus kaya keracunan cuma segilintir orang tp hal yg banyak manfaatnya lebih banyak,Negative,0,Negative,0,Negative,0.9812564,0.0017942737,0.016949302
387,"Pemerintah daerahnya udah laporan ke pusat belum si, kalo udah tapi gak diladenin itu parah banget",Neutral,1,Neutral,1,Neutral,0.41073805,0.5142877,0.07497418
1902,2829 orang menyimpan....,Neutral,1,Neutral,1,Neutral,0.13854012,0.7799063,0.0815536
4975,hanya bisa berkata innalilahi untuk program em be ge,Neutral,1,Neutral,1,Neutral,0.1267723,0.80898166,0.06424599
730,Karena tidak memberikan keuntungan buat para pemilik dapur 😅,Neutral,1,Neutral,1,Neutral,0.18506175,0.73635435,0.07858385
192,Go BBC! terimakasih BBC sudah menyorot ini... semoga ini d suarakan byk orang,Positive,2,Positive,2,Positive,0.013616164,0.0031356101,0.98324823
4093,"memang betul kawan ..
😁😁😁",Neutral,1,Neutral,1,Neutral,0.03426057,0.8772336,0.08850578
3941,"g masuk bng, mau dinota masih juga ada perhitungannya per tiap anak yang di suplai MBG. jadi y tetep ketahuan sama pusat 🤣",Neutral,1,Neutral,1,Neutral,0.042832278,0.8664976,0.0906701
2776,"macam ngk tahu penegak hukum aj kita aj bisa bisa kita yg lapor yg jd tersangka diputar balikan fakta,,..",Neutral,1,Neutral,0,Negative,0.97671604,0.0057102484,0.017573632
4997,Wkwkwkw programnya bagus tapi kelakuan orang”nya yang bikin ancur,Positive,2,Positive,2,Positive,0.327143,0.14105865,0.53179836
3426,Ya makanya itu kan jd ladang korup kak dari akar.,Negative,0,Negative,0,Negative,0.9779268,0.0018814729,0.020191757
5437,berbisnis sama program pemerintah adalah sebuah kesalahan dan kehancuran,Negative,0,Negative,0,Negative,0.979334,0.0021984174,0.018467585
2858,cukup 1 periode aja please...,Neutral,1,Neutral,1,Neutral,0.039641086,0.8883855,0.07197352
5077,"Pak Wo suruh turun sekali² , jangan di atas terus . biyar tau keluh kesah rakyat nya .",Neutral,1,Neutral,1,Neutral,0.039636664,0.89943063,0.060932767
2340,"bang, GK mikir apa lu
mbg kalo ngambil suplay dari masyarakat langsung itu ribet, karena petani pun sekali panen tiap beberapa bulan. jadi gabakalan bisa ngasih stok terus, sementara mbg jalan tiap hari",Neutral,1,Neutral,1,Neutral,0.05544022,0.8605328,0.08402699
4593,katanya petani bersama Prabowo 😂,Neutral,1,Neutral,1,Neutral,0.06393333,0.848076,0.087990716
1679,yg bginii niii,Neutral,1,Neutral,1,Neutral,0.033845846,0.9101376,0.056016617
1245,Kasih makan orang itu baik Sangat baik juga buat anak kecil apa lg bagi yang kurang mampu Yg salah bukan di program nya Tp pelaksanaan nya banyak tikus,Neutral,1,Neutral,0,Negative,0.9730329,0.00445966,0.0225075
5092,tangkulak yang kaya petani kecil tetap sama.,Neutral,1,Neutral,1,Neutral,0.0669554,0.8831591,0.04988555
3000,"Harus diakui, perlu dipastikan kapasitas produksi dapur umum mampu memenuhi kuota seluruh sekolah di target wilayah.",Neutral,1,Neutral,1,Neutral,0.040915363,0.88370633,0.07537833
3830,"Harus diakui, semoga proses pengadaan barang dan jasa untuk program MBG ini bisa dipantau secara terbuka oleh publik.",Neutral,1,Neutral,1,Neutral,0.032885615,0.90147024,0.06564415
677,"Saya awalnya netral dengan program mbg. Mau jalan silakan saja selama dilaksanakan dengan benar, bahkan nggak menutup kemungkinan mendukung kalau setelah beberapa waktu terlihat ada manfaat sungguhan. MASALAHNYA Dari perumusannya saja sudah redflag ngomonginnya budget budget budget melulu tapi tidak merumuskan porsi gizinya dengan serius. Awalnya saya kasihan sama dapurnya karena budget yang diberikan cuma 10-15ribu per porsi, karena setahu saya masalah gizi buruk itu karena masyarakat beralih ke makanan murah yang tinggi kalori tapi rendah gizi. Kalau menambal makanan rendah gizi dengan makanan rendah gizi lagi ya SAMA SAJA BOHONG. Tapi setelah beberapa lama berjalan dan lihat menu2nya.... eh sama saja itu para dapur musang ngasih makanan yang patut dipertanyakan kelayakannya. Beneran gara2 perumusan budget yang tidak pakai otak hasilnya orang waras bakal mikir berulang kali sebelum bikin dapur, yang ngegas dari awal itu yang muluk2 dan niatnya tidak baik. Belum lagi lihat logistiknya yang menggunakan mobil box modifikasi padahal yang dikirim makanan panas yang baru dimasak, waktu ada berita keracunan nggak kaget saya karena sudah kelihatan logistiknya serampangan. Terakhir waktu ngotot mau memaksakan program TETAP BERJALAN SELAMA LIBUR fix ketok palu ini program tujuan utamanya KORUPSI.",Negative,0,Negative,2,Positive,0.2652638,0.0037064413,0.73102975
4985,"Terkait kebijakan ini, apakah ada panduan khusus bagi siswa yang membawa bekal sendiri dari rumah saat MBG dibagikan?",Neutral,1,Neutral,1,Neutral,0.040234555,0.8796077,0.08015782
5130,"Dari sudut pandang masyarakat, pihak dinas terkait harus rutin melakukan uji sampel makanan secara acak di berbagai sekolah.",Neutral,1,Neutral,1,Neutral,0.04455571,0.87369245,0.08175181
4597,"Menanggapi hal tersebut, sebaiknya ada formulir evaluasi harian yang diisi guru terkait porsi dan kualitas menu yang diterima.",Neutral,1,Neutral,1,Neutral,0.0381886,0.8843554,0.077456005
2065,yg jelas jgn yg dari rezim hari ini. banyak bohongnya,Negative,0,Negative,0,Negative,0.96645474,0.0071346695,0.026410613
4799,"Menurut saya, semoga proses pengadaan barang dan jasa untuk program MBG ini bisa dipantau secara terbuka oleh publik.",Neutral,1,Neutral,1,Neutral,0.033743903,0.89215267,0.07410352
4049,"Harus diakui, harap disosialisasikan secara rinci kepada wali murid mengenai rincian menu dan kandungan nutrisi harian.",Neutral,1,Neutral,1,Neutral,0.035270404,0.87099135,0.09373821
3792,fish finger chef..,Neutral,1,Neutral,1,Neutral,0.038587086,0.9078016,0.053611293
4609,"Melihat fakta di lapangan, perlu ada petugas khusus yang bertanggung jawab memeriksa kelayakan makanan sebelum dibagikan ke siswa.",Neutral,1,Neutral,1,Neutral,0.03651758,0.8994726,0.0640099
5545,Klo harga bisa di korupsi mungkin bisa pak tani,Negative,0,Negative,0,Negative,0.9739405,0.0031796566,0.022879757
2706,mbg program s wowo,Neutral,1,Neutral,0,Negative,0.9611813,0.021469206,0.017349469
4887,yang masalah tuh emng pemerintah desa nya,Neutral,1,Neutral,1,Neutral,0.041494504,0.8687698,0.0897356
1313,"Kalo demo mbg dan bbm saya sebagai masyarakat males mendukung , so masalah inti negara ini itu pejabat yg masih korup dan saya akan mendukung jika demonya mengawal r.u.u perampasaan aset koruptor segera di sahkan , ibarat kata jika kalian demo² mbg , bbm, dolar, itu hanya memangkas daun ilalang padahal kalau pengen selesai masalah di negara ini harus di jabut akarnya , korupsi adalah akar permasalahan terapi kalian cuma sekedar memangkar dannya sudah bikin riweh jalan ribet ehh malah masalah bukannya hilang malah semakin subur",Negative,0,Negative,0,Negative,0.9757682,0.0016200357,0.022611748
3876,@BERITA PRABOWO SUBIANTO,Neutral,1,Neutral,1,Neutral,0.05328252,0.8733956,0.0733218
3999,benar sekali.. monopoli.jd kaya jaman belandaa ya.harus sudara dl jd petaninya baru aman,Neutral,1,Neutral,1,Neutral,0.16837636,0.7933868,0.03823679
631,"8.18 adalah poin penting yang serupa apa yang prabowo tanyakan pada lawan paslon lain mengenai kesetujuan nya terhadap mbg, dan prabowo mengatakan bahwa ini untuk stunting, bapak kadis tersebut menjawab senada dengan ganjar pranowo saat debat 'kalo stunting ya ke puskesmas dong', secara konsep gak jelas dan benar seperti yang dikatakan beliau, ini tujuannya untuk membuat anak cerdas atau mencegah stunting? kok yang diurus yang di Jawa aja, wilayah kesusahan seperti menurut beliau T nya itu Terllau banyak cuma 1%.",Neutral,1,Neutral,1,Neutral,0.101644166,0.48460314,0.41375276
105,"Dengan tidak tahu malunya presiden kita melabeli programnya dgn kalimat Makan Bergizi GRATIS padahal uang yg dpke dr hasil pajak WNI, bahkan banyak warga Indonesia yg tdk rela uang pajaknya dipakai buat program sampah ini ditambah pula bgitu bnyak penyelewengan dana dr pihak pengelola MBG.",Negative,0,Negative,0,Negative,0.97718245,0.0013913305,0.021426242
712,"Ya karena banyak yang takut dengan KKB/Pemberontak lainnya yg kejam. Coba aman/keselamatan terjamin, mulai dari Guru Dokter maupun semacam MBG pun akan berebut dinas disana.",Negative,0,Negative,0,Negative,0.9769762,0.002334537,0.02068923
5171,@gerindra @PRABOWO SUBIANTO @Teddy Indra Wijaya HQ @Sekretariat Kabinet RI @Gibran Rakabuming,Neutral,1,Neutral,1,Neutral,0.037434187,0.8795041,0.083061755
2166,pembantunya pada ga ngasih tau,Neutral,1,Neutral,1,Neutral,0.02779397,0.90565455,0.066551484
3490,betul banget🤭.manis di layar tp dilapangan sulit,Neutral,1,Neutral,1,Neutral,0.026470065,0.86415344,0.10937648
3969,"upss, terlalu terang ini cok, ayo dilike yeman"" 👏🏻👏🏻",Neutral,1,Neutral,1,Neutral,0.037675876,0.5652739,0.3970503
4566,"Menurut saya, kurangnya sosialisasi dan koordinasi membuat pihak sekolah kewalahan mengatur pembagian makanan setiap hari.",Negative,0,Negative,0,Negative,0.9793256,0.0015733566,0.01910105
3372,"Coba tolong mbg daerah rmh gw , ini tolong di contoh yaaa biar menunya gk gitu2 doank",Neutral,1,Neutral,1,Neutral,0.02828983,0.9081263,0.06358378
3732,"semoga anakku kali"" dapet dori juga 😂 menunya kalo anakku kalo ngga ayam ya telur ganti lagi daging sapi antara 3 itu pokonya tiap Minggu,telur 5hr sekali...",Neutral,1,Neutral,1,Neutral,0.026501495,0.88385594,0.08964247
2958,YA PRESIDEN LO BISA NGASIH WEWENANG BUAT BEBENAH,Neutral,1,Neutral,1,Neutral,0.038734052,0.88055277,0.0807132
4184,anda terlalu jujur mengutarakannya kawan,Positive,2,Positive,2,Positive,0.0037376566,0.0013027812,0.9949596
3754,"ga usah takut, itu fakta cok",Neutral,1,Neutral,1,Neutral,0.05199166,0.8825126,0.0654957
2674,"Menurut saya, sebaiknya ada formulir evaluasi harian yang diisi guru terkait porsi dan kualitas menu yang diterima.",Neutral,1,Neutral,1,Neutral,0.044604577,0.87524986,0.08014557
5565,di Konoha ya begitu. kalo ga cingcai ga lolos.,Neutral,1,Neutral,1,Neutral,0.08405391,0.8363992,0.07954689
1650,anda mewakili jeritan hati petani...salam dan sukses kawan,Positive,2,Positive,2,Positive,0.003373291,0.0042682914,0.9923584
55,MANTAAP PAK DAR SANGAT AMANAH,Positive,2,Positive,2,Positive,0.0043276264,0.0015330882,0.9941393
2354,"Menanggapi hal tersebut, pengawasan terhadap vendor katering harus diperketat agar spesifikasi menu sesuai dengan perjanjian awal.",Neutral,1,Neutral,1,Neutral,0.038514264,0.8914925,0.06999328
1103,"Jawabannya sederhana, karena papua gak menghasilkan cuan buat MBG😂😂",Negative,0,Negative,0,Negative,0.98523456,0.0019993426,0.012766124
2443,ya coba cek kualitasnya hsl tani jya pk,Neutral,1,Neutral,1,Neutral,0.03543473,0.89064723,0.073918045
2854,harus nya pak presiden bukan pak menteri,Neutral,1,Neutral,1,Neutral,0.046834208,0.8794378,0.073728
4603,dari zaman dulu sampe sekarang apa pun itu harus ada ORDAL,Neutral,1,Neutral,1,Neutral,0.057339754,0.8676784,0.07498186
1148,"Sandiwara, TIPU MENIPU khas pemerintah Indonesia 🤮🤮🤮🤮🤮🤮ini proyek buat bagi2 duiittt pendukung kampanye mereka",Negative,0,Negative,0,Negative,0.9814534,0.0017935748,0.016752958
1070,"Ingat : ""Papua bukan bagian dari negara Indonesia"" mereka sendiri yg bilang padahal😹",Neutral,1,Neutral,1,Neutral,0.07374542,0.8446899,0.0815647
293,selamat menikmati hasil pilihan anda,Neutral,1,Neutral,2,Positive,0.05867858,0.42303753,0.5182839
4589,betul...petani lokal ttp harus terseok2 berjuang sendiri.,Neutral,1,Neutral,1,Neutral,0.08941487,0.802933,0.10765216
428,Tolong arahkan pemilik dapur yang overload dikota pindahkan ke wilayah 3T,Neutral,1,Neutral,1,Neutral,0.04056606,0.8704742,0.08895971
3652,"Memang benar bahwa kerja sama yang hebat antara pemerintah daerah, sekolah, dan peternak lokal dalam menyukseskan program MBG.",Positive,2,Positive,2,Positive,0.005243253,0.0012142544,0.99354243
5033,"Harus diakui, apakah anggaran MBG sudah mencakup pengadaan tempat makan ramah lingkungan yang bisa dipakai berulang kali?",Neutral,1,Neutral,1,Neutral,0.03166372,0.9082239,0.060112365
4273,"Dari sudut pandang masyarakat, pengelolaan sampah sisa makanan harus dipikirkan agar tidak menimbulkan masalah lingkungan di sekolah.",Neutral,1,Neutral,1,Neutral,0.029853836,0.9123329,0.057813335
2245,iya jir merendahkan banget heran dah,Neutral,1,Neutral,0,Negative,0.9655966,0.015716901,0.018686526
1659,sama pa... susah masukin beras ke mbg padahal sebelahan kios beras kecil kaya saya😂mah,Negative,0,Negative,1,Neutral,0.03750149,0.88832504,0.074173436
3836,"Melihat fakta di lapangan, perlu dipertimbangkan variasi buah-buahan lokal yang mudah diperoleh dan kaya akan vitamin.",Neutral,1,Neutral,1,Neutral,0.038545907,0.915472,0.045982134
2669,kata siapa MBG potong pajak? ada buktinya?,Neutral,1,Neutral,1,Neutral,0.13235067,0.7931411,0.07450812
4808,"Melihat fakta di lapangan, keren banget programnya, semoga terus ditingkatkan kualitas dan variasi menunya ke depan.",Positive,2,Positive,2,Positive,0.0053990963,0.0007899723,0.99381095
1982,"semoga juga enggak, karena siapapun yang menjadi presiden setelah ini jika bukan golongan mereka jadinya kasian, cuma jadi bagian beresin borok yg mereka kasih.",Neutral,1,Neutral,0,Negative,0.9636139,0.020926902,0.0154592525
516,"tiga kata lucu : ""wartawan londo ireng""",Neutral,1,Neutral,1,Neutral,0.044116914,0.86153,0.09435311
5333,Betulllll banget bg,Neutral,1,Neutral,1,Neutral,0.025703872,0.9105052,0.06379101
5287,"sebelum ada MBG abangnya jual ke siapa,kenapa pas ada MBG maksa mau jual langsung ke orang MBG,kalo semua petani mau jual langsung ke orang MBG yg jualan sayur dipasar mau jualan apalagi",Negative,0,Negative,1,Neutral,0.04304019,0.90679145,0.050168406
1358,"Tentu saja, penting untuk memastikan sanitasi peralatan makan dan tempat penyajian selalu dalam kondisi bersih dan steril.",Neutral,1,Neutral,1,Neutral,0.032023635,0.9123816,0.05559484
958,Hahahaha Indonesia kaya korupsi 😅,Negative,0,Negative,0,Negative,0.98084795,0.0024150175,0.016737064
4662,"Menanggapi hal tersebut, kesiapan tenaga pengolah makanan di setiap sentra dapur perlu mendapat sertifikasi kebersihan pangan.",Neutral,1,Neutral,1,Neutral,0.037559953,0.89614594,0.06629403
1453,Coba di hukum mati kaya negara tetangga,Neutral,1,Neutral,1,Neutral,0.1022224,0.85526574,0.04251185
3401,"Menurut saya, diharapkan ada saluran pengaduan resmi jika pihak sekolah menemukan kendala terkait kualitas makanan MBG.",Neutral,1,Neutral,1,Neutral,0.035774607,0.88545847,0.07876685
1040,"Saran ku.. mending Papua merdeka sendiri aja,, atau ikut gabung negara maju kayak australia...",Neutral,1,Neutral,1,Neutral,0.032671597,0.9075316,0.059796777
5477,terlalu jujur anda,Positive,2,Positive,2,Positive,0.0050685606,0.001303452,0.993628
4933,"Dari sudut pandang masyarakat, pemerintah perlu menjelaskan secara komprehensif indikator keberhasilan dari pelaksanaan program MBG ini.",Neutral,1,Neutral,1,Neutral,0.03937262,0.88335514,0.07727226
1407,Bpk sudaryono berapapun dapur mbg di tutup tetep ini bodoh tidak jd baik masalah nya bukan dapurnya yg salah bapak baru hebat di ganti cara kelola dari awal sampai penerima ini program banyak di pungli jd sampai kepenerima cuma 45% ini bs ganti baru hebat,Negative,0,Negative,0,Negative,0.9802454,0.001502405,0.01825223
2032,"Dari sudut pandang masyarakat, sebaiknya ada formulir evaluasi harian yang diisi guru terkait porsi dan kualitas menu yang diterima.",Neutral,1,Neutral,1,Neutral,0.034017026,0.8888466,0.07713643
5440,"Tentu saja, sebaiknya ada formulir evaluasi harian yang diisi guru terkait porsi dan kualitas menu yang diterima.",Neutral,1,Neutral,1,Neutral,0.05107454,0.892766,0.056159433
780,Oh ternyata program yg dipaksakan ini memang benar MALING BERKEDOK GIZI,Negative,0,Negative,0,Negative,0.9793912,0.001542284,0.019066514
2802,km yg masak pasti enak lah.. 😂,Positive,2,Positive,2,Positive,0.0040277117,0.00097595644,0.9949963
5359,"Jujur saja, apakah ada panduan khusus bagi siswa yang membawa bekal sendiri dari rumah saat MBG dibagikan?",Neutral,1,Neutral,1,Neutral,0.040076148,0.8848834,0.07504041
4939,Korupnya ud terang”an,Neutral,1,Neutral,0,Negative,0.981005,0.0018753131,0.017119713
4723,"Harus diakui, perlu evaluasi berkala mengenai penerimaan rasa dan porsi makan siang yang diberikan kepada para siswa.",Neutral,1,Neutral,1,Neutral,0.04237855,0.87342256,0.08419889
3293,anda terlalu fakta,Neutral,1,Neutral,1,Neutral,0.042972565,0.8880416,0.06898584
137,Heh sudah ada wakilnya ya,Neutral,1,Neutral,1,Neutral,0.039179076,0.8720039,0.08881695
2676,jangan kak ntar kalau ada masalah bakal nyeret kamu juga. dulu swalayanku juga gitu. ada orang bawa nama pemerintahan belanja maksa minta nota kosong alias dia sendiri yg ngisi nominalnya kita gak tau. akhirnya waktu kena sidak korupsi swalayan juga kena seret habis itu kena danda dan dendanya GEDE BNGT KOCAK,Negative,0,Negative,0,Negative,0.9798702,0.0030185794,0.017111255
2197,makasih mbak semoga lancar selalu rezekinya,Positive,2,Positive,2,Positive,0.0063010193,0.0011914412,0.9925075
2417,Dan 1lagi kalo bukan keluarga Dari pengelola ga bakal bisa nembus ke mbg,Neutral,1,Neutral,1,Neutral,0.061566055,0.8569074,0.08152643
3030,bikin berapa porsi cepp,Neutral,1,Neutral,1,Neutral,0.033619303,0.89794487,0.068435825
1042,Laknat memang pemerintah. Daerah Papua yang butuh tidak di prioritaskan. Pemerintah punya dana tapi fokusnya hanya untuk proyek KORUPSI bukan benar benar untuk membangun negara. Biadab sekali.,Negative,0,Negative,0,Negative,0.9758881,0.0014423932,0.02266945
3456,hayoloh awas kena cyduk karena jujur 😂,Positive,2,Positive,2,Positive,0.009287718,0.0030868358,0.9876254
1923,kayanya sekola sekola yg di naungi sppg chef kumink makan enak terus tiap hari😭,Positive,2,Positive,2,Positive,0.005856937,0.0007561689,0.9933869
2430,"setau gw mitra lu tinggal siapin tempat, habis ratusan juta. klo lu byk duit bisa dicoba tuh mumpung masih basah🤣",Neutral,1,Neutral,1,Neutral,0.030111574,0.8875374,0.08235103
2459,Tag gerindra t,Neutral,1,Neutral,1,Neutral,0.042147595,0.8601427,0.0977097
394,berita yang mengungkapkan kenyataan selalu sepi,Neutral,1,Neutral,1,Neutral,0.032663275,0.9003583,0.066978395
4665,kami malah nolak kmrn pas mentri ngajak utk kerjasama mbg krn tdk sesuai harganya 🙏,Neutral,1,Neutral,1,Neutral,0.18225165,0.73731124,0.08043709
2364,bisa jadi SPPG lain bukan di SPPG nya nchef kuming😁,Neutral,1,Neutral,1,Neutral,0.04922463,0.87162775,0.079147734
1970,itu petani buzzer 😆,Negative,0,Negative,0,Negative,0.97630346,0.0020327477,0.021663768
4398,"Terkait kebijakan ini, perlu ada petugas khusus yang bertanggung jawab memeriksa kelayakan makanan sebelum dibagikan ke siswa.",Neutral,1,Neutral,1,Neutral,0.030134078,0.8948081,0.07505779
4766,"mereka tau kok, pidato” itu cuma mediaplay aja. pun klo berkunjung dan ketemu petani, paling ujung”nya dilobi😹",Neutral,1,Neutral,1,Neutral,0.045767494,0.8860218,0.06821066
3338,bener loe bang,Neutral,1,Neutral,1,Neutral,0.052236177,0.8630949,0.0846689
5248,@gerindra @Gibran Rakabuming 🙏,Neutral,1,Neutral,1,Neutral,0.049448032,0.8819436,0.06860838
3296,"bener kak, notanya di tulis ulang emang😁",Neutral,1,Neutral,1,Neutral,0.03447224,0.87615836,0.08936942
178,"Klo emang tujuan buat ngatasin stunting mah yg dikasih bukan anak sekolah, tapi ibu hamil dan bayi sampai 5 tahun",Neutral,1,Neutral,1,Neutral,0.022139173,0.87038743,0.1074733
593,Saya punya saudara yang anaknya sekolah di sekolah swasta di kota termasuk maju yang spp bulannya 1jutaan. Mereka juga mendapatkan jatah MBG sedangkan orang tua mereka gak kasih mereka makan dan kebanyakan bawa bekal sendiri untuk anaknya. Tapi sekolah tetap dapat jatah yang dibagikan ke sekolah-sekolah bahkan katanya sekolah libur masih jalan MBGnya. Miris sih.. seperti difoya2kan uang hasil pajak kita yang menurut kita sangat besar tapi tetap diperas karena bagi pemerintah tidak seberapa.,Negative,0,Negative,0,Negative,0.9761188,0.004234642,0.019646522
709,"Nah loh, kopdesnya jg mana 😂",Neutral,1,Neutral,1,Neutral,0.052467745,0.8898433,0.057688903
1548,"Sering2 lah bikin berita baik dan positif,",Positive,2,Positive,2,Positive,0.00700768,0.0062009036,0.9867914
1811,"itu abpn yg banyak keluar triliunannya muter bukan ngendep dan muter ya kebawah mbg bukan cuman jadi tai aja, APBN di rancang dengan maksimal defisit itu gak boleh dari 3% saat ini defisitnya masih terkendali kamu gak pernah punya ngerjain proyek ya ? hampir semua pebinis kalo dapet proyek gede mereka minjem uang ke bank sebagai modal untuk jalanin proyeknya karena uangnya mah ada cuman dia bagaimana uang bekerja mangkanya kerjaannya di jalanin pake utang dulu biar yg dingin itu bisa muter lagi ke yg lain, negara yah kalo punya proyek sama dia jalanin make utang coba negara mana yg berutang even US pun malah melebihi batas amannya tapi karena dia punya dolar dia bisa buat rencana seperti perang yg akhirnya sedunia make dolar yg bikin dolar menguat dan utangnya dia jadi melemah",Negative,0,Negative,0,Negative,0.98042446,0.0032005382,0.01637503
3721,"kapan ke kadumanggu om , DS kadumanggu",Neutral,1,Neutral,1,Neutral,0.046810374,0.8584547,0.09473503
2241,"Terkait kebijakan ini, perlu diperhatikan ketahanan makanan selama proses pengiriman agar tidak cepat basi saat cuaca panas.",Neutral,1,Neutral,1,Neutral,0.034359172,0.8988506,0.066790245
1710,cuma di periode ini amburadul semua program nya..,Negative,0,Negative,0,Negative,0.9784793,0.0017947309,0.019725997
1206,lanjutkan mbg pendidikan nyambung dg pendidikan giji yg kontra mbg orang jolim rakyat sangat terbantu mbg lanjutkan,Positive,2,Positive,2,Positive,0.0061432663,0.000614945,0.9932417
3013,bah cuma mau tau ABS doang,Neutral,1,Neutral,1,Neutral,0.028181184,0.89633274,0.07548607
4434,Mana ini yang mendukung program MBG tidak ditemukan disini 🤣,Positive,2,Positive,2,Positive,0.0056408825,0.003140401,0.99121875
5108,@Gibran Rakabuming @gerindra,Neutral,1,Neutral,1,Neutral,0.044691913,0.8844092,0.07089887
1492,"Mantan BGN dipercaya penuh malah korupsi besar2an kasih karakter bobrok, harus peduli anak sekolah malah memperkaya diri",Negative,0,Negative,0,Negative,0.97372675,0.0016504353,0.024622897
5075,@gerindra @INDONESIA MAJU 🇮🇩 @Kementerian UMKM @kementanri,Neutral,1,Neutral,1,Neutral,0.03287109,0.8012912,0.16583765
1224,"Tentu saja, apakah ada panduan khusus bagi siswa yang membawa bekal sendiri dari rumah saat MBG dibagikan?",Neutral,1,Neutral,1,Neutral,0.037014015,0.89845514,0.06453083
4954,"@gerindra @seskabtedyindrawijaya
semoga bisa di perbaiki...program bagus tapi struktur nya banyak banyak di perbarui",Positive,2,Positive,2,Positive,0.006042783,0.0025650107,0.99139225
2684,@hanie ☘️parah sih ini,Neutral,1,Neutral,1,Neutral,0.14187355,0.79351455,0.064611875
759,"Pass tertinggal, terlupakan, tersiksa,terabaikan mungkin termiskin, terbodoh mungkin tesakit warganya hanya bisa bantu di up",Negative,0,Negative,0,Negative,0.9577179,0.027963923,0.014318177
4014,"Dari sudut pandang masyarakat, harus ada tim ahli gizi yang rutin mengecek kualitas dan kandungan kalori makanan di setiap unit dapur.",Neutral,1,Neutral,1,Neutral,0.036188003,0.8981491,0.06566296
2908,Betullllll Sangat Betullll,Neutral,1,Neutral,1,Neutral,0.047876824,0.8767781,0.07534513
3174,"kalo embege di posyandu tmpt saya isi nya cma tahu goreng, telor ceplok, sayur tumis ga jelas, nasi sama lengkeng 3 biji😂",Neutral,1,Neutral,1,Neutral,0.061705686,0.87637424,0.061919983
3884,@Silvia Tjan @Angelyn,Neutral,1,Neutral,1,Neutral,0.028187454,0.9130728,0.05873971
4387,kasih paham dapur mbg di sini chef biar ga telor ayam melulu,Neutral,1,Neutral,1,Neutral,0.0541506,0.866299,0.07955035
903,bingung bgt sih pemerintah kita tuh jahat atau emg beloon yah?,Neutral,1,Neutral,0,Negative,0.94524777,0.028352076,0.02640014
3776,Tah dengerin yang real petani dari rakyat ...jadi menaikan kesejahteraan petani yg mana?,Neutral,1,Neutral,1,Neutral,0.04224396,0.8904903,0.06726582
4486,"Di kupang mau beli buah labu Jepang mau minta 7 buah 10 ribu , padahal dijual 5 buah 10 ribu , alhasil penjual ga mau jual ke MBG",Neutral,1,Neutral,1,Neutral,0.030980388,0.90987676,0.059142753
5105,"Secara keseluruhan, kebijakan yang sangat bermanfaat, semoga alokasi anggarannya terus dijaga untuk kebaikan anak bangsa.",Positive,2,Positive,2,Positive,0.005537655,0.00069263484,0.9937697
1250,Gaji guru honorer 500 rb/bulan. beli minyak skrg sudah 20 RB . 20 * 30 hari = 600 rb. Apa yg perlu dibanggakan dari program ini,Positive,2,Positive,2,Positive,0.009848909,0.0074522733,0.9826988
2925,SEMUA SUDAH MENDENGARKAN,Neutral,1,Neutral,1,Neutral,0.036709122,0.8718204,0.0914705
5268,semangat bang...semoga hasil pertaniannya bisa diimport keluar negri,Positive,2,Positive,2,Positive,0.004821497,0.0017826027,0.993396
4937,Masuk ke mbg emang harus pake ordal banget,Neutral,1,Neutral,1,Neutral,0.03940172,0.88575625,0.07484208
403,beeratt di ongkoss looh... ntar rugii.. untungnya dikkitt..🤭😂,Neutral,1,Neutral,1,Neutral,0.03607874,0.88663596,0.07728534
124,"Proyeeeekk bagi2 Duit, balik modal Kampanye🤮",Neutral,1,Neutral,1,Neutral,0.22572224,0.70740366,0.06687402
4656,ya mungkin hanya oknum itu ya 😏😏,Neutral,1,Neutral,1,Neutral,0.109116666,0.8426737,0.048209652
5038,"Intinya itu MBG memperkaya vendor, yg punya dapur sppg, yg urus pengadaan barang, dan yg punya proyek MBG. Dari 335 T turun ke sekolah” 7rb - 10rb. Itung sendirilah selisih nya brp, dan kmn sisahnya….????",Neutral,1,Neutral,0,Negative,0.9723227,0.0025060223,0.025171287
1385,Di Kapuas hulu Kalbar ada sppg diatasnya ada bekas sarang walet kenapa bisa lolos verifikasi pak..🙏🙏,Neutral,1,Neutral,1,Neutral,0.030367479,0.90337056,0.06626202
1575,"teman saya cerita, jualan sayur di pasar itu 15rb di nota mbg minta 50rb 😁",Neutral,1,Neutral,1,Neutral,0.042123806,0.87612015,0.08175601
3495,viralkan biar di bantu pak Mentri,Neutral,1,Neutral,1,Neutral,0.03370941,0.89252967,0.073760934
2156,Emg kumink ngurusin dapur seluruh indonesia?,Neutral,1,Neutral,1,Neutral,0.048875812,0.8828715,0.06825268
5046,ia bner banget... umkm juga susah ketika kita menawarkan ke sppg mereka hanya menjawab gak bisa udah di suplai oleh yayasan....,Neutral,1,Neutral,1,Neutral,0.037881628,0.9077219,0.05439648
2331,kata siapa? 😂duh 500perak cair yay,Neutral,1,Neutral,1,Neutral,0.04541774,0.8958389,0.058743354
3177,Memang benar bahwa sebaiknya ada formulir evaluasi harian yang diisi guru terkait porsi dan kualitas menu yang diterima.,Neutral,1,Neutral,1,Neutral,0.039233305,0.88131315,0.079453506
144,"Ya udah joged aja lg, di tik tok live👍😁😄😃😀🤭",Neutral,1,Neutral,1,Neutral,0.03907337,0.8830932,0.077833466
2134,"lain kali mending jangan mau deh kak
pertanggung jawaban diakhiratnya berat.
secara ga langsung kita kaya ikut terlibat, padahal mah kan engga.
krn yg mengetahui, mencatat ya sama aja dosa nya",Negative,0,Negative,0,Negative,0.9668022,0.013669735,0.019528003
3473,"parahh bangat kk, biar dilaporin pasti ngak ada respon dari pemerintah",Neutral,1,Neutral,1,Neutral,0.17018336,0.73703647,0.09278017
1050,"Ini fakta, Stunting dan Kelaparan hanya 'cara' utk bisa KORUPSI BERJAMAAH lewat MBG",Negative,0,Negative,0,Negative,0.9790146,0.0017455758,0.019239873
109,Ga dapat jatah korup donk klo bukan di jawa,Negative,0,Negative,0,Negative,0.9748137,0.0016023192,0.023583945
3073,chef kasih tau resep tau asam manis nya mau buat makan dirumah😁,Neutral,1,Neutral,1,Neutral,0.021223176,0.87976265,0.099014126
2187,kereeen menunya chef kreasinya paduannya mantap,Positive,2,Positive,2,Positive,0.003698903,0.0016657584,0.9946353
1203,58% rakyat yang milih dia.. 😂 walau sekarang di survey cuma tinggal 51.. wkwkwk..,Neutral,1,Neutral,1,Neutral,0.07016177,0.73029506,0.1995432
1124,Karma MBG tu 90% adalah bisnis,Neutral,1,Neutral,0,Negative,0.96956784,0.011308326,0.019123716
2563,gak hanya ganti presiden tapi mentri² dan antek²nya juga harus ganti,Negative,0,Negative,0,Negative,0.9740968,0.0156101,0.010293101
649,Kalian tidak usah berharap....... karena pemerintah hanya memikirkan keuntungan,Neutral,1,Neutral,1,Neutral,0.30123854,0.5903035,0.10845791
3285,chef ini menu MBG balita tadi pagi untuk satu hari🙈,Neutral,1,Neutral,1,Neutral,0.03294805,0.8993776,0.06767435
806,Orang mereka menjadikan MBG untuk menambah kekayaan bukan murni menghapus stuning. Intinya kuras sebanyak mungkin karena yakin bakal kalah 2029,Neutral,1,Neutral,1,Neutral,0.03359358,0.8991129,0.06729348
1018,"karena MBG adalah program ""MALING BERKEDOK GIZI""",Negative,0,Negative,0,Negative,0.97602695,0.0015670166,0.022406043
4632,"sebelum ada MBG ,, ada anak berhenti sekolah karna lapar??",Negative,0,Negative,0,Negative,0.5394152,0.3800006,0.080584235
3508,"Menurut saya, harus ada tim ahli gizi yang rutin mengecek kualitas dan kandungan kalori makanan di setiap unit dapur.",Neutral,1,Neutral,1,Neutral,0.034415055,0.9052797,0.06030519
3397,fakta di lapangan beda dengan laporan di atas meja,Neutral,1,Neutral,1,Neutral,0.044090267,0.8940682,0.06184154
1061,"Memang MBG program tak bertujuan penanganan kekurangan gizi, tp hanya menghabiskan uang negara saja, bukti sdh nyata, banyak daerah yg butuh malah tdk ada, yg gak butuh malah jd prioritas, apa itu program yg waras",Neutral,1,Neutral,0,Negative,0.9737369,0.0055147093,0.020748423
4305,di pasangkayu sj belanjanya dapur MBG di palu🤣 ini fakta karna temanku yg bawa mobil🤣🤣,Neutral,1,Neutral,1,Neutral,0.044219892,0.86985576,0.085924394
1099,"saya setuju jika MBG di papua saja, sudah cukup anomali yg terjadi di jawa",Negative,0,Negative,0,Negative,0.9836262,0.0013864057,0.014987411
1416,hukum mati jgn d kasi ampun,Neutral,1,Neutral,1,Neutral,0.15682206,0.76644325,0.07673467
1467,Tampan dan kelekuan sama pinang di bagi dua,Neutral,1,Neutral,1,Neutral,0.044984996,0.8530987,0.101916365
4408,sudah di datangi relawan belum?,Neutral,1,Neutral,1,Neutral,0.033298146,0.8988903,0.0678116
1030,TAKUT MEREKA SAMA OPM DAN KKB,Neutral,1,Neutral,1,Neutral,0.102654904,0.8331503,0.06419482
2442,"ikqn dori/patin ini emg amis ya chef? di sekolah anakku sering bgt ikan ini di crispy, tp bau nya kok masih amis. ga pernah kemakan",Neutral,1,Neutral,1,Neutral,0.034045745,0.8815417,0.08441256
3362,bumil balita sama di aku,Neutral,1,Neutral,1,Neutral,0.04601358,0.8939318,0.06005462
4002,"semua melalui vendor, vendor itu relasi, relasi itu teman, teman itu kawan lobi2 nah.. udah lobi2 dimana ada org awamnya???",Neutral,1,Neutral,1,Neutral,0.038362276,0.90114576,0.060491987
2622,Titik terendah menjadi manusia adalah jadi pemuja anies,Neutral,1,Neutral,1,Neutral,0.20173006,0.6951501,0.10311989
1737,"Dari sudut pandang masyarakat, perlu diperhatikan ketahanan makanan selama proses pengiriman agar tidak cepat basi saat cuaca panas.",Neutral,1,Neutral,1,Neutral,0.038340457,0.8823868,0.07927274
340,"Dari sisi investor tentu itung2 laba sulit karena Harga bahan baku tinggi & Biaya Logistik jg tinggi termasuk faktor geografis, infrastruktur dan keamanan. Harga bahan makanan dasar di papua jauh lebih mahal dibanding daerah lainnya, sehingga anggaran standar per porsi kerap tidak mencukupi tanpa adanya skema penyesuaian anggaran daerah. Tapi itu mjdi tantangan yg harus dipecahkan dan diselesaikan.",Neutral,1,Neutral,0,Negative,0.7449364,0.14960256,0.105461076
1514,"Maling ayam dikeroyok babak belur, knpa m4ling duit rakyat milyaran bahkan trilyunan, bebas melenggang, senyum"",melambaikan tangan begitu pedenya, kok g ada yg berani menyentuh,ha ha haa",Negative,0,Negative,0,Negative,0.8712308,0.055105664,0.07366365
867,Prabowo presiden terbaik didunia.. kebijakan Populisnya sungguh sangat dicintai masyarakat Jawa.,Positive,2,Positive,2,Positive,0.006033712,0.0044790357,0.9894873
5535,@gerindra @DENNY SUMARGO,Neutral,1,Neutral,1,Neutral,0.036218554,0.89573497,0.068046525
4824,"ga semua orang pak tani, semangat ya semoga di pertemukan orang baik",Positive,2,Positive,2,Positive,0.003665395,0.0027418593,0.9935927
1448,Koruptor diperlakukan bagaikan raja dan perlakuannya,Negative,0,Negative,0,Negative,0.97982717,0.0052532014,0.014919705
1834,Yah nggak lah,Neutral,1,Neutral,1,Neutral,0.034329943,0.9105097,0.055160318
3412,"bukan lagi 2 kali lipat ituvya kak, tapi berlipat2 di notanya.....
berarti cerdas , meniru kepala BGN nya .... hehehe",Neutral,1,Neutral,2,Positive,0.009334264,0.028871564,0.96179414
3955,"memang cukup panen dia buat suplay MBG, petani harus menjual ke pengepul, pengepul masuk ke MBG, MBG BERJALAN SETIAP HARI, dia panen 3 bulan sekali, otak di pake, saya lulusan smp saja sudah paham apa yang di maksud pemerintah,MBG KERJA SAMA DENGAN PENGEPUL, KALO MBG NGANDELIN PETANI PANEN LAMA, harus nunggu 3 bulan",Neutral,1,Neutral,1,Neutral,0.029588288,0.8432167,0.12719505
2812,insentif 6jt per'hari nya Kelewatan Mas😁,Neutral,1,Neutral,1,Neutral,0.034872293,0.89574623,0.069381475
2700,"bagus lagi klau anggarannya dikasih k rakyat yg kurang mampu dah pasti bisa makan enak sekeluarga bukan anaknya saja,",Positive,2,Positive,2,Positive,0.0052477727,0.0007160003,0.9940362
5207,birokrasi yg sangat membagongkan.,Neutral,1,Neutral,2,Positive,0.025574133,0.11037278,0.86405313
2611,desa loe doang dsni gk tuh,Neutral,1,Neutral,1,Neutral,0.0465515,0.8672926,0.08615599
3004,Kualitas nasi dan lauk yang dibagikan seringkali sudah dingin dan tidak menggugah selera anak-anak.,Negative,0,Negative,0,Negative,0.9776098,0.006020398,0.016369766
881,"Melihat fakta di lapangan, perlu diperhatikan ketahanan makanan selama proses pengiriman agar tidak cepat basi saat cuaca panas.",Neutral,1,Neutral,1,Neutral,0.032719966,0.89754343,0.069736555
4696,mbg ladang korupsi 🗿,Negative,0,Negative,0,Negative,0.9815656,0.0019921013,0.016442254
5177,@kementanri dengarkan ini lur,Neutral,1,Neutral,1,Neutral,0.03703337,0.8961077,0.066858985
1089,Itulah bobroknya program pemerintah sekarang.,Negative,0,Negative,0,Negative,0.9774089,0.0019645884,0.020626469
1,"Adanya program ini sangat bermanfaat untuk masyarakat, apalagi program ini bertujuan untuk pemenuhan gizi baik anak sekolah, balita, bumil, maupun busui, program ini sangat bermanfaat sekali🙏🏻❤️🤲",Positive,2,Positive,2,Positive,0.00541705,0.00077966275,0.99380326
4228,Memang benar bahwa perlu diperhatikan ketahanan makanan selama proses pengiriman agar tidak cepat basi saat cuaca panas.,Neutral,1,Neutral,1,Neutral,0.032470692,0.8971784,0.07035085
2263,"mau bikin progam sebagus mungkin kalo yang jalanin orang"" korup ya susah bang,progamnya udah bagus tapi pelaksanaan dan oknum"" terkait masih perlu diaudit",Negative,0,Negative,0,Negative,0.9818308,0.0018980963,0.01627113
2538,bisa pun masuk harga jauh dibawah pasaran.,Neutral,1,Neutral,1,Neutral,0.03906597,0.8964729,0.06446112
4133,"Melihat fakta di lapangan, bagaimana mekanisme pengawasan distribusi makanan agar selalu tepat waktu sampai ke masing-masing sekolah?",Neutral,1,Neutral,1,Neutral,0.03711744,0.89219034,0.07069223
1670,"mbg minggu kmrin beli beras dari saya 13600/kg minta d buat in notanya 16rb/kg,berarti ada main harga sama orang dapur mbg nya",Negative,0,Negative,1,Neutral,0.036270358,0.88900316,0.07472647
106,tipis untungnya kalau disana bang,Neutral,1,Neutral,1,Neutral,0.037694562,0.85068774,0.11161772
3451,"betul, fakta lapangan kan ini..",Neutral,1,Neutral,1,Neutral,0.03974532,0.877766,0.08248864
670,Nggak mungkin pemerintahan tidak tau,Neutral,1,Neutral,1,Neutral,0.040728357,0.8949969,0.064274766
2421,"program MBG itu memang ibarat kue yg yg dibagi"",kau bayangin aja porsi 1 porsi itu 20k kalo untuk 1 skolah total muridnya itu 1000 maka total pengeluaran perhari itu 20jt buat 1000 siswa,bayangin aj kalo perporsi di pangkas jadi 15k dikorup 5k per porsi,sedangkan tiap hari itu MISALNYA 1000 porsi kai hitung aja itu 5k dikali 1000=5jt perhari,kalo dibagi"" buat tutup mulut 3jt perhari itu udah okk bgt cok,CMIWW",Neutral,1,Neutral,1,Neutral,0.0609504,0.8527393,0.086310305
3031,"nah modelan gini pasti anak""suka sm ky di sppg saya AG sm chef nya kreatif sampe kita yg ngolah juga rada ""puyeng 😁",Positive,2,Positive,2,Positive,0.004978801,0.00067907735,0.9943421
1618,Iya. Dori yg asli ga akan mampu beli. Adanya di resto2 dan hotel mewah.,Neutral,1,Neutral,1,Neutral,0.02966261,0.916644,0.05369348
3799,Betul 😭 org” yg beli barang suka suruh up harga gk kira” yg tau” aj,Positive,2,Positive,1,Neutral,0.03191466,0.695287,0.27279842
2931,WKWKWKWK IYAAA 😆,Neutral,1,Neutral,1,Neutral,0.039271258,0.89070725,0.070021376
1279,"EMANG MASIH ADA WAKIL RAKYAT DI SITU..? MEREKA YANG DUDUK DI SITU BUKAN MEWAKILI RAKYAT, HANYA SEGEROMBOLAN LINTAH DARAT, YANG MENGHISAP DUIT RAKYAT...",Neutral,1,Neutral,1,Neutral,0.40998307,0.54580474,0.044212174
2495,"saya mau jual beras ke MBG katanya stok udah full, ternyata dapurnya terima beras dr Kerabat/konconya pegawai SPPG",Neutral,1,Neutral,1,Neutral,0.025074432,0.91009474,0.064830825
1666,Cukup 1 priode,Neutral,1,Neutral,1,Neutral,0.09299491,0.81298614,0.09401896
4910,@gerindra gimana ini min?,Neutral,1,Neutral,1,Neutral,0.04011325,0.8637304,0.0961564
4006,begitulah Indonesia selama masih bnyak pejabat korup sistim dibuat bertele tele,Negative,0,Negative,0,Negative,0.98094887,0.00190269,0.017148374
4940,"Jujur saja, semoga ada mekanisme pemilahan sampah organik dan kemasan sisa makanan yang terkelola dengan baik di sekolah.",Neutral,1,Neutral,1,Neutral,0.02238712,0.9117288,0.06588406
471,Yang bikin video ini Londo Ireng yang dimaksud pak Wowo bukan?,Neutral,1,Neutral,1,Neutral,0.057303514,0.8660548,0.076641686
5316,"Tentu saja, semangat untuk seluruh tim yang bertugas menyiapkan dan mendistribusikan makan bergizi gratis untuk anak-anak.",Positive,2,Positive,2,Positive,0.005059789,0.0010498744,0.9938903
1192,Hukum mati koruptor yang ada malah melindungi koruptor,Negative,0,Negative,0,Negative,0.97703916,0.0045400565,0.018420767
837,"Ga heran sih, wong bukan lumbung suara. Gw bisa paham kenapa banyak sppg atau program program pemerintah lebih tersebar di pulau jawa, karena jawa adalah koentji...provinsi provinsi terbesar semua di pulau jawa, jadi mereka fokus nya disitu aja.",Neutral,1,Neutral,1,Neutral,0.030455476,0.9063099,0.06323468
2258,"baca sampe selesai dong mbak komenan saya.... mereka tetep bs jual, tapi gak suplay lgsg ke dapur mbg nya. tapi ke pihak ketiga yg kerja sama sm dapur MBG. semua uang pemerintah yg keluar harus ada pertanggungjawaban nya dalam bentuk SPJ mbak",Neutral,1,Neutral,1,Neutral,0.039309192,0.90016586,0.06052486
4069,"Jgn salahkan MBG, tp salahkn 58% pemilih Presiden yg tidak kompeten",Neutral,1,Neutral,0,Negative,0.88277173,0.050375067,0.06685322
2822,di sekolah ku susu cuma 2 kali seminggu itu aja kalo dapet,Neutral,1,Neutral,1,Neutral,0.044706896,0.85150695,0.103786185
2670,perasaan pembelian sayuran ga ada pajak ppn nya bang.. setau saya sih,Neutral,1,Neutral,1,Neutral,0.03451743,0.888778,0.07670459
229,"Wallahi denger aksen fasih Bahasa Indonesia Bu Grace dan smua sodara2 sebangsa d Papua aja udah bikin haru saya mah ,semoga negeri ini segera dikelola orang² baik amanah dan TAKUT TUHAN !!! Sangat yakin kl kekayaan negeri ini sejatinya cukup untuk memakmurkan rakyatnya",Positive,2,Positive,2,Positive,0.004615014,0.0012557273,0.9941293
2051,"ya kan sistemnya dari presiden bodoh, mikir dikit, noh liat pak habibie",Negative,0,Negative,0,Negative,0.8678475,0.10594325,0.026209185
3417,@gerindra min baca min,Neutral,1,Neutral,1,Neutral,0.044204652,0.8786227,0.077172585
285,😢😢😢 ya Tuhan,Neutral,1,Neutral,1,Neutral,0.20720282,0.70441705,0.08838015
3797,"sukak sekali denger omongan Abang ini , mewakili omonganku",Neutral,1,Neutral,2,Positive,0.005418352,0.0011384371,0.99344325
4079,"Lqgi² presiden kena laporan palsu atas menterinya, dulu kepala bgn nya skrg Uda ditangkap, hampir semua kementrian minta tambahan anggaran, presiden nya asik sih pada minta tambah",Neutral,1,Neutral,2,Positive,0.00821984,0.0020118395,0.9897683
3498,"lho, berarti... guys bantu jelasin dong, please 😭",Neutral,1,Neutral,1,Neutral,0.032093085,0.8866321,0.08127482
5190,"Tentu saja, penting untuk memastikan sanitasi peralatan makan dan tempat penyajian selalu dalam kondisi bersih dan steril.",Neutral,1,Neutral,1,Neutral,0.038213577,0.88342404,0.07836239
770,selain MBG jumlah PPPK dan ASN kurang produktif banyakan administratif deh di Papua dan hampir seluruh wilayah Indonesia. banyakin nakes sama guru harusnya,Neutral,1,Neutral,0,Negative,0.9822542,0.0029960473,0.014749713
4047,"Menanggapi hal tersebut, perlu diperhatikan ketahanan makanan selama proses pengiriman agar tidak cepat basi saat cuaca panas.",Neutral,1,Neutral,1,Neutral,0.041841526,0.87926793,0.07889053
4841,@Purbaya Yudhi Sadewa,Neutral,1,Neutral,1,Neutral,0.03846485,0.8824474,0.0790877
5238,@KANG DEDI MULYADI,Neutral,1,Neutral,1,Neutral,0.032479953,0.89779675,0.06972325
2269,"Terkait kebijakan ini, perlu kajian lebih lanjut mengenai efisiensi operasional pengantaran makanan ke sekolah pelosok.",Neutral,1,Neutral,1,Neutral,0.042377915,0.8771744,0.08044776
3171,ya presidennya lah wkwk anti kritik,Negative,0,Negative,1,Neutral,0.2674654,0.60661775,0.12591682
1377,"Secara keseluruhan, harus ada tim ahli gizi yang rutin mengecek kualitas dan kandungan kalori makanan di setiap unit dapur.",Neutral,1,Neutral,1,Neutral,0.03873795,0.89474183,0.06652024
4920,omon omon doang,Negative,0,Negative,0,Negative,0.9779457,0.0030557683,0.018998548
12,Bagus sekali kalau higienitas jadi perhatian,Positive,2,Positive,2,Positive,0.005006298,0.0013609943,0.99363273
56,Pak tlg dunk saya BS DM biar saya kasi info sppg mana yg makanannya g org enk,Neutral,1,Neutral,1,Neutral,0.037539806,0.88272065,0.079739556
3019,"lahhh,di kasih pakta malah ngeledek,kaya mahasewa mau di ajak ke Papua malah jawab ngapain punya data dari pilem lagih🤣🤣🤣",Neutral,1,Neutral,1,Neutral,0.13318364,0.8145037,0.052312598
5151,petani langsung setor ke sppg ya gak mungkin.. harus ada suplayer untuo mengatur kebutuhan sppg tersebut.. kalo petani langsung setor ke sppg gimana acara aturnya😂😂😂,Neutral,1,Neutral,1,Neutral,0.03491589,0.9163524,0.048731722
4797,Memang benar bahwa apakah anggaran MBG sudah mencakup pengadaan tempat makan ramah lingkungan yang bisa dipakai berulang kali?,Neutral,1,Neutral,1,Neutral,0.035929587,0.8992427,0.06482774
3088,mang lu kira yg oposisi presiden sekarang mikih anies semua? 😝,Neutral,1,Neutral,1,Neutral,0.056244534,0.8710119,0.07274359
5244,tag partai Gerindra nya ..biar tau lapangan ..,Neutral,1,Neutral,1,Neutral,0.029576128,0.90518486,0.06523907
5200,abang... itukan buat rekanan doang😁,Neutral,1,Neutral,1,Neutral,0.05797187,0.86622983,0.07579832
4960,@gerindra @Gibran Rakabuming,Neutral,1,Neutral,1,Neutral,0.052287694,0.87994736,0.06776487
1495,Bubrin aja mbg gra2 mbg ekonomi jd pd mhl,Neutral,1,Neutral,1,Neutral,0.09303675,0.86308056,0.043882642
2316,"gak bsa atuh pak, pertanggung jawaban pk apbn emg ada prosesnya.. hrs catat dl baru bayar😅",Neutral,1,Neutral,1,Neutral,0.038135353,0.8758048,0.08605981
1235,Ngotot Bgt Pemerintah jalankan MBG dan KDMP.... Ga ad Plan B....? Rakyat Sdh MUAK..... MBG dan KDMP program GATOT,Negative,0,Negative,0,Negative,0.9775673,0.0037543757,0.01867821
2562,lu aja yng jdi presiden,Neutral,1,Neutral,1,Neutral,0.08254994,0.8601368,0.05731327
5115,"Dari sudut pandang masyarakat, sangat disayangkan alokasi dana pendidikan terkuras untuk program makan siang yang belum terbukti efektivitasnya.",Negative,0,Negative,0,Negative,0.9778812,0.0013909901,0.020727891
3083,"ya kali beli langsung ke petani, multiplayer effect itu melibatkan bnyk pihak, bkn MBG sm petani aja.. ditengahny ada supplier, distributor, pedagang dll",Neutral,1,Neutral,1,Neutral,0.045265865,0.87885725,0.07587698
2183,"Jujur saja, program ini berisiko mematikan ekonomi UMKM kantin sekolah yang sudah bertahun-tahun mencari nafkah di sana.",Negative,0,Negative,0,Negative,0.9146482,0.03057298,0.05477881
5321,"Secara keseluruhan, harap disosialisasikan secara rinci kepada wali murid mengenai rincian menu dan kandungan nutrisi harian.",Neutral,1,Neutral,1,Neutral,0.026261408,0.901033,0.07270569
1398,"Yang sppgnya bermasalah dimana kepala sppg nya berafiliasi dgn polri/TNI atau anggota DPR atau pejabat negara lainnya, berani gak?",Neutral,1,Neutral,1,Neutral,0.30816746,0.5878029,0.10402963
634,"Kalo Medan sulit atau apapun itu,,kenapa giliran sumber daya alamnya sangat mudah diambil dikuras?masa iya mau ambil SDA nya aja, SDM nya dibiarkan 😢😢😢",Neutral,1,Neutral,1,Neutral,0.037515614,0.8946004,0.067884065
1535,Wenak ngunu vin mangane 😂👍,Neutral,1,Neutral,1,Neutral,0.04368482,0.8792428,0.077072404
2242,"lah emang harus gitu kak,, klo mau emang harus ngurus2 izin,,",Neutral,1,Neutral,1,Neutral,0.030114379,0.9006125,0.069273196
3424,terus kaga perlu diaudit gitu? 😂,Neutral,1,Neutral,1,Neutral,0.036036123,0.8705337,0.093430236
1884,"di sekolah gua juga sayurnya kaya seadanya, biar banyak ga kemakan besok2 tetep sayurnya itu",Neutral,1,Neutral,1,Neutral,0.06665839,0.86503786,0.06830381
2276,"emngnya pda saat presiden sblum prabowo menjabat apakah nasib para petani dipikirkan? atau nasib para petani dulunya bagus dan baik lalu dihancurkan oleh masa periode pak prabowo hanya karena mbg haa?
lantas mengapa seolah2 hanya masa jabatan pak prabowo saja yg terlihat bobrok dimata kalian haa??
setiap apapun yg dijalankan oleh suatu pemerintahan pasti ada tujuan dibalik itu semua, jadi jgn asal tutup2 saja ap yg tdk sesuai oleh sebagian pihak sja.",Negative,0,Negative,0,Negative,0.98332846,0.0017142864,0.014957234
5258,"Terkait kebijakan ini, perlu ada survei berkala kepada para guru dan siswa untuk mengetahui respon dan efektivitas menu MBG.",Neutral,1,Neutral,1,Neutral,0.058136795,0.8818538,0.060009487
2660,"iya pak intinya gak nyentuh langsung ke petani langsung tetep saja orang² tertentu yg main ,ya kalo petani disuruh bikin dulu PT/CV gak semua bisa karena belum tentu memenuhi syarat ..",Neutral,1,Neutral,1,Neutral,0.049920905,0.87797576,0.072103284
2130,Apakah ada rencana sertifikasi halal dan uji laboratorium rutin untuk seluruh bahan makanan yang dipakai?,Neutral,1,Neutral,1,Neutral,0.046604075,0.8838335,0.06956236
742,Ya Allah... tolonglah jangan diskriminasi terhadap Papua 😢 segala aspek serba tertinggal 😢 dosa ditanggung para pemimpin 👊👊👊,Negative,0,Negative,0,Negative,0.9854248,0.0040544993,0.010520658
4653,@KANG DEDI MULYADI,Neutral,1,Neutral,1,Neutral,0.034499858,0.89759433,0.06790583
1158,Sebaiknya ada formulir evaluasi harian yang diisi guru terkait porsi dan kualitas menu yang diterima.,Neutral,1,Neutral,1,Neutral,0.035723347,0.8926441,0.07163252
1577,udah gua bilang mbg itu bisnis 😅,Neutral,1,Neutral,1,Neutral,0.07747358,0.8701567,0.05236967
538,Pasti investor males lah di daerah begitu ... Mending di daerah kota,Neutral,1,Neutral,1,Neutral,0.13487187,0.7699331,0.09519505
923,Si omon2 katakan para petani sdh jalan2 keluar negri krn sejahtera....,Negative,0,Negative,0,Negative,0.97936845,0.0018852649,0.018746343
3353,santai bangg gk usah treak*,Neutral,1,Neutral,1,Neutral,0.041137982,0.87241983,0.0864422
4162,"Secara keseluruhan, pengelolaan sampah sisa makanan harus dipikirkan agar tidak menimbulkan masalah lingkungan di sekolah.",Neutral,1,Neutral,1,Neutral,0.03157584,0.91416496,0.054259233
2960,presidennya GK tegas ...GK sesuai dgn titelnya,Neutral,1,Neutral,1,Neutral,0.043214954,0.8944793,0.06230574
1749,Boleh gak tag geindra?,Neutral,1,Neutral,1,Neutral,0.035961524,0.91192335,0.052115146
3934,"betul sekali, gue aja pernah suplai ayam gitu😂",Neutral,1,Neutral,1,Neutral,0.053041637,0.8619222,0.08503613
1623,"Aman buat d masak kok kak,tpi ga aman d makan soalnya teksturnya susah d kunyah gituuu",Neutral,1,Neutral,1,Neutral,0.02988831,0.83751565,0.13259608
4105,ini petani asli,Neutral,1,Neutral,1,Neutral,0.03828851,0.87646097,0.08525054
48,Apakah minta maaf akan membuat situasi lebih terkendali? Lawak👍,Neutral,1,Neutral,1,Neutral,0.029165328,0.88514364,0.085691094
452,Mana pejabat setempat pemerintah tolong lah rakyat mu..,Neutral,1,Neutral,1,Neutral,0.03884889,0.8885944,0.072556674
4267,gak usah lahhh ngarep2 apa2 ke pemerintah.... bikin sakit hati.....,Neutral,1,Neutral,0,Negative,0.84283626,0.08271332,0.07445034
2866,semenjak ada mbg harga sayuran kacau,Negative,0,Negative,0,Negative,0.98191375,0.001463453,0.016622864
3937,"mending harga turun 20 - 30 %, abang gw produsen roti modal 2000 jual 5000, SPPG minta harga 1700. apa gak sedekah namanya? 🤣 rugi iya",Neutral,1,Neutral,1,Neutral,0.07246468,0.8650428,0.062492512
3595,"wkwk, gw pas kerja di gudang buah aja mbg beli 500box pisang lebih harga di atas 80k paling kecil",Neutral,1,Neutral,1,Neutral,0.036667835,0.8839422,0.07938987
1090,"Beginilah program wowo, yg mampu di kasih mbg, yg miskin dan prioritas malah ga di kasih, emng edan presiden gini ngeri",Neutral,1,Neutral,1,Neutral,0.29623863,0.6365321,0.06722922
5442,sabar bang mbg juga udah tutup,Neutral,1,Neutral,1,Neutral,0.046619732,0.8711263,0.08225404
2901,bukan membual dia sebagai petani meresakan sendri,Neutral,1,Neutral,1,Neutral,0.06307682,0.8535775,0.08334568
902,"Lha yg ini. YANG INI PER-MASALAH-ANnya. Yg di pelosok yg wajib MBG gmn cara akses kesananya, ITU KALIAN YG MIKIR apalagi buat pak presiden. MBG kok di kota. Sy punya anak balita aja gak pernah mau ambil MBG di posyandu selain reputasinya jelek, sy jg masih mampu kasih makan ankku yg jauh lebih bergizi.",Positive,2,Positive,2,Positive,0.009040268,0.00550907,0.9854506
1502,Muka2 kasian 😂,Neutral,1,Neutral,1,Neutral,0.032711253,0.8908856,0.07640316
4576,emang harus compang camping kalo jadi petani? ga punya pikiran njir,Neutral,1,Neutral,1,Neutral,0.067154534,0.8605245,0.07232093
5181,"gausah suplay sayur kedapur mbg bang percuma adik gw yg SD pernah dapet kacang polong,basreng sama keripik tempe yg sering ada di warung 🤣Kocak sih tapi ini adalah fakta ya !!",Negative,0,Negative,0,Negative,0.9874802,0.0019496424,0.010570112
1092,"Tolong untuk pemilihan presiden selanjutnya dipikirkan secara logika dan jangan asal pilih, sumpah ini wowo ga jelas banget cmn modal omon² + joget gajelas pada milih paslon ginian😢",Neutral,1,Neutral,0,Negative,0.98182446,0.0013521081,0.016823512
1972,tinggal mikir mereka dibayar,Neutral,1,Neutral,1,Neutral,0.035176136,0.905547,0.059276883
3354,di ak menunya ayam muluu😭😭😭,Neutral,1,Neutral,1,Neutral,0.039591234,0.8760765,0.08433224
1516,Pdhal Si gemoy tahu tapi diam aja tuh😂😂😂,Neutral,1,Neutral,1,Neutral,0.02363698,0.91282946,0.06353354
1454,Tarik kembali uangnya itu milik rakyat,Neutral,1,Neutral,1,Neutral,0.028211057,0.8931967,0.07859224
1563,Dr pemerintah sudah benar tinggal masyarakatnya yg control oknum nakal,Negative,0,Negative,0,Negative,0.7256767,0.20759544,0.066727825
962,"Klo jkw gak serius untuk rakyat,mnding dia jadi gubernur aja😂gk usah jdi presiden",Neutral,1,Neutral,1,Neutral,0.032080088,0.9173231,0.050596777
2540,"Tapi sarwendah pas di cherrybelle juga ga begitu terkenal , dia terkenal karna ruben onsu setauku",Neutral,1,Neutral,1,Neutral,0.056673978,0.76456916,0.17875686
4948,"yesss Bener . bhkn petani di kmpung saya pada berhenti nanam bawang krna hrga bibit 50 rbu per KG .Tanah petani ditanami padi , gagal panen krna tikus .petani kcil mah beli bibit mahal bgian pnen murah",Negative,0,Negative,1,Neutral,0.102192216,0.8513427,0.046465192
3194,@Xyzer Gadget 😱jirrr,Neutral,1,Neutral,1,Neutral,0.05923207,0.88804424,0.05272368
495,lahan kering ini ngak basah jadi ngak CAIR 😅,Neutral,1,Neutral,1,Neutral,0.04931089,0.8605532,0.09013593
1028,Karna pembangunan hanya di Jawa.. sedangkan pemasukan utama Indonesia berasal dari Papua. makanya kami Sulawesi sumatra kalimantan Maluku NTT minta merdeka.. Biarkan Jawa saja yang masuk negara indonesia,Neutral,1,Neutral,1,Neutral,0.05242596,0.9025614,0.045012563
4911,Makin kacauu Indonesia ini 😭😭😭,Negative,0,Negative,0,Negative,0.9742519,0.005949896,0.019798221
3616,MBG itu mereka ambil dari suplayers bukan dari petani apalagi di pasar,Neutral,1,Neutral,1,Neutral,0.056479968,0.880828,0.062691994
2801,langsung wowo nya,Neutral,1,Neutral,1,Neutral,0.06490506,0.8599365,0.07515851
4862,"yang kaya makin kaya, yang miskin makin miskin..🤣",Neutral,1,Neutral,1,Neutral,0.14850067,0.7947221,0.056777246
1688,mau nanya itu bajet per anak berapa yah apa 15 ribu / 12 ribu ko bisa makanan nya keliatan mewah,Neutral,1,Neutral,1,Neutral,0.030066304,0.6032216,0.36671218
744,"Gak heran lah,,, program pemerintah pake intrik gratis tapi sistem nya franchise😂😂😂",Neutral,1,Neutral,1,Neutral,0.035527,0.8945561,0.06991689
5557,@gerindra @Gibran Rakabuming,Neutral,1,Neutral,1,Neutral,0.052287694,0.87994736,0.06776487
136,"iya ya, harusnya sering sering ke papua emasnya habis di keruk cendana buat di bagi bagi",Neutral,1,Neutral,0,Negative,0.86506873,0.10834037,0.026590867
1294,"Kalau mau tidak mau ribut, ambil dari Tunjangan anggota DPR,,jangan dari pendidikan",Neutral,1,Neutral,1,Neutral,0.03369218,0.90619725,0.060110662
2827,100 daging apa bg,Neutral,1,Neutral,1,Neutral,0.03878854,0.8763879,0.084823556
4011,"faktanya jgn di ceritain bg, bagian atas mah pokonya beres aja",Neutral,1,Neutral,1,Neutral,0.03495332,0.90390754,0.061139133
5514,betul sekali sy ketua gapoktan di desa kbtln di desa kami sentra sayuran dan padi ( cianjur - cipanas ) boro bs msk malah ormas yg bs masuk kwkwkwkw😂,Neutral,1,Neutral,1,Neutral,0.0418721,0.9122829,0.045844942
4636,"hah?,, ada argumen lain gak?",Neutral,1,Neutral,1,Neutral,0.05975063,0.8811915,0.059057873
432,can't agree more sih 16:22,Neutral,1,Neutral,1,Neutral,0.039611626,0.87504315,0.08534523
4687,Beginilah jelek nya program2 yg ada di konohaaa program besar di mafia in semua . Ya jd ekonomi jg muter di die2 org ajaa,Neutral,1,Neutral,0,Negative,0.9813457,0.001663265,0.016990993
2061,Aaaaaammmmiiiiiiin ya Allah🤲🏻,Neutral,1,Neutral,1,Neutral,0.03531951,0.8852331,0.07944742
3135,kan bisnisnya kepresidenan,Neutral,1,Neutral,1,Neutral,0.08456486,0.8490564,0.0663787
3187,Boleh ya buah potong cep??,Neutral,1,Neutral,1,Neutral,0.042023618,0.8909359,0.06704047
2766,lha makanya dapet supply dari mana itu para kepala SPPG kok sampe para petani ga merasakan hasilnya,Neutral,1,Neutral,1,Neutral,0.0416886,0.87566006,0.082651265
1012,"Sudah2 yg pada sok tau, silahkan dicoba sendiri ke Papua, kalo anda semua yg berkomentar sooookkkk pintar pulang dengan selamat tidak ditembak KKB, lapor segera ke para pejabat : sudah aman pak, silahkan Papua dibangun semaksimal mungkin.",Neutral,1,Neutral,2,Positive,0.022794787,0.28145263,0.69575256
4664,"Terkait kebijakan ini, kerja sama yang hebat antara pemerintah daerah, sekolah, dan peternak lokal dalam menyukseskan program MBG.",Positive,2,Positive,2,Positive,0.0069131656,0.0009171103,0.9921697
2605,dri banyaknya sppg apakah begitu semua sistemnya?,Neutral,1,Neutral,1,Neutral,0.042165104,0.8780575,0.07977751
4064,betul sekli abg ini.,Neutral,1,Neutral,1,Neutral,0.04122487,0.90522337,0.05355185
5515,"petani yg jujur gak bakalan sanggup ikut program ini...jual sama tengkulak, atau jual ke pasar sendiri aja mas.",Positive,2,Positive,2,Positive,0.008873057,0.012915583,0.9782113
4277,"lebih baik jngn bg,, Hati-hati berbisnis dg pemerintah, kamu akan trpuruk",Neutral,1,Neutral,1,Neutral,0.035002194,0.8974604,0.06753745
2764,Bagaimana skema pendanaan jangka panjang agar program ini tetap stabil tanpa membebani sektor lain?,Neutral,1,Neutral,1,Neutral,0.033189178,0.9089096,0.057901144
3805,"Jujur saja, dana miliaran rupiah terbuang percuma jika pengawasan di lapangan tidak diperketat.",Negative,0,Negative,0,Negative,0.9804851,0.0014705684,0.01804432
4877,Pihak dinas terkait harus rutin melakukan uji sampel makanan secara acak di berbagai sekolah.,Neutral,1,Neutral,1,Neutral,0.04770818,0.86795753,0.08433436
2284,"jgn mau bu, pdhl ama mrk itu dimarkup jauh banget di laporannya",Negative,0,Negative,1,Neutral,0.03352598,0.87619245,0.09028151
96,"Harus diakui, apakah anggaran MBG sudah mencakup pengadaan tempat makan ramah lingkungan yang bisa dipakai berulang kali?",Neutral,1,Neutral,1,Neutral,0.034815487,0.91123253,0.05395195
2513,Jgn sampe pake ikan hiu ya chef,Neutral,1,Neutral,1,Neutral,0.055950027,0.85999286,0.08405708
900,Di Papua apa2 mahal. Paket 15 RB dapet apa? Yg penting pulau Jawa bagian kota,Neutral,1,Neutral,1,Neutral,0.042638034,0.90524614,0.052115828
1081,"Urusin ini dong pls, jangan ijazah melulu...bosen",Neutral,1,Neutral,1,Neutral,0.036357343,0.8809939,0.08264877
2504,"Harus dipastikan porsi makanan disesuaikan dengan jenjang usia antara siswa SD, SMP, dan SMA.",Neutral,1,Neutral,1,Neutral,0.04306644,0.87213457,0.08479896
3239,Mainan kepala sppg itu,Neutral,1,Neutral,1,Neutral,0.033194944,0.8947776,0.07202747
916,awas min nanti dianggep media antek antek aseng,Negative,0,Negative,0,Negative,0.9841263,0.0026507045,0.013223054
2732,klo ada koneksi tp gaada duit jg susah,Neutral,1,Neutral,1,Neutral,0.037231877,0.8802554,0.082512766
2601,"elu petani bukan, jgn hanya katanya2 doang, faktanya tu lg ngomong",Neutral,1,Neutral,1,Neutral,0.04120355,0.9026235,0.05617292
4131,"ngisi bbm aja maunya nota kosong bang, ngisi 100 minta nota 200 😂",Neutral,1,Neutral,1,Neutral,0.046446864,0.85222584,0.10132726
1619,"tiap hari aku pake menu embeg mu chef buat bekal anak sekolah, makasi loh chef anak ku suka",Positive,2,Positive,2,Positive,0.005252927,0.00073366286,0.99401337
2709,"semua yg mengesahkan pelaturan pemerintah itu dari presiden, orang nomor 1 di negara nya, penentu masyarakat, kalo semua masalah bukan karna presiden, trus karna siapa lagi, mana mungkin karna tukang cilok, tukang es cekek,",Neutral,1,Neutral,1,Neutral,0.04407698,0.89404047,0.06188256
4719,MBG jadi ladang korupsi,Negative,0,Negative,0,Negative,0.9773103,0.0019946778,0.020694999
2625,"Menurut saya, perlu evaluasi berkala mengenai penerimaan rasa dan porsi makan siang yang diberikan kepada para siswa.",Neutral,1,Neutral,1,Neutral,0.03911002,0.89609843,0.06479148
1640,finger bukannya jari kaki,Neutral,1,Neutral,1,Neutral,0.054333765,0.8499855,0.09568075
4496,"gue kenal beberapa owner dapur MBG, satu orang bisa punya 3-4 yayasan dan 1 yayasan paling sedikit 5 dapur. emang mereka gak secara langsung jadi ketua yayasan, tapi mereka pasang kakak atau adik atau keluarganya sendiri jadi ketua yayasan. katakanlah rata rata tiap dapur mereka kelola 2000 porsi, dan dari 15 ribu ada ""jatah"" 2000 rupiah buat mitra dan pemilik yayasan biasanya dibagi 50:50. jadi untuk yayasan katakanlah 1000, dikali 2000 porsi. satu dapur pemilik yayasan bisa dapet jatah 2 juta per hari per dapur, dikali 5 dapur dalam 1 yayasan bisa 10 juta, dikali 3 yayasan aja udah 10 juta per hari. dan kalian tau,semua owner yang gue kenal itu tangan kanan politikus lokal maupun nasional. ini cuman jatah 2000 rupiah perporsi ya. belum, adanya main mata antara pemilik yayasan dan supplier, dan kalian tau supplier nya ? Yap, kerabat dan kenalan si pemilik dapur. biasanya supplier ini bakal minta harga murah,semisal beras 1 karung harga 300 ribu mereka minta harga 250 ribu, tapi yang tercatat di nota ? 325 ribu 😹",Neutral,1,Neutral,1,Neutral,0.039767396,0.88471246,0.07552015
912,Ke palestina bisa ke Papua GK bisa,Neutral,1,Neutral,1,Neutral,0.046816368,0.889243,0.063940614
777,"Kali ini asli program presiden tidak sampai tujuan ,,😢😢 saudara kita sesama Indonesia rasanya menangis melihat ini 😢😢",Negative,0,Negative,0,Negative,0.9851011,0.0018933231,0.01300548
5410,"Tentu saja, program ini terkesan dipaksakan dan belum matang dari segi kesiapan infrastruktur dapur serta logistik distribusi.",Negative,0,Negative,0,Negative,0.976767,0.001611976,0.02162104
98,wakilnya sibuk sidak .. ketuanya sibukkk .... ah sudahlah,Neutral,1,Neutral,1,Neutral,0.09521001,0.83884555,0.06594449
1919,menu banyak olahan seperti ini berapa jam 3rb porsi chep.?,Neutral,1,Neutral,1,Neutral,0.046014022,0.8746879,0.079298064
2473,buset bet cilaka 12 kalau gak bener kak,Neutral,1,Neutral,1,Neutral,0.04798319,0.8701582,0.081858546
4262,"Terkait kebijakan ini, program ini terkesan dipaksakan dan belum matang dari segi kesiapan infrastruktur dapur serta logistik distribusi.",Negative,0,Negative,0,Negative,0.98304844,0.0022522907,0.01469928
4096,"Secara keseluruhan, harap disosialisasikan secara rinci kepada wali murid mengenai rincian menu dan kandungan nutrisi harian.",Neutral,1,Neutral,1,Neutral,0.035984118,0.8892414,0.07477446
2735,"Melihat fakta di lapangan, apakah ada panduan khusus bagi siswa yang membawa bekal sendiri dari rumah saat MBG dibagikan?",Neutral,1,Neutral,1,Neutral,0.03794758,0.88830847,0.07374397
4916,"Terkait kebijakan ini, pengawasan terhadap vendor katering harus diperketat agar spesifikasi menu sesuai dengan perjanjian awal.",Neutral,1,Neutral,1,Neutral,0.04387744,0.8760688,0.08005378
2977,"bukan koneksi tapi banyakin nyogok, tak sogok tak sogok ala keri keri",Negative,0,Negative,1,Neutral,0.42491558,0.5132826,0.061801817
298,Ya Allah sedih banget 😢😢😢😭😭,Negative,0,Negative,0,Negative,0.9776995,0.0038750458,0.018425442
4089,katanya petani semua makmur dgn adanya mbg....,Neutral,1,Neutral,1,Neutral,0.07747035,0.82141453,0.10111509
5417,"dapur MBG :
penyuplay beras = sempupu
penyuplay bawang = ponakan
penyuplay telur = paman
penyuplay daging = bibi
penyuplay sayur = mertua
penyuplai buah = adik kandung
DLL.",Neutral,1,Neutral,1,Neutral,0.06253834,0.8698737,0.06758792
4918,program bagus tpi para pelaksana ngk amnah😁,Positive,2,Positive,2,Positive,0.0061070863,0.0011968155,0.99269617
1368,MBG sama kopdes itu bagus idenya. patut diperjuangkan. cuma pelaksanaannya aja yang amburadul,Negative,0,Negative,0,Negative,0.5116711,0.007270752,0.48105806
2376,"Hati2, itu yang ngaku2 petani ditiktok petani gadungan semua😂",Neutral,1,Neutral,0,Negative,0.5475788,0.37934512,0.073076084
103,daerah yg harusnya jadi target programnya malah yg ngak kebagian. salah satu bukti pemerintahan bobrok,Negative,0,Negative,0,Negative,0.97421956,0.0016794782,0.024100956
3515,"Alah ditempat ku mbg nya GK Kya gni,tp hari tahu tempe",Neutral,1,Neutral,1,Neutral,0.04578347,0.8789174,0.07529916
4031,percuma bang ngomong.... Mentri KONOHA SETRES SEMUA,Negative,0,Negative,0,Negative,0.9813153,0.001494451,0.017190285
3777,emang gw pikirinnn 🗿,Neutral,1,Neutral,1,Neutral,0.03156957,0.90706736,0.06136307
3051,"fakta, dan kebanyakan yang garap dapur mbg pasti rata² dari orang yang udah kaya atau pejabat karena koneksi mereka",Neutral,1,Neutral,1,Neutral,0.062321942,0.8670801,0.07059796
3391,Semangat bang sehat2 bang,Positive,2,Positive,2,Positive,0.0038895183,0.0010696258,0.99504083
4086,"Melihat fakta di lapangan, pengawasan terhadap vendor katering harus diperketat agar spesifikasi menu sesuai dengan perjanjian awal.",Neutral,1,Neutral,1,Neutral,0.03363746,0.89855677,0.06780585
5083,"sama aja sppg belinya ke tengkulak, ga ada bedanya, malaj pedagang pasar kelimpungan krena mereka rebutan sama MBG barang2nya",Neutral,1,Neutral,0,Negative,0.6282585,0.33117,0.040571526
1392,Kerja bagus pak. Saya dukung mbg,Positive,2,Positive,2,Positive,0.0051460913,0.00082400924,0.9940299
4091,tanpa survey dapat penghargaan dan kena kpk 😂😂😂,Neutral,1,Neutral,1,Neutral,0.18342105,0.6339721,0.18260688
1945,"karna harus berani harga murah, tapi di nota minta di lebihin 50% dari harga normal wkwkwkw😅😅",Neutral,1,Neutral,1,Neutral,0.045567986,0.87885576,0.075576276
4443,"Harus diakui, apakah ada panduan khusus bagi siswa yang membawa bekal sendiri dari rumah saat MBG dibagikan?",Neutral,1,Neutral,1,Neutral,0.03906684,0.8860658,0.07486738
3978,"Melihat fakta di lapangan, kualitas makanan harus diawasi ketat, jangan sampai terulang kejadian keracunan makanan atau sajian yang basi.",Negative,0,Negative,0,Negative,0.9785372,0.0016609931,0.01980179
1064,Hello? Presiden? Ini contoh nyata MBG anda tidak tepat sasaran. Bawahan anda laporan apa aja kepada anda?,Negative,0,Negative,0,Negative,0.9808327,0.0021793381,0.016987972
5263,@Purbaya Yudhi Sadewa,Neutral,1,Neutral,1,Neutral,0.03866024,0.8882773,0.07306254
799,"singkat saja ini mbg bukan tentang gizi, tapi bagi2 duit",Neutral,1,Neutral,1,Neutral,0.04039456,0.91986704,0.03973836
2397,Pemberian makanan bernutrisi tinggi secara rutin akan sangat membantu menurunkan angka malnutrisi pada anak.,Positive,2,Positive,2,Positive,0.14443399,0.027323581,0.8282424
1401,MBG DN KOPDES ITU PENGHANCUR APBN DAN EKONOMI RAKYAT DAN NEGARA 😂😂😂lihat saja nanti pasti hutang lagi 😂😂,Negative,0,Negative,0,Negative,0.98392624,0.0021066198,0.013967124
1855,"bang kenapa si ya MBG itu rata"" berasnya pera kaya kuranh air?boleh tau knp?",Neutral,1,Neutral,1,Neutral,0.03952685,0.9004917,0.059981458
506,"Saya org Sumatra yang tinggal di pulau Jawa, rela, sangat ikhlas, bila pajak saya disalurkan penuh ke APBN Indonesia Timur. MBG pun harusnya fokus ke Indonesia Timur, tertama Papua. Titik.",Neutral,1,Neutral,2,Positive,0.19982325,0.25541946,0.5447573
2830,"pro ko kak.. tergantung di kota tsb ada brp banyak petani, dan petani mana saja yg kebagian job nya. biasanya kan kalau petani ituh langsung jual ke tengkulak, dan ke pasar2 tradisional. di bbrp daerah utk yg sangat dibutuhkan dapur malah barangnya jd langka dan mahal",Neutral,1,Neutral,1,Neutral,0.03729107,0.8616124,0.10109657
588,karena ga ada cuanya,Neutral,1,Neutral,0,Negative,0.9817949,0.006487461,0.011717546
2798,udah dapat kaos kaki MBG 100 ribu !?ya bela banget !?,Neutral,1,Neutral,1,Neutral,0.03114796,0.8978248,0.07102723
3202,"Secara keseluruhan, perlu diperhatikan ketahanan makanan selama proses pengiriman agar tidak cepat basi saat cuaca panas.",Neutral,1,Neutral,1,Neutral,0.033619948,0.90834266,0.05803732
929,"gue setuju kalau MBG hanya untuk daerah2 tertinggal, kalu di kota ngapain, mending kasi kerjaan ke ortunya",Positive,2,Positive,2,Positive,0.018765785,0.04750683,0.9337274
4417,terus yg kemarin demo siapa,Neutral,1,Neutral,1,Neutral,0.05255015,0.84534746,0.10210233
3772,"MBG buka khusus petani pak ,memang khusus tengkulak, image yg beredar mengatakan hasil petani kecil masuk ke mbg itu hanya sekedar pemanis",Neutral,1,Neutral,1,Neutral,0.061029084,0.8596619,0.07930905
3773,nah nah ketika petani dan pedagang bersuara berarti Indonesia ini sudah tidak baik baik saja 😌,Neutral,1,Neutral,1,Neutral,0.043500137,0.881997,0.07450286
3016,"MBG banyak mubazirnya,lihat kebawah kalao mau bukti,, MBG banyak masuk ember karena anak-anak tdk butuh",Negative,0,Negative,0,Negative,0.98225963,0.0015915518,0.016148886
2728,yaa that’s the whole point he’s talking about.,Neutral,1,Neutral,1,Neutral,0.049304724,0.893969,0.05672631
3164,tapi dari semua kandidat pilpres masi mendingan pak Prabowo menurutku. coba aja Si Anis tambah nyungsep.,Neutral,1,Neutral,0,Negative,0.52919406,0.35097525,0.11983075
4577,gila ya video sejelas ini aja masi dicariin kesalahan lain🤣,Negative,0,Negative,1,Neutral,0.35693344,0.5581474,0.08491912
5169,@PRABOWO SUBIANTO @gerindra @Gibran Rakabuming,Neutral,1,Neutral,1,Neutral,0.04560964,0.8657807,0.088609695
2223,aku like dan komen bang,Neutral,1,Neutral,1,Neutral,0.03175431,0.9044966,0.063749075
4909,Apakah ada panduan khusus bagi siswa yang membawa bekal sendiri dari rumah saat MBG dibagikan?,Neutral,1,Neutral,1,Neutral,0.04111191,0.88690215,0.07198592
1933,"logikanya pnya dapur kroni2nya pegawanya coba teliti sama kroni2nya jg
masa teNi polri di kasih dapur mbg, padahal dah punya kerjaan tetap, itu kan hanya mengatasnamakan rakyat, pembo dohan",Negative,0,Negative,0,Negative,0.97613984,0.006438236,0.01742188
81,Tolong dipantau sppg nya… untuk balita & ibu menyusui ga rutin..,Neutral,1,Neutral,1,Neutral,0.030820295,0.90605414,0.06312565
2934,"Menanggapi hal tersebut, perlu transparansi anggaran yang jelas dan audit berkala agar program ini bisa dievaluasi dengan baik oleh publik.",Neutral,1,Neutral,1,Neutral,0.03495478,0.8920795,0.072965704
1728,pindah ke dapur kami saja chef,Neutral,1,Neutral,1,Neutral,0.028884083,0.9085518,0.06256411
5254,"alurnya gini.
sppg-suplayer-petani.
sppg beli ke suplayer
suplayer beli ke petani.
sppg beli barang harga murah ke suplayer, dan suplayer beli barang harga murah ke petani/produsen.",Neutral,1,Neutral,1,Neutral,0.09230773,0.8419184,0.065773875
2566,Memang benar bahwa perlu dipertimbangkan variasi buah-buahan lokal yang mudah diperoleh dan kaya akan vitamin.,Neutral,1,Neutral,1,Neutral,0.04253626,0.8935457,0.06391811
4892,"Secara keseluruhan, kesiapan tenaga pengolah makanan di setiap sentra dapur perlu mendapat sertifikasi kebersihan pangan.",Neutral,1,Neutral,1,Neutral,0.038673747,0.8946333,0.06669288
3394,"Secara keseluruhan, kesiapan tenaga pengolah makanan di setiap sentra dapur perlu mendapat sertifikasi kebersihan pangan.",Neutral,1,Neutral,1,Neutral,0.039207492,0.8811607,0.079631895
410,Terimakasih buat admin telah bahas MBG. Menurut saya MBG bukan untuk memperbaiki gizi anak tujuan MBG untuk korupsi dan memperkaya prabowo dan cs nya fix hidup jokowi😊😊😊🎉😂,Negative,0,Negative,0,Negative,0.97372526,0.0017603028,0.02451449
407,"Saya lebih rido anak sya ga kebagian MBG,kasihkan saja ke sodara kita di papua,",Neutral,1,Neutral,1,Neutral,0.045413192,0.87409717,0.08048969
1020,"Yang ditampar fakta malah membales dengan anthek-anthek aseng, londo ireng, propaganda segala macem sedangkan citra penguasaan dibangun dari 'indonesia bubar 2030' tapi yang jadi sekarang malah mengarah ke bubar benaran.",Neutral,1,Neutral,0,Negative,0.9788906,0.008715708,0.012393664
5547,"gak ada info loker tiba"" udah pada mulai kerjaaa😭😭😭😭",Neutral,1,Neutral,1,Neutral,0.04655109,0.8575458,0.09590314
234,"Ini gimana si, di msyarakat yg paling menuggu mengharap malah gk di prioritaskan, yg gak mengharapkan malah paling awal sapetnya",Neutral,1,Neutral,1,Neutral,0.020368403,0.9277275,0.051904052
3800,"Dari sudut pandang masyarakat, apakah anggaran MBG sudah mencakup pengadaan tempat makan ramah lingkungan yang bisa dipakai berulang kali?",Neutral,1,Neutral,1,Neutral,0.03648776,0.88313985,0.080372386
2871,"Menanggapi hal tersebut, apakah anggaran MBG sudah mencakup pengadaan tempat makan ramah lingkungan yang bisa dipakai berulang kali?",Neutral,1,Neutral,1,Neutral,0.0457008,0.89370733,0.06059177
2967,"apa apa koneksi apa apa koneksi, lebih tepatnya harus ada REGULASI",Neutral,1,Neutral,1,Neutral,0.040698532,0.8700119,0.08928958
4290,"Tentu saja, perlu dipertimbangkan variasi buah-buahan lokal yang mudah diperoleh dan kaya akan vitamin.",Neutral,1,Neutral,1,Neutral,0.048482306,0.8897195,0.061798275
2727,yaelah benerin regulasi bodat bukan nyari cara curang mulu.,Negative,0,Negative,0,Negative,0.96860474,0.007741031,0.023654243
4322,"Menurut saya, perlu ada survei berkala kepada para guru dan siswa untuk mengetahui respon dan efektivitas menu MBG.",Neutral,1,Neutral,1,Neutral,0.05190527,0.8964801,0.051614646
5158,bener banget bang .........Abang luar biasa !!!,Positive,2,Positive,2,Positive,0.0047141532,0.0013221158,0.9939638
3655,"Menurut saya, dukungan penuh untuk program makan bergizi gratis, semoga menjangkau seluruh pelosok negeri.",Positive,2,Positive,2,Positive,0.0042564743,0.0010156843,0.9947279
4431,mbg mana ada sayur dan kalo pun ada cuma kangkung,Neutral,1,Neutral,1,Neutral,0.03390599,0.8990801,0.067013875
3092,Yg lain kan blm tentu pak anis kaa😂 masa iya gada org baru yg menyalonkan🥰🥰🥰🥰,Neutral,1,Neutral,1,Neutral,0.059014834,0.8539407,0.08704446
2107,klo petani itu berani berkata bahkan di sosmed berarti apa yg dia katakan itu betul adanya bkn membual apa kata anda bahkan dia juga tau resiko serta konsekuensi yg bakal dia terima,Neutral,1,Neutral,1,Neutral,0.024208717,0.9073367,0.06845459
5107,"Jng mau suplai mbg bng, banting banting harga mulu, tp nota minta tinggi, di awal sepakat, bagitu dpt supelayer berani rendah lagi dia berpaling, barang kita rusak semua ndk di ambil",Negative,0,Negative,0,Negative,0.9818988,0.004537172,0.013564082
1260,"Pokoknya terus demi besar besaran , dan pantang mundur.. Kalau MBG belum di bubarkan.. lengserkan saja Prabowo dan Gibran..",Neutral,1,Neutral,0,Negative,0.79697,0.14603096,0.05699912
3645,chef nori yg dipake merk apa dan berapa kebutuhan nya?,Neutral,1,Neutral,1,Neutral,0.04338437,0.87813234,0.07848333
3952,Itu sudah hal biasa kalo mengelola duit negara,Neutral,1,Neutral,1,Neutral,0.040502172,0.8763068,0.08319114
4230,bener bgt bapakku mau masok lele aja udh kalah duluan sama yg direkrut pihak MBG😂,Neutral,1,Neutral,1,Neutral,0.044670098,0.86929363,0.08603617
2437,"distributor juga mikir"" buat join sama mbg.karna proses pencairanya ribet ditambah nego harganya sadis
kalo distributor yg.modalnya mengandalkan perputaran barang
lebih baik.dipikir"" dulu",Neutral,1,Neutral,1,Neutral,0.05148519,0.8652258,0.08328908
5000,tapi pas keracunan petani yg disalahkan,Negative,0,Negative,0,Negative,0.9698579,0.0020334402,0.028108729
2070,trs yg bikin tanam2 sayur itu dr siapa ya... apa shope jg tanam sayur dll,Neutral,1,Neutral,1,Neutral,0.037240088,0.8720525,0.09070737
4406,@Gibran Rakabuming @gerindra @Purbaya Yudhi Sadewa,Neutral,1,Neutral,1,Neutral,0.036325224,0.8823078,0.081366904
2216,keadaan king kita skrng,Neutral,1,Neutral,1,Neutral,0.052376848,0.86281824,0.08480496
3822,"Terkait kebijakan ini, harus ada tim ahli gizi yang rutin mengecek kualitas dan kandungan kalori makanan di setiap unit dapur.",Neutral,1,Neutral,1,Neutral,0.03965919,0.8830572,0.077283554
2339,brti mmg gk ngefek ke petani 🤣🤣🤣🤣,Neutral,1,Neutral,1,Neutral,0.060090255,0.8489077,0.09100199
100,"Gimana anak anak mau sehat, kalau dapurnya aja kaya gitu",Positive,2,Positive,1,Neutral,0.06014913,0.7765037,0.16334718
4030,justru bagus melalui koperasi karna nantinya koperasi itu bisa menampung barang” petani yg ada di desa” tersebut. agar mempermudah para petani menyalurkan hasil panen nya. klo suplier mbg per orangan terus elu kurang barang pasti lu juga nyari lagi ke yg lain alias tanpa disadari lu juga jadi (tengkulak) 🤣,Positive,2,Positive,2,Positive,0.005645017,0.00068156654,0.99367344
2581,heh mng btul,Neutral,1,Neutral,1,Neutral,0.05198849,0.8675119,0.08049956
5495,dari pengusaha untuk pengusaha oleh pengusaha,Neutral,1,Neutral,1,Neutral,0.08059626,0.7971353,0.122268446
4369,"sekarang jawab pertanyaan pertama gw, ga di jawab jawab kocak.",Neutral,1,Neutral,1,Neutral,0.016685952,0.9090945,0.074219525
2996,"mark up ke 12,5 itu udh di korup 10juta anjeng, baru pager dia yang mau di beli tuh, belum ya lain",Negative,0,Negative,0,Negative,0.97964156,0.001728803,0.018629534
2547,ngerendahin orang amat,Neutral,1,Neutral,0,Negative,0.95553726,0.014054597,0.030408103
2681,berarti yg beli jujur sedang yg nganggarkan itu yg punya mental korupsi.... di anggarkan banyak agar ada sisa banyak padahal harganya gak mahal,Negative,0,Negative,0,Negative,0.9752146,0.0018624191,0.022923004
3183,"Ceff atasan minta masak jam 3.
kalau gitu jadi harus tambah alat yang propesional dong.
jadi kaya dong kamu ceff kan jualan alat mbg.😅😂😅🥰",Neutral,1,Neutral,1,Neutral,0.030819813,0.8268472,0.14233299
4956,"Tentu saja, pengawasan terhadap vendor katering harus diperketat agar spesifikasi menu sesuai dengan perjanjian awal.",Neutral,1,Neutral,1,Neutral,0.030377058,0.915081,0.054541953
4385,pliss nori bubuk yg aman untuk anak dan ramah di kantong infoin donk chef merek nya,Neutral,1,Neutral,1,Neutral,0.042422317,0.7053384,0.25223926
1989,1 periode juga ga layak,Negative,0,Negative,0,Negative,0.9211693,0.05231319,0.026517512
2016,iya emng t4i pemerintah kita ini,Negative,0,Negative,1,Neutral,0.066234626,0.83962303,0.09414233
1708,"kalo baru sekali mencoba terus ribet dan males lanjutin,,,semua yg bersangkutan dalam usaha pasti ada prosedur nya jadi semisal ada pihak yg dirugikan bisa di usut dengan data,,,jangan samakan jualan sama di pasar harga Deal langsung jadi udah....
dikira petani lain ga berjuang dan ga ngurusin ini itu,,kalo jual sama pemerintah/perusahaan itu harga lumayan tinggi dan stabil kita tinggal fokos ngurus kebun aja lagi supaya stok sesuai sama yg diperlukan,,,kalo mau simple jual ke tengkulak simple dan ga ribet,,cuman ya itu harga murah dan itupun kadang ga nentu ada yg mau beli,,lebih pusing lagi sudah pusing ngurus kebun,pas panen pusing lagi mau jualnya,jadi intinya semua usaha itu ribet kalo mau cair,,kalo semua gampang semua orang pengen jadi pengusaha/petani 😁😁",Neutral,1,Neutral,0,Negative,0.88375217,0.07201001,0.04423785
1434,Maling!!!! Tangkappp hukum rajam aja biar koruptor lain pada kapok juga,Negative,0,Negative,0,Negative,0.9793204,0.0017544739,0.018925203
4241,kan katanya petani pada demo buat terusin prabowo? gimana sih ini,Neutral,1,Neutral,1,Neutral,0.04263018,0.86142445,0.09594535
2428,bahkan 600jt juga cukup dengan syarat udah ada tanah kosong kalau enggak nyewa juga bisa emg bisnis mantap kapan lagi kurang dari 1 tahun balmod,Positive,2,Positive,2,Positive,0.006723607,0.0009614686,0.992315
3099,"yang salah bukan presiden nya , tapi oknum"" nya ..
mencari kesempatan karna ada peluang dari mbg ..",Neutral,1,Neutral,1,Neutral,0.037902087,0.8897834,0.07231463
4337,langsung dikonfirmasi oleh petani yang asli 😌,Neutral,1,Neutral,1,Neutral,0.038432367,0.87879986,0.0827678
1138,"Secara keseluruhan, pihak dinas terkait harus rutin melakukan uji sampel makanan secara acak di berbagai sekolah.",Neutral,1,Neutral,1,Neutral,0.04533561,0.87998235,0.07468196
275,Manusia tak punya hati nurani : stop MBG 😢,Negative,0,Negative,0,Negative,0.97470313,0.008068617,0.01722825
1117,See? One of the stupid program ever made.,Neutral,1,Neutral,0,Negative,0.84803176,0.085421614,0.06654662
3128,"real banget. mbg pengen harga murah tapi tetep di markup harganya sama orang dalemnya sendiri, kalo gak bisa dia cari suplier lain gak apa2 lebih mahal yg penting bisa markup harga",Negative,0,Negative,0,Negative,0.97643435,0.0017415556,0.021824047
2773,"pret, sama aja Mentri nya juga. lagu lama 🤣🤣🤣",Neutral,1,Neutral,1,Neutral,0.04747687,0.8919811,0.060541935
4274,"kalau langsung ke petani
warga pasar akan protes boss",Neutral,1,Neutral,1,Neutral,0.28029692,0.6177007,0.10200233
934,MALING BERKEDOK GIZI,Negative,0,Negative,0,Negative,0.9696834,0.007975409,0.022341222
596,"Nganu, karena KKB, jadi kita tidak buat program MBG di Papua. Tapi kalau nyawit, setiap cm ada anggotanya jagain...",Neutral,1,Neutral,1,Neutral,0.044750277,0.87542915,0.07982058
3973,Udah mah minta Harga murah bayarnya ngebon mending ga usah😤,Neutral,1,Neutral,1,Neutral,0.06580701,0.86112326,0.07306972
2919,"Terkait kebijakan ini, sangat disayangkan alokasi dana pendidikan terkuras untuk program makan siang yang belum terbukti efektivitasnya.",Negative,0,Negative,0,Negative,0.98063993,0.001392868,0.017967215
2299,"nah ini contohnya kalau suka lngsung bnyak mbg yg suka nawar harga gak ngotak makanya biar gak ngerusak harga pasar mbg sekrang belanjanya dari ihak ke tiga semua susu aja gak bisa langsung dr pabriknya, malah beli ditoko toko biasa",Negative,0,Negative,0,Negative,0.87182677,0.024199959,0.10397333
2743,pejabat nya aja tAi ga mungkin terealisasi..,Negative,0,Negative,0,Negative,0.9818864,0.0029788737,0.015134681
4870,"Jujur saja, perlu dipastikan kapasitas produksi dapur umum mampu memenuhi kuota seluruh sekolah di target wilayah.",Neutral,1,Neutral,1,Neutral,0.040332083,0.8805438,0.07912419
2524,kelamaan setengahnya aja da rusak,Negative,0,Negative,0,Negative,0.9739967,0.009487,0.01651637
4422,terus kemaren yang demo siapa dong...😂🤣,Neutral,1,Neutral,1,Neutral,0.037016593,0.87711203,0.08587138
2022,emg t4i nih wowo,Negative,0,Negative,1,Neutral,0.04268866,0.88979954,0.06751192
265,Allahuakbar.. tolong la anak bangsa Indonesia..😭,Neutral,1,Neutral,1,Neutral,0.067185126,0.8454456,0.08736924
640,Karena Pemerintah buat program MBG bukan buat Rakyat. Tapi buat para pejabat agar bisa korup berjamaah.,Negative,0,Negative,0,Negative,0.97639763,0.0017200222,0.021882353
3683,intinya lahan pertanian dan perkebunan peternakan perikanan milik oligarki baru bisa tembus ke SPPG MBG,Negative,0,Negative,0,Negative,0.97648597,0.0020428163,0.021471292
4082,ah yg bener bang trus ada yg bilang kl siang di kebun trus malam nya disko siapa dong,Neutral,1,Neutral,1,Neutral,0.033463415,0.8818727,0.084663875
3719,di sini blum pernah pake ikan begitu daging jga blum prnah,Neutral,1,Neutral,1,Neutral,0.03610389,0.9003376,0.06355864
9,Gizi ibu menentukan kesehatan anak juga,Positive,2,Positive,1,Neutral,0.03527128,0.6397783,0.32495046
37,Terimakasih BGN semoga persoalan persoalan segera terselesaikan,Positive,2,Positive,2,Positive,0.007918505,0.0019349084,0.9901466
5558,"Harus dipastikan porsi makanan disesuaikan dengan jenjang usia antara siswa SD, SMP, dan SMA.",Neutral,1,Neutral,1,Neutral,0.040531334,0.8838653,0.075603396
3277,"Terkait kebijakan ini, senang melihat anak-anak antusias menikmati makanan sehat dan bergizi di sekolah mereka.",Positive,2,Positive,2,Positive,0.005909344,0.0007138996,0.9933768
2206,Oon jir elu,Negative,0,Negative,0,Negative,0.9045476,0.04474755,0.050704774
29,"Tolong di periksa dapur 3T daerah kota banjar jabar, itu layak gk disebut 3T?? Atau ada permainan oknum pejabat",Neutral,1,Neutral,1,Neutral,0.310527,0.60636395,0.083109066
5296,emang harus ke MBG ya jualnyaa,Neutral,1,Neutral,1,Neutral,0.05064645,0.8703117,0.07904184
2936,"Melihat fakta di lapangan, perlu kajian lebih lanjut mengenai efisiensi operasional pengantaran makanan ke sekolah pelosok.",Neutral,1,Neutral,1,Neutral,0.044843182,0.87614065,0.07901616
3052,"bahas mbg di sekolah malah bikin aku dijulidin krna org² nya bakal balas balik omongan kek : 'kasian anak yg kelapran"" always gtu sih, aku dpt mslah sama tmn aja cmn krna 'mbg'",Neutral,1,Neutral,0,Negative,0.938167,0.024788538,0.03704452
1636,Intinya enak dan ngga nya menu MBG itu amanah atau ngga nya Dapur bukan di program nya😏🥰,Positive,2,Positive,2,Positive,0.0042304457,0.00089004065,0.9948795
1465,Keropsi cuman ada dua cara mengatasi nya hukum mati atau di keberi.,Neutral,1,Neutral,1,Neutral,0.040045153,0.8918312,0.068123624
786,Kebalik…kasi makan perampok melalui jalur merampok bersama garong,Neutral,1,Neutral,1,Neutral,0.19832666,0.7443366,0.05733673
5271,komennya🤣🤣😂😂😂 berasa jd profesor semua🤣😂,Neutral,1,Neutral,1,Neutral,0.025351927,0.87591195,0.09873614
4327,Penting untuk memastikan sanitasi peralatan makan dan tempat penyajian selalu dalam kondisi bersih dan steril.,Neutral,1,Neutral,1,Neutral,0.03898588,0.9057948,0.0552193
3621,DARI PETANI LANGSUNG PAK LANGSUNG BUKAN OMON OMON☺️,Negative,0,Negative,0,Negative,0.97993785,0.0015805863,0.018481651
3613,"pedagang di pasar aja di utangin beli barang nya, bilangnya nanti dibayar kalo udah cair duit dr pemerintah 👀👀",Neutral,1,Neutral,1,Neutral,0.03316832,0.88987136,0.07696029
2800,"emng gitu faktanya bro, malah yg terbata-bata bicaranya itu orang yg ngapalin skip dulu",Neutral,1,Neutral,1,Neutral,0.036873754,0.87903565,0.08409059
3921,"Real dilapangan no pak presiden,coba undang abang kita ini👍👍",Neutral,1,Neutral,1,Neutral,0.035777457,0.89675707,0.06746549
181,"Hebat bapak kuu, aku menukung MBG. di daerah ku semua anak anak kelihatnlebih bahagia",Positive,2,Positive,2,Positive,0.004464471,0.00081318716,0.99472237
4698,"Melihat fakta di lapangan, penting untuk memastikan sanitasi peralatan makan dan tempat penyajian selalu dalam kondisi bersih dan steril.",Neutral,1,Neutral,1,Neutral,0.033850037,0.89250755,0.07364241
3854,"is ini bener...
kmren baru cerita"" sm tukang ikan.. sppg mw beli ikan lele hrg ditekan.. terus katanya kiloan nya nota ditambah. terus mereka g mw kepala lele nya. jdi yg nanggung rugi tukang ikan donk.. tenyata ya sarang korupsi",Negative,0,Negative,0,Negative,0.98124206,0.0025427549,0.016215155
3502,"justru malah bagus pak,krna berurusan sama pemerintah malah nanti bpk rugi krna pasti lama pembayarannya mending iya kalo dibayar,biasanya zonk",Positive,2,Positive,2,Positive,0.01335668,0.0012045732,0.9854387
2420,"sama chef kreasi kita masih harus debat dulu
di suruh ngasih contoh gak mau.. tapi minta menu variatif",Neutral,1,Neutral,1,Neutral,0.02436406,0.9169889,0.05864706
4528,"iyaa koperasi nya koperasi yg tiba² d bentuk sm dapur MBG nya sendiri, tuh duit muter d situ2 doang 😂",Neutral,1,Neutral,1,Neutral,0.07768944,0.8633534,0.058957193
1836,sepi dari bajer 🗿,Negative,0,Negative,0,Negative,0.5767203,0.34292427,0.08035539
4635,Kocak lo yaa😂,Neutral,1,Neutral,1,Neutral,0.030799646,0.8211643,0.14803606
1280,""" BUBARKAN M.B.G DAN K.D.M.P ( KOPDES )."" Yang telah Menjadi Sarang KORUPTOR dan menjadi Proyek KANTUNG SUARA POLITIK KEKUASAAN Yang BIADAB. Semoga Tuhan Allah SWT Segera Mengazab Koruptor Munafik dan pendusta./ D.P R adalah Dewan Penghianatan/ Penindasan Rakyat , Neraka tempatnya. DAN SEMOGA Tuhan Allah SWT Selalu memberikan Perlindungan dan Keselamatan kepada Anda Semua Pembela Kebenaran dan Keadilan yang telah mewakili Suara Rakyat Kecil. Amin Yra Allahu Akbar "" HIDUP MAHASISWA Dan REVOLUSI RAKYAT INDONESIA """,Negative,0,Negative,0,Negative,0.9781029,0.0015729059,0.020324118
642,"Pendidikan, kesehatan , ekonomi sejak Indo merdeka knp Papua selalu (seolah2) di ank tirikan ? Konspirasi nya sih untuk menekan jumlah pertumbuhan suku asli Papua di Indonesia Timur dan ada bbrp sumber statistik yg menyatakan jumlah kelahiran OAP semakin menurun drastis, hy sekitar 39% dr total org asli Papua yaitu +-2jt jiwa penduduk (dari total +-5jt )yg berada di tanah mrk sendiri yaitu Papua 🤯 61% nya migrasi dr Jawa, Sumatera.Kalian asumsikan sendiri deh, untuk tujuan apa? 😢😢",Positive,2,Positive,0,Negative,0.7454718,0.17076476,0.08376355
363,"Karena yang bangun mitra, dan insentif disamakan di setiap daerah, pasti semua org lebih memilih membangun di jawa, kecuali insentif di daerah sulit yg biaya pembangunannya juga besar di bedakan",Positive,2,Positive,1,Neutral,0.035662245,0.8700616,0.094276205
5384,"oh jadi gituuu, semangatt bang",Neutral,1,Neutral,2,Positive,0.0061653065,0.015118664,0.978716
999,"Pantes Papua Pengen merdeka 😂 pemerintah Cuma ngeruk Tambangyh doank, kgk perhatikan Rakyat Papuayh",Neutral,1,Neutral,0,Negative,0.9267807,0.046499465,0.026719933
166,Wkwkwk lgsg kicep dia melihat fakta seterang ini,Neutral,1,Neutral,1,Neutral,0.08228657,0.8732519,0.04446151
370,"Harusnya MBG di papua, pindakan seluruh dapur dan pegawainya ke papua",Neutral,1,Neutral,1,Neutral,0.032507565,0.90456086,0.062931575
2198,rumah warisan almh bpk ibu q di pake dapur mbg 😭😭 dihak i 1 orang.,Neutral,1,Neutral,1,Neutral,0.062559,0.8560426,0.081398375
294,"Logikanya MBG untuk melawan stunting, nyatanya stunting paling menentukan di 1000 hari pertama kehidupan anak (termasuk kandungan).. disini aja udah kelihatan bahwa adanya ketidaksesuaian antara alasan program ini ada dan sasaran programnya.. kedua jika memang untuk melawan stunting, seharusnya yang diprioritaskan adalah daerah dengan prevalensi stunting tertinggi lalu diikuti daerah2 lainya, lah ini malah kota2 besar dengan sekolah2 yang isinya anak orang berkecukupan semua malah dibuat banyak bgt tuh dapur MBG di kotanya, justru daerah dengan prevalensi stunting tertinggi malah jadi daerah dengan dapur MBG tersedikit.. Oke kalau masalahnya ""ya karna sekolah di sana juga sedikit"" berarti harus sadar kalo program ini bukan solusi yang baik untuk urgensi stunting!! Urgensi lainnya juga ketersediaan sekolah di daerah terpencil, artinya ya 1. MBG dialihkan untuk program KPD ibu Hamil dan batita (mengatasi stunting) 2. Kalo memang mau juga menyediakan gizi baik agar siswa cerdas dan cepat tanggap dalam pembelajaran, YA BANGUN SEKOLAH DULU BUAT ANAK2 YG BELUM BISA SEKOLAH, LAYAKIN GEDUNGNYA, PANTAU WAJIB SEKOLAH 12 TAHUN!!",Positive,2,Positive,2,Positive,0.030468663,0.14953813,0.81999326
2159,"kayaknya kenapa pengennya ambil yang satuan atau eceran, itu udah itungan lebih mahal kak, orang kebanyakan beli grosir karena lebih murah, mereka milih eceran karena bisa lebih mahal dan itupun tetep mau dimanipulasi loh dari harga aslinya",Negative,0,Negative,1,Neutral,0.04712816,0.88281155,0.070060246
3656,@Gibran Rakabuming @gerindra @PRABOWO SUBIANTO @Sekretariat Kabinet RI @Badan Komunikasi Pemerintah RI @badangizinasional.ri @Sekretariat Presiden monggo klarifikasi,Neutral,1,Neutral,1,Neutral,0.04268869,0.87261295,0.08469838
5475,"Menanggapi hal tersebut, pengawasan terhadap vendor katering harus diperketat agar spesifikasi menu sesuai dengan perjanjian awal.",Neutral,1,Neutral,1,Neutral,0.04300643,0.87614286,0.08085074
2406,kenapa nyalahin pemerintah kalo emang swasta???aneh lau,Neutral,1,Neutral,1,Neutral,0.054231137,0.8651762,0.08059272
1719,Aku pernah mau bikin tapi nori bubuknya jelek pait😭,Neutral,1,Neutral,1,Neutral,0.04553008,0.884542,0.06992797
4894,"setuju bang, 💩 emang 😅",Positive,2,Positive,2,Positive,0.010022934,0.0012814153,0.9886956
2480,"tp pengusaha banyak yg bangkrut gegara pembayaran pending, bisa sampe tahunan 😂",Negative,0,Negative,0,Negative,0.95696753,0.01822778,0.024804655
4584,"Tentu saja, harap disosialisasikan secara rinci kepada wali murid mengenai rincian menu dan kandungan nutrisi harian.",Neutral,1,Neutral,1,Neutral,0.03648156,0.886491,0.077027455
1259,Perlu waspada negara akan dihancurkan lewat pendidikan dan budaya yg didasari tdk ada kejujuran.,Negative,0,Negative,0,Negative,0.97953504,0.0016432285,0.018821754
5550,"Tentu saja, bagaimana mekanisme pengawasan distribusi makanan agar selalu tepat waktu sampai ke masing-masing sekolah?",Neutral,1,Neutral,1,Neutral,0.040748335,0.8799843,0.079267345
4803,@gerindra @Gibran Rakabuming,Neutral,1,Neutral,1,Neutral,0.05228767,0.8799475,0.06776484
1831,dih plenger juga pola pikir Lo,Neutral,1,Neutral,1,Neutral,0.0494865,0.87312555,0.07738791
3925,Harus punya koneksi lewat belakang atau jalur sahabat dan kerabat.,Neutral,1,Neutral,1,Neutral,0.050119836,0.8698486,0.0800316
399,"Mereka tidak memeriotaskan, yg penting program berjalan dan bagi2 untung",Neutral,1,Neutral,1,Neutral,0.17302243,0.7743442,0.052633327
3041,"ini bisnis bangkrut klo masa jabatan prabowo selesai, trus presiden selanjutnya ga lanjutin progam mbg",Negative,0,Negative,0,Negative,0.9592494,0.016794961,0.023955729
146,"Ikhlas bgt pajak kita dipake buat pemenuhan gizi, listrik, dan sarpras kawan2 di papua dari pada buang2 buat MBG di kota besar bahkan sekolah swasta yg harusnya pada mampu. Bayangin berapa banyak food waste dan uang yang kebuang kalau penerima manfaatnya nggak tepat sasaran gini 😢 Anehnya perasaan wapres sering kunjungan ke papua tapi masa gini aja ngga tau sih 🙄... Kunjungannya selalu ke kota biar dikira programnya jalan dan berhasil",Negative,0,Negative,0,Negative,0.9499725,0.010405743,0.039621644
4863,sebelum ada mbg dijual ke siapa emang? ngapa terlalu ngarep sama mbg?,Negative,0,Negative,1,Neutral,0.049437955,0.85671306,0.09384891
964,"mengapa? karena ini proyek, dan didaerah 3T jelas tidak menguntungkan",Neutral,1,Neutral,0,Negative,0.8935812,0.06538302,0.041035816
242,Memang benar bahwa luar biasa dedikasi para petugas dapur umum dan penyedia makanan dalam menjaga kebersihan dan cita rasa MBG.,Positive,2,Positive,2,Positive,0.006811741,0.0017606368,0.99142766
3774,"Wis ngono regane matok lo, contone roti paling murah rega 2k nah di minta sm sppg yg harga 1k, udah gitu kalo udah dil order disitu tiba” di hari h kirim di batalin pdhl barang udah jadi",Neutral,1,Neutral,1,Neutral,0.05839428,0.8620434,0.07956237
4313,"Harus diakui, diharapkan ada saluran pengaduan resmi jika pihak sekolah menemukan kendala terkait kualitas makanan MBG.",Neutral,1,Neutral,1,Neutral,0.032246895,0.8929193,0.07483387
534,"Alasan lain, pasti ""karena keamanan, kondisi lokasi dan sulit nya medan bla bla bla"". Sampe berbusa tu mulut,",Neutral,1,Neutral,1,Neutral,0.033990473,0.8830941,0.08291551
762,"Yang kayak gini malah pejabat2 bermasalah se-Indonesia dikumpulin untuk tugas di Papua. Ya gimana pada ngga merasa jadi anak tiri, orang pusatnya aja perlakukan Papua kayak ga ada orangnya kok",Negative,0,Negative,0,Negative,0.8947657,0.074536555,0.030697778
2567,"Menurut saya, perlu ada survei berkala kepada para guru dan siswa untuk mengetahui respon dan efektivitas menu MBG.",Neutral,1,Neutral,1,Neutral,0.035868723,0.88952327,0.074608065
862,"Buzer sama antek-antek nya pasti susah nyebokin fakta inii, kalo di cebokin bleber kemana-mana 😂😂😂",Negative,0,Negative,0,Negative,0.98653084,0.0029820509,0.010487064
1579,Belum lagi dapet subsidi pembangunan dapur 6 jt per hari 😏,Neutral,1,Neutral,1,Neutral,0.033224896,0.83815324,0.12862192
2023,titik terendahnya mulai Jokowi dilanjut Prabowo,Neutral,1,Neutral,1,Neutral,0.045941535,0.8756577,0.07840071
3957,"makanya saya pedagang ayam potong kalo mbg yg minta udah 4x saya tolak,jangankan minta murah mau mahal jg saya tolak.",Neutral,1,Neutral,1,Neutral,0.034286298,0.9036354,0.062078323
1182,Program MBG amburadul karena tidak didampingi pengawasan yg ketat baik soal dana dan makanan akhirnya trillounan rp jadi banjakan korupsi rame2. Semoga ketua BGN baru bisa lurus benahi mbg 😂😂😂 😂😂,Negative,0,Negative,0,Negative,0.978529,0.0017346925,0.019736331
1302,Hentikan MBG pak Prabowo Subianto biar harga pangan murah lagi.😂😂😂. bismillah ya Allah lindungilah kami semuanya rakyat Indonesia dari pejabat 2 zolim amin ya Allah.🤲❤️🇮🇩,Negative,0,Negative,0,Negative,0.9838974,0.0019289347,0.014173616
4035,betul @dony ahmad munir @KANG DEDI MULYADI @PRESIDEN PRABOWO,Neutral,1,Neutral,1,Neutral,0.04371354,0.87084347,0.08544295
4239,Perlu transparansi anggaran yang jelas dan audit berkala agar program ini bisa dievaluasi dengan baik oleh publik.,Neutral,1,Neutral,1,Neutral,0.029908275,0.9169532,0.0531386
1145,Hahahaha Indonesia makin rusak 😮,Negative,0,Negative,0,Negative,0.97771806,0.0025133844,0.019768547
4858,Jangan bang mending jual sndri..yg ada tekor ikut pemerintah..,Neutral,1,Neutral,0,Negative,0.73310274,0.19907707,0.067820236
5472,"Lu sok tau kocak, MBG tuh berguna buat di desa desa",Positive,2,Positive,2,Positive,0.0053784084,0.0030584077,0.9915632
2987,@NDY buka mata dong,Neutral,1,Neutral,1,Neutral,0.036528666,0.8726732,0.090798125
3197,"Tentu saja, kualitas lauk dan sayur yang diterima siswa di beberapa sekolah sangat minim dan jauh dari ekspektasi makanan bergizi.",Negative,0,Negative,0,Negative,0.9799759,0.0018372715,0.01818684
602,Seharusnya kalau presiden serius bilang sama pejabat nya daerah 3T di utamakan bukan daerah udah maju,Neutral,1,Neutral,1,Neutral,0.0357819,0.8657025,0.09851557
371,Pemimpin2 kotor itu bukan fokus pada memberi gizinya tapi fokus pada mendapat uangnya..,Neutral,1,Neutral,0,Negative,0.9817972,0.0024848944,0.015717963
5456,katanya mngangkt umkm ?,Neutral,1,Neutral,1,Neutral,0.032233723,0.8992694,0.06849684
3553,makin mengenaskan UMKM pd masa rezim ini,Neutral,1,Neutral,0,Negative,0.9770209,0.0018458357,0.021133197
5030,"Terkait kebijakan ini, perlu evaluasi berkala mengenai penerimaan rasa dan porsi makan siang yang diberikan kepada para siswa.",Neutral,1,Neutral,1,Neutral,0.04299947,0.8727282,0.0842723
5481,@gerindra @Gibran Rakabuming,Neutral,1,Neutral,1,Neutral,0.04280439,0.87277544,0.084420115
1655,"saran buat kalian.
jangan pernah berbisnis dengan pemerintah. sedikit yg kamu tahu maka lebih baik.",Neutral,1,Neutral,1,Neutral,0.074839205,0.8349283,0.090232514
975,"Indonesia sudah merdeka lebih dari 80 tahun, sila ke 5 Pancasila aja belum bisa terlaksana",Neutral,1,Neutral,1,Neutral,0.10112252,0.8113092,0.087568246
2679,masih ada la korelasinya kan sama sama proyek pemerintah,Neutral,1,Neutral,1,Neutral,0.051577315,0.85401714,0.094405554
5274,MBG ladang korupsi,Negative,0,Negative,0,Negative,0.97662145,0.0019450348,0.021433527
703,"Maling ya maling Bisnis ya bisnis,gizi itu cm kedok",Negative,0,Negative,0,Negative,0.9751302,0.0019301694,0.022939727
389,"Ridho mending k daerah ieu keun mbg teh,,",Neutral,1,Neutral,1,Neutral,0.059256762,0.8578726,0.082870595
1327,"Jujur saja, kebersihan tempat pengolahan makanan di beberapa titik masih di bawah standar dan sangat mengkhawatirkan.",Negative,0,Negative,0,Negative,0.97678876,0.0016054502,0.021605736
2039,ya Allah ngeri sekali Kak,Neutral,1,Neutral,1,Neutral,0.11690225,0.75964624,0.12345148
1662,klo ada yg minta harga nota naik dari harga asli sebernya yg rugi yg punya dapur bukan negara,Neutral,1,Neutral,1,Neutral,0.041561015,0.8774958,0.08094324
3712,sekolah mana yang beruntung itu,Neutral,1,Neutral,2,Positive,0.025902972,0.31797925,0.6561178
3221,Memang benar bahwa apakah anggaran MBG sudah mencakup pengadaan tempat makan ramah lingkungan yang bisa dipakai berulang kali?,Neutral,1,Neutral,1,Neutral,0.03681048,0.9028053,0.060384218
3550,belinya murah tapi minta nota kosong+stempel biasanya,Neutral,1,Neutral,1,Neutral,0.04544527,0.87889564,0.07565909
3259,laporan up nya 500%,Neutral,1,Neutral,1,Neutral,0.02394424,0.8995307,0.07652505
4686,sama aja mbg juga ambil dari Chanel wkwkw,Neutral,1,Neutral,1,Neutral,0.046766665,0.86253357,0.09069978
3479,"kalau proyek pemerintah,memang begitu bang,nanti kalau ada pemeriksaan kita yg kena ,mereka aman",Neutral,1,Neutral,1,Neutral,0.03599814,0.88141686,0.08258501
4292,petani mana yg punya npwp nib badan usaha?,Neutral,1,Neutral,1,Neutral,0.037663512,0.8875829,0.07475361
1370,"Tribun palsu, ini mah media provokator",Neutral,1,Neutral,0,Negative,0.980254,0.0036982032,0.016047703
3181,cheff anggaran nya gak jebol pagu kah,Neutral,1,Neutral,1,Neutral,0.034561552,0.88488203,0.080556355
3471,daerah mana? ada bukti nyata nya nggak? biar bisa di tindak nih,Neutral,1,Neutral,1,Neutral,0.037881777,0.8841166,0.078001566
493,takut banget bentar lagi beritanya ilang (dengan nada sarkas),Neutral,1,Neutral,1,Neutral,0.062621236,0.8468358,0.09054301
4041,Diharapkan ada transparansi data mengenai jumlah sekolah dan siswa yang sudah terlayani MBG hingga saat ini.,Neutral,1,Neutral,1,Neutral,0.052629944,0.8639719,0.08339816
4883,"Betolll,semua suplayer isinya soudara2 dan tim suksesnya ..",Neutral,1,Neutral,1,Neutral,0.032875936,0.8941605,0.072963595
2460,mana nih yg katanya mbg membantu petani?,Positive,2,Positive,2,Positive,0.0025357963,0.0031926262,0.99427164
4831,harus viral ini,Neutral,1,Neutral,1,Neutral,0.038726293,0.90407664,0.057197053
3704,"gua sebagai penerima B3 ngiler ngeliat menu"" lu chef, saban ari menu ditempat gua klo engga telor ya ayam",Neutral,1,Neutral,1,Neutral,0.03417453,0.8531437,0.112681784
568,Mana ada cuan bikin dapur disana hehehe,Negative,0,Negative,0,Negative,0.95164394,0.030391084,0.017964989
3098,Betulll.. asal jgn anis,Neutral,1,Neutral,1,Neutral,0.04019268,0.89004403,0.06976332
3927,Wah disini lapak anies ya,Neutral,1,Neutral,1,Neutral,0.048980195,0.8671416,0.08387822
4053,memang real.. petani di radius terdekat dari dapur MBG malah gak bisa jadi pemasok.. miris,Negative,0,Negative,0,Negative,0.9796434,0.0015610191,0.018795632
5014,Semoga ada SOP yang jelas jika terjadi keterlambatan pasokan bahan pangan di beberapa wilayah.,Neutral,1,Neutral,1,Neutral,0.27580997,0.62917113,0.09501886
3383,kalau aja tim masak ku dan tim persiapanku cukup ada 1 orang di masing2 devisi tersebut yang pernah masak diresto atau minimal ngerti lah. udah ku eksekusi menu2 mngerikan macam ini.,Neutral,1,Neutral,1,Neutral,0.02780181,0.8948784,0.07731978
3605,"Menanggapi hal tersebut, harap disosialisasikan secara rinci kepada wali murid mengenai rincian menu dan kandungan nutrisi harian.",Neutral,1,Neutral,1,Neutral,0.029392494,0.8953277,0.07527975
2842,"mbg menjadi kan inflasi harga sayuran, daging, telor, buah2an",Neutral,1,Neutral,1,Neutral,0.09787503,0.8330846,0.06904041
3542,Inisiatif yang luar biasa untuk peningkatan nutrisi dan tumbuh kembang generasi masa depan Indonesia.,Positive,2,Positive,2,Positive,0.0033024766,0.0015449432,0.9951526
1150,"Sudaaah, papua merdeka ajh, kurang bukti apa lagii",Neutral,1,Neutral,1,Neutral,0.03708292,0.8962787,0.06663847
2624,emang tai wowo,Negative,0,Negative,0,Negative,0.9850643,0.002930694,0.012004975
1048,Presiden selanjutnya dari papua. Jangan lagi jawa-sentris karna sudah tampak nyata depan mata berpuluh tahun takaran kualitasnya. Hingga label halal hukum agama pun di jawa-sentris.,Neutral,1,Neutral,0,Negative,0.91451555,0.058291085,0.02719329
16,"Semangat terus pak untuk pembenahan program mbg ini, agar anak-anak tidak ada lagi yang keracunan",Negative,0,Negative,0,Negative,0.9607742,0.0016923677,0.03753347
3357,mgb tempat ku kmren kmren bagus Skrang aneh masa balita di kasih terong semur 🤣,Positive,2,Positive,2,Positive,0.0033991535,0.0009125558,0.99568826
1850,chef mau nnya dsna pm brp,Neutral,1,Neutral,1,Neutral,0.03858954,0.86648256,0.09492791
4168,"Jujur saja, perlu transparansi anggaran yang jelas dan audit berkala agar program ini bisa dievaluasi dengan baik oleh publik.",Neutral,1,Neutral,1,Neutral,0.02864961,0.9102287,0.06112167
3606,"Menanggapi hal tersebut, perlu ada petugas khusus yang bertanggung jawab memeriksa kelayakan makanan sebelum dibagikan ke siswa.",Neutral,1,Neutral,1,Neutral,0.05416262,0.9005713,0.0452661
1785,"menunya lumayan kok bu, dgn anggaran 8rb & 10rb",Neutral,1,Neutral,1,Neutral,0.037838496,0.85267717,0.10948437
5222,Memang benar bahwa melihat senyum anak-anak saat makan siang bersama di sekolah menjadi bukti keberhasilan program ini.,Positive,2,Positive,2,Positive,0.0044874176,0.0012125385,0.9943
4768,ini siapa nih yang kemaren bilang mbg membantu para petani sekitar??,Positive,2,Positive,2,Positive,0.003563089,0.001053437,0.99538344
3240,ngarang aja lu boss,Neutral,1,Neutral,1,Neutral,0.068394355,0.8655027,0.06610297
5493,"betull,telur2 aja yg punya kandang besar dibeli klo yg dipasar ga kebagian jadi mahal dipasar😏..
maux dapur2 tu belanja dipasar tradisional jadi ekonomi berputar",Neutral,1,Neutral,1,Neutral,0.03429879,0.8862802,0.07942105
3268,itu bener abang,Neutral,1,Neutral,1,Neutral,0.0393606,0.87117565,0.089463696
772,bukti mbg cuma lahan korupsi 😂😂😂,Negative,0,Negative,0,Negative,0.97865194,0.001817016,0.019530986
3301,fakta sih inii,Neutral,1,Neutral,1,Neutral,0.04692193,0.8766635,0.07641458
3916,duhhh benerr lagii,Neutral,1,Neutral,1,Neutral,0.036280993,0.89630747,0.06741155
4315,mertua saya harus siapin 3 bon😅,Neutral,1,Neutral,1,Neutral,0.033155672,0.9036511,0.06319316
517,"Melihat fakta di lapangan, perlu ada survei berkala kepada para guru dan siswa untuk mengetahui respon dan efektivitas menu MBG.",Neutral,1,Neutral,1,Neutral,0.03780943,0.90210176,0.06008889
5474,"semakin terang2an pejabat negara ini seenaknya
tapi sungguh ajaib penduduk tetap diam
atau memang saya yg salah pandangan terhadap pejabat negeri ini🤔",Neutral,1,Neutral,0,Negative,0.9677922,0.014501143,0.017706573
5285,gue dukung pak Prabowo tpi mbg bnyk menghancurkan UMKM mungkin bulan depan sya bakalan gulung tikar jualan sate,Negative,0,Negative,2,Positive,0.015923416,0.0025776313,0.981499
2834,ngomong yg bener,Neutral,1,Neutral,1,Neutral,0.021718023,0.667749,0.310533
4668,"Mamahku supply tempe ke beberapa dapur MBG, dan harga asli 10rb/kg di notanya disuruh 12rb🥺 kadang malah minta nota kosong😂 iya in aja lah. sekali pesen minimal 100kg tempe jadi, lumayan ituu walau cuma 2rb 😅 barang kecil aja dikorup hmmm",Neutral,1,Neutral,1,Neutral,0.043473396,0.8716402,0.08488644
2074,"Dari sudut pandang masyarakat, diharapkan ada saluran pengaduan resmi jika pihak sekolah menemukan kendala terkait kualitas makanan MBG.",Neutral,1,Neutral,1,Neutral,0.038129885,0.8744937,0.0873764
2268,"betul. yg bikin program wowo, jadi yg tanggubg jawab kl ada yg tdk benar ya si wowo",Neutral,1,Neutral,1,Neutral,0.046903253,0.8903322,0.06276448
4331,petani ga usah ada strategi yg penting pembeli ada niat u membeli pasti di lepas lah oleh petani dr hasil tanamnya....intinya pengen ada untungnya aja dr c sppg itu....,Neutral,1,Neutral,1,Neutral,0.038572915,0.882254,0.079173125
3248,"Jujur saja, perlu kajian lebih lanjut mengenai efisiensi operasional pengantaran makanan ke sekolah pelosok.",Neutral,1,Neutral,1,Neutral,0.03219574,0.90307426,0.0647301
2986,Buzzer rata rata akun private 😂,Negative,0,Negative,0,Negative,0.9769493,0.002336124,0.020714661
2579,"piye to ki, sing dikoreksi ke wong lapangan kok iso tekan ganti Presiden",Neutral,1,Neutral,1,Neutral,0.031772584,0.8789901,0.089237295
5253,"Melihat fakta di lapangan, pemerintah perlu menjelaskan secara komprehensif indikator keberhasilan dari pelaksanaan program MBG ini.",Neutral,1,Neutral,1,Neutral,0.03995919,0.8850789,0.0749618
2548,"Tetangga petani timun , ada dari mbg yg dateng mau beli dan ga kira2 bgt nawar harga nya masa sekilo timun nya di hargain 2rebu",Neutral,1,Neutral,1,Neutral,0.030825723,0.9006934,0.06848087
1513,Ug ktngkp br 1 yg blm rtsn itu psti,Neutral,1,Neutral,1,Neutral,0.04050831,0.88490236,0.074589305
454,"Negara nya besar juga, bukan negara kecil",Neutral,1,Neutral,1,Neutral,0.03986019,0.88733906,0.07280073
4806,Kirain mbg mempermudah rakyat dan membuat roda ekonomi berputar. Ternyata malah semakin mencekik rakyat,Neutral,1,Neutral,1,Neutral,0.048727386,0.8926597,0.058612913
5280,"🤣🤣🤣🤣🤣 bukan nya dulu itu katanya ini untuk menaikan para umkm dan petani, dan ini lah jawaban nya permisah, aneh banget ini bapak negara kita kok galiat ya atau emang gamau liat aneh aja sih",Neutral,1,Neutral,1,Neutral,0.049104497,0.85322034,0.0976752
4990,"Menurut saya, semoga program ini berjalan konsisten dan membawa berkah bagi kemajuan pendidikan di Indonesia.",Positive,2,Positive,2,Positive,0.0037501913,0.0020385575,0.99421126
2219,Pak mohon diberikan perhatian dan evaluasi 🙏 @gerindra @Radio City Guide Malang @Ombudsman RI @PPATK @Hotman Paris @KPK_RI @Yuda.P.S @Purbaya Yudhi Sadewa,Neutral,1,Neutral,1,Neutral,0.03455523,0.89105934,0.074385464
3074,pusing ga chef tiap hari mikirin besok menunya apa,Neutral,1,Neutral,1,Neutral,0.045422498,0.86756605,0.08701145
2096,"Menanggapi hal tersebut, menu makanan yang diberikan terasa monoton dan kurang segar, sehingga banyak makanan yang akhirnya terbuang sia-sia.",Negative,0,Negative,0,Negative,0.9869883,0.0018930954,0.011118606
4704,Gapapa pakkkk insyaallah punya cara lain yg lebih baikkkkk yaaaaa,Neutral,1,Neutral,1,Neutral,0.038771436,0.80107266,0.16015588
3779,"Melihat fakta di lapangan, dana miliaran rupiah terbuang percuma jika pengawasan di lapangan tidak diperketat.",Negative,0,Negative,0,Negative,0.9834119,0.0016621177,0.014925929
530,"Di Ibukota para PEJABAT berlomba-lomba untuk KORUPSI siapa yang paling gede Korupsinya disaat itulah kami di PAPUA menderita berbagai macam kesulitan mulai dari Stunting, pendidikan, kesehatan dan masih banyak lagi. Sungguh sangat miris hidup di Negara ini😭😭",Negative,0,Negative,0,Negative,0.97530055,0.001750286,0.0229492
3883,"Tentu saja, perlu transparansi anggaran yang jelas dan audit berkala agar program ini bisa dievaluasi dengan baik oleh publik.",Neutral,1,Neutral,1,Neutral,0.035702076,0.89218366,0.07211423
706,diluar Jabodetabek bukan Indonesia 😂😢😭,Neutral,1,Neutral,1,Neutral,0.03375993,0.89441466,0.07182547
717,Secara bisnis ini ga masuk dng bujet jadi lebih baik numpuk di Jawa saja,Neutral,1,Neutral,1,Neutral,0.050060023,0.8632627,0.08667718
3505,"saya mau masarin ,,, mbg biar kan kita masuk pasar yang lebih rutin",Neutral,1,Neutral,1,Neutral,0.067122765,0.82895225,0.10392499
5088,"Melihat fakta di lapangan, perlu ada survei berkala kepada para guru dan siswa untuk mengetahui respon dan efektivitas menu MBG.",Neutral,1,Neutral,1,Neutral,0.03418152,0.8945881,0.07123046
972,"ada juga ternyata jurnalis yg berita sesuai data kemenkes, ini gua suka, pas sama data SKI yg lagi berjalan, selain Papua daerah seperti Jateng dan NTT bahkan beberapa daerah sumatera juga banyak itu stunting, yang saya heran, yg bikin program MBG apakah gak minta data sama Kemenkes untuk profiling dimana aja daerah tinggi stunting? sok benar menganggap nakes gak ada apa apanya, cuma bisa ngoceh nyenyenye kentut",Positive,2,Positive,2,Positive,0.005820801,0.00073107233,0.9934481
4969,"Menurut saya, perlu dipastikan kapasitas produksi dapur umum mampu memenuhi kuota seluruh sekolah di target wilayah.",Neutral,1,Neutral,1,Neutral,0.029274974,0.905615,0.06511002
1761,"Mbg balita 😭 tahu, tempe,",Neutral,1,Neutral,1,Neutral,0.029735245,0.8814124,0.08885236
3226,sppg mana tu?,Neutral,1,Neutral,1,Neutral,0.033034228,0.89128107,0.075684756
2143,Sama aku juga tukang beras ya begitulah…🤭,Neutral,1,Neutral,1,Neutral,0.048969917,0.8631237,0.08790635
5018,@gerindra @Gibran Rakabuming,Neutral,1,Neutral,1,Neutral,0.047271483,0.87092423,0.081804305
496,Bagaimana cara membuka mata pemerintah Indonesia,Neutral,1,Neutral,1,Neutral,0.046515632,0.86715627,0.08632816
2795,boleh tau B2B mana yang membenarkan sepetri itu? dalam B2B smeua ada NDA zan fakta intgeritas. dimana kedua belah pihak tidak boleh menurunkan harga jaih dari harga wajar dan tiaak boleh memainkan harga dari harga standarnya,Neutral,1,Neutral,1,Neutral,0.044555034,0.8758102,0.07963478
254,"Cukup 1priode aja bung,",Neutral,1,Neutral,1,Neutral,0.0570398,0.89388305,0.04907705
4300,"Jelaslah, Karena yg suplier itu ngambil dari petani kemudian di jual ke MBG akhirnya Harga stabil..",Neutral,1,Neutral,1,Neutral,0.04006821,0.8674956,0.09243622
3103,Prabowo cukup 1 periode aja setelah itu berhentikan program mbg,Neutral,1,Neutral,1,Neutral,0.13912512,0.79174095,0.06913395
1943,"Tentu saja, kualitas nasi dan lauk yang dibagikan seringkali sudah dingin dan tidak menggugah selera anak-anak.",Negative,0,Negative,0,Negative,0.97663236,0.0014782083,0.021889415
1942,"kan cuma katanya.....😅😅,",Neutral,1,Neutral,1,Neutral,0.0522266,0.86671996,0.08105344
2151,"beda tempat beda sppg kak, klo pengen kaya yang chef kumink buat ya sekolahin anaknya yang mbgnya chef kumink buat",Neutral,1,Neutral,1,Neutral,0.036040943,0.8686145,0.09534452
2329,"jawab. itu ditanya di rugikan kemana?
kq ngilang woy🤔🥱",Neutral,1,Neutral,1,Neutral,0.04037598,0.9036416,0.055982348
1705,di MBG gw langsung ke petani. satu orang ketua petani yang koordinir belanjaan SPPG terus dia koneksi ke para petani sesuai orderan SPPG. konsepnya sama aja ga sih kaya seorang koprasi yang dimana koprasi juga ambilnya ke petani. emng koprasi ambil barangnya ke mars atau gmna,Neutral,1,Neutral,1,Neutral,0.03181211,0.88069284,0.08749498
2265,yakin dengan progam dan kebijakan yg sama tpi ganti pemimpin bisa ga korup?,Negative,0,Negative,0,Negative,0.9745038,0.0018158666,0.023680314
2599,mana bukti yh tolong perlihatkn sama kita,Neutral,1,Neutral,1,Neutral,0.02974163,0.90859884,0.06165946
3823,Min @gerindra ada petani model kek gini min,Neutral,1,Neutral,1,Neutral,0.059124596,0.88963777,0.051237598
4575,emang petani harus sehina itu??,Neutral,1,Neutral,1,Neutral,0.05534756,0.8826904,0.06196198
119,"setau gua SPPG itu pengajuan ya, jadi harus ada modal dulu buat bikin SPPG. Mitra mengajukan lokasi dan proposal SPPG ke BGN. Setelah disetujui, mitra menyiapkan sendiri bangunan, renovasi, peralatan dapur, kendaraan distribusi, dan kesiapan operasional sesuai standar BGN. SPPG diverifikasi dan dinyatakan layak. Setelah mulai beroperasi, pemerintah menyalurkan dana program untuk: pembelian bahan makanan; biaya operasional; insentif atau penggunaan fasilitas SPPG. BGN sendiri menjelaskan SPPG kemitraan sebagai unit yang didirikan oleh mitra, dan mitra wajib membangun serta menyediakan peralatan sesuai standar. Insentif fasilitas diberikan ketika dapur sudah siap dan memberikan layanan, dengan prinsip “no service, no pay”. Jadi secara sederhana: Mitra modal dulu → dapur lolos verifikasi → mulai melayani MBG → biaya dan insentif dibayar pemerintah.",Positive,2,Positive,2,Positive,0.0053139003,0.0041917455,0.9904944
5129,Gimana gimana @gerindra Pak Prabowo??? Program dan niat nya bagus tapi dengarkan juga keluhan suara rakyat yg liat langsung dilapangan.,Positive,2,Positive,2,Positive,0.0045868685,0.0006635544,0.9947496
2019,awassssss fansss nya galak² aduhhh kita kasih fakta pun mereka tutup mata padahal negara kita udh hampir rubuh,Neutral,1,Neutral,0,Negative,0.7771774,0.17645685,0.046365753
2383,Ini point nya 🫶,Neutral,1,Neutral,1,Neutral,0.032794766,0.89747393,0.06973128
60,"Jangan hanya mengandalkan seremoni dan pencitraan, evaluasi independen harus segera dilakukan secara menyeluruh.",Negative,0,Negative,0,Negative,0.9801451,0.0017159446,0.018138928
1165,Papua nggak butuh MBG karena lebih sehat makan olahan kebun sendiri drpd makan beracun dr presiden,Negative,0,Negative,0,Negative,0.97539663,0.002353945,0.02224947
2095,"gua orng pasar dan gua juga kliling di lapangan, kalo hrga di petani masih murah, yg bikin hrga melonjak itu juragan² pasar, jadi tidak ada untungnya di petani, yg untung besar itu juragan pasar,",Neutral,1,Neutral,1,Neutral,0.164373,0.75984085,0.07578615
3802,"mending jangan bang Dosa,karena bakal ada manipulasi Nota harga",Negative,0,Negative,0,Negative,0.97969395,0.0015607261,0.018745234
827,"kirim anggota DPR kesana, Diem2 aja tuh anggota DPR nya 😂",Neutral,1,Neutral,1,Neutral,0.041622426,0.8842874,0.07409017
3733,"nha kalo kaya gini anak balitaky pasti mau makan, lha tiap hari d kasih oseng oseng terus 😭 sama telur goreng beeh makanya aja sampe bosan 😭",Neutral,1,Neutral,1,Neutral,0.033589866,0.88882333,0.07758679
5444,"ke supplier minta bon kosong, nulis sendiri harga untuk laporan ke atasan,gap harga bisa 5000 perkilo dari harga asli, udah gitu minta komisi 5% dari total belanja, gilak gak.",Neutral,1,Neutral,1,Neutral,0.07404308,0.85192657,0.07403035
5015,"selalu ordal, bantuan ordal, masuk rawat inap biar cpet dpt kamar ordal, rawat jalan biar cepet dipanggil ordal, kerja ordal, naik jabatan ordal begitulah",Neutral,1,Neutral,2,Positive,0.025711391,0.39987987,0.57440877
5247,ya gtu lah katanya mau meningkatkan perekonomian rakyat kecil dan UMKM omdo orang2 dekat saja yg dapat bagian proyek,Neutral,1,Neutral,2,Positive,0.0418611,0.3447804,0.6133585
1056,"kalau tujuannya untuk mengentaskan stunting seperti janji kampanye prabowo, maka harusnya sppg terbanyak berada di papua dan wilayah timur. bukan di jawa dan provinsi lainnya.. wkwwkwk jadi yg skrg yg terjadi tujuannya utk bagi2 kue ke pendukungnya atau gmn ?",Neutral,1,Neutral,1,Neutral,0.03909175,0.8965184,0.06438985
1663,"mbg kmarin beli pagar di gw harga 2.5 JT minta dijadikan 12.5jt di nota langsung gw tolak, nge-up nya ga kira2 bjir",Neutral,1,Neutral,1,Neutral,0.042592403,0.8796511,0.07775649
2644,jangan jujur nanti SPPG nya ngamuk,Positive,2,Positive,2,Positive,0.0038249872,0.0010506193,0.9951244
1058,"Papua itu hanya di keruk hasil alamnya,wajarr kalau mereka minta MERDEKA",Neutral,1,Neutral,1,Neutral,0.028973894,0.91140234,0.059623785
3890,"kalah tender mungkin dia ini.
yg mau jadi pemasok di dapur MBG itu banyak.
aq sering liat orang SPPG live banyak nawarin daganganya. entah itu buah / sayuran. jd y tergantung kalian setuju sama harganya tidak.",Positive,2,Positive,1,Neutral,0.031707518,0.9005348,0.0677577
834,"kan tujuan program ini supaya banyak pintu untuk korupsi lagi, kalo tidak gitu prabowo gk dapet suara pemilihan depan gitu aja ko nanya",Negative,0,Negative,0,Negative,0.97782075,0.0014214221,0.020757815
433,"Ngejar target doang supaya laporannya kedengaran oke, tapi penyelesaian masalah nol",Neutral,1,Neutral,1,Neutral,0.027255666,0.87235016,0.10039424
3023,"Lo GK baca berita apa kan tindakan tegasnya udah ada Dadan di copot dan di penjara dapur dapur sppg nakal di berhentikan,mau Anis yang jadi presiden kalau budaya korupsi dan di suap buat jadi koruptor Indonesia GK bisa jadi negara maju, masyarakat nya aja GK di siplin buang sampah sembarangan pas banjir nyalahin pemerintah aneh",Negative,0,Negative,0,Negative,0.9777078,0.0014762798,0.02081595
385,Baru nonton 5 menit udah sesak dan ingin nangis,Negative,0,Negative,0,Negative,0.49831992,0.32218382,0.17949629
183,Anak bangsawan itu hobi berteriak NKRI harga matti tapi nyatanya beliau sendiri berusaha mematikan NKRI,Neutral,1,Neutral,0,Negative,0.9775054,0.0051535186,0.017341018
1239,Demo ke presiden kok nggak ada yg beritain yaa,Neutral,1,Neutral,1,Neutral,0.034166917,0.8948572,0.070975915
854,1 kata ... Krn KORUPSI,Negative,0,Negative,0,Negative,0.97929263,0.0026178288,0.018089533
552,Mana mau bikin dapur yang rugi 😂😂😂,Neutral,1,Neutral,1,Neutral,0.25336847,0.6836707,0.06296077
4536,"Menanggapi hal tersebut, bagaimana mekanisme pengawasan distribusi makanan agar selalu tepat waktu sampai ke masing-masing sekolah?",Neutral,1,Neutral,1,Neutral,0.038067777,0.8994564,0.0624758
908,program MBG hanya untuk bagi2 jatah dan spya anggaran nya cair trus bagi2,Neutral,1,Neutral,1,Neutral,0.040277798,0.87806875,0.081653416
4056,bang. sudah lewat kelompok tani apa belum? . apa pribadi aja itu nawarin ke mbg nya,Neutral,1,Neutral,1,Neutral,0.044550717,0.88380307,0.07164614
2401,"Harus diakui, sebaiknya ada formulir evaluasi harian yang diisi guru terkait porsi dan kualitas menu yang diterima.",Neutral,1,Neutral,1,Neutral,0.04572118,0.8718321,0.08244674
2875,1 periode? Cukup sampe tahun ini aja kalau gaada perubahan🙏,Neutral,1,Neutral,1,Neutral,0.035235237,0.8826074,0.08215733
202,Ayo bubarkan proyek MBG,Neutral,1,Neutral,0,Negative,0.975545,0.001860331,0.022594681
4019,"Menurut saya, perlu transparansi anggaran yang jelas dan audit berkala agar program ini bisa dievaluasi dengan baik oleh publik.",Neutral,1,Neutral,1,Neutral,0.034938477,0.8954384,0.06962316
2323,Memang benar bahwa perlu diperhatikan ketahanan makanan selama proses pengiriman agar tidak cepat basi saat cuaca panas.,Neutral,1,Neutral,1,Neutral,0.05483939,0.8936353,0.051525276
1958,biaya pupuk belum turun juga ya kak?,Neutral,1,Neutral,1,Neutral,0.032844678,0.8873986,0.07975676
2141,Beda dapur kali ya suamiku suplai ayam ke dapur malah dpt harga bagus,Positive,2,Positive,2,Positive,0.0055183233,0.0014627624,0.9930189
692,Kenapa yah banyak yang keracunan tapi sampai sekarang belum ada tersangka MBG,Negative,0,Negative,0,Negative,0.9737718,0.0017235447,0.02450456
1861,nah maksud aku tuh gini ikan d tepungin ya udh biar kering bgini klo mau kasih siram saus pisahin aja d plstik gtu .. ini enggak di tempat sini dpet menu ikan tepung bgini malah benyek gegara udh di siram saus ..mau makannya aja gak selera,Neutral,1,Neutral,1,Neutral,0.03717558,0.8976519,0.065172546
1779,"mantap chep, respect",Positive,2,Positive,2,Positive,0.004799265,0.0008049341,0.99439585
4439,wo denger dong wo,Neutral,1,Neutral,1,Neutral,0.03128795,0.9170968,0.05161532
4685,Bisa bang ane masukin air harga 8 rb tapi di antar dan di sediakan semua mulai galon dan juga antar jemput galon tapi di nota nya 10 rb 😂😂 itu air loh,Neutral,1,Neutral,1,Neutral,0.03852461,0.8760597,0.085415706
1809,nih biar kasih makan insight lu Jalan Terang Petani Milenial Madiun: Selada Hidroponik Tembus Dapur MBG https://www.inilah.com/jalan-terang-petani-milenial-madiun-selada-hidroponik-tembus-dapur-mbg,Neutral,1,Neutral,1,Neutral,0.023324842,0.50146925,0.47520593
4775,"Menanggapi hal tersebut, senang melihat anak-anak antusias menikmati makanan sehat dan bergizi di sekolah mereka.",Positive,2,Positive,2,Positive,0.008620873,0.0012721387,0.99010694
2018,"uda 7ai , bijinya cm satu",Neutral,1,Neutral,1,Neutral,0.035501808,0.8953709,0.06912726
1604,"Masih ditunggu 2 bulan. Gada perubahan, out",Neutral,1,Neutral,1,Neutral,0.038375933,0.8389212,0.12270284
5172,"Menurut saya, bagaimana mekanisme pengawasan distribusi makanan agar selalu tepat waktu sampai ke masing-masing sekolah?",Neutral,1,Neutral,1,Neutral,0.040183492,0.8839016,0.075914934
4728,"Terkait kebijakan ini, pemerintah perlu menjelaskan secara komprehensif indikator keberhasilan dari pelaksanaan program MBG ini.",Neutral,1,Neutral,1,Neutral,0.041550104,0.88461477,0.07383513
4556,"kalau sebelum ada MBG, hasil tani nya dijual kmn Bg?",Negative,0,Negative,1,Neutral,0.045352463,0.86300457,0.09164292
2063,"Tentu saja, apakah anggaran MBG sudah mencakup pengadaan tempat makan ramah lingkungan yang bisa dipakai berulang kali?",Neutral,1,Neutral,1,Neutral,0.038276646,0.8839291,0.077794224
4529,"Jujur saja, program yang sangat bagus, patut diapresiasi dan didukung penuh oleh seluruh lapisan masyarakat.",Positive,2,Positive,2,Positive,0.0058598085,0.00077176496,0.99336845
5231,Bagaimana regulasi bagi sekolah yang sudah memiliki kantin sehat sendiri sebelum program ini berjalan?,Neutral,1,Neutral,1,Neutral,0.02974128,0.9022046,0.068054155
2748,"Chef izin tanya, saya dapet MBG lauk utamanya isinya kepala ikan patin, kira” itu layak gk untuk disajikan sebagai MBG?",Neutral,1,Neutral,1,Neutral,0.04093873,0.91037434,0.048686914
353,harus nya mereka yg lebih dulu di prioritaskan.. sedangkan yg udah diprioritaskan byk yg gk bersyukur,Positive,2,Positive,2,Positive,0.044401824,0.005767396,0.9498308
4492,"Menanggapi hal tersebut, banyak sekolah di pedalaman mengeluhkan belum tersentuh bantuan makanan yang layak padahal anggarannya besar.",Negative,0,Negative,0,Negative,0.9824547,0.0015493311,0.015995927
969,"KATA PEMILIK DAPUR: REPOT, GAK BALIK MODAL",Neutral,1,Neutral,1,Neutral,0.033029962,0.87503266,0.09193739
2516,"nggak tau lagi yg layak kayak mana lagi kak ,, semua pasti ada plusminus nya tapi harusnya jangan banyak minusnya .",Neutral,1,Neutral,1,Neutral,0.08279644,0.82412875,0.09307476
5282,"betul banget,, orang mitra mitra MBG ngga ada yg ninjau langsung beli ke petani setempat.",Neutral,1,Neutral,1,Neutral,0.055082053,0.84341836,0.10149956
2545,Fakta yg seterang ini sulit di terima,Neutral,1,Neutral,1,Neutral,0.03913622,0.87625706,0.084606685
4987,Pesan saya jangan pernah berbisnis dengan pemerintah ujungnya tau kan 😁,Neutral,1,Neutral,1,Neutral,0.026886348,0.9100901,0.06302357
2105,bukan program tapi proyek,Negative,0,Negative,0,Negative,0.9110296,0.06452612,0.02444431
4454,persis koyok seng diomongne wong”,Neutral,1,Neutral,1,Neutral,0.057818018,0.85091484,0.09126714
3263,"dari kantong A di salurkan ke kantong B,C,D,E untuk kembali ke kantong A, jadi sebisa mungkin survival mode di aktifkan 1000% dengan segala upaya,semoga tuhan selalu melindungi semua hal baik,semangatt bang",Neutral,1,Neutral,2,Positive,0.018066728,0.16721909,0.81471413
5485,@gerindra kata si kepala mbg gegara petani kebanyakan masukin notrogen yak yang menyebabkan keracunan?,Negative,0,Negative,0,Negative,0.9789716,0.001576876,0.019451547
3172,"enak bgt chef, di sppg tempat sekolah saya aja menu nya gitu-gitu mulu lele goreng, ayam goreng, rolade",Positive,2,Positive,2,Positive,0.004003939,0.00096885813,0.99502724
2844,bener banget bahkan pembelian sayuran dari petani jauh lebih murah harga nya trus d jual d pasar harga nya 2 x lipat,Neutral,1,Neutral,1,Neutral,0.06146689,0.85900056,0.0795325
3377,info loker kak,Neutral,1,Neutral,1,Neutral,0.037289392,0.8505683,0.1121424
1847,kan ikan?? kenapa jadi chicken finger?? kudunya ikan finger dong cef,Neutral,1,Neutral,1,Neutral,0.04679942,0.88937557,0.06382498
3543,"Menanggapi hal tersebut, kebersihan tempat pengolahan makanan di beberapa titik masih di bawah standar dan sangat mengkhawatirkan.",Negative,0,Negative,0,Negative,0.9771854,0.0016080386,0.021206528
3215,Koneksi itu bahasa lain dari ORANG DALAM ya?😅,Negative,0,Negative,0,Negative,0.98122084,0.003097809,0.015681285
1205,Lanjutkan perjuanganmu saudaraku,Positive,2,Positive,2,Positive,0.0042897696,0.0012049236,0.99450535
2392,heleh bisnis sama pemerintah itu banyak ruginya mending gak usah,Neutral,1,Neutral,0,Negative,0.77415603,0.17877986,0.047064114
4152,pemerintah senaif itu yaa🗿,Neutral,1,Neutral,1,Neutral,0.08517418,0.8678326,0.046993215
307,Miris sekali 🥹 semoga teman-teman disana tetap diberi kesehatan,Negative,0,Negative,0,Negative,0.9832184,0.0018959776,0.0148856025
5520,@gerindra @Purbaya Yudhi Sadewa,Neutral,1,Neutral,1,Neutral,0.043220848,0.88251865,0.074260585
231,Cakep lu bang bikin story nya salut gw,Positive,2,Positive,2,Positive,0.0043660547,0.001916251,0.9937177
1526,MBG hrs d tutup total ganti uang langsung,Neutral,1,Neutral,1,Neutral,0.085628845,0.83275986,0.08161134
1404,Sebenarnya rakyat itu bukan cuma tidak setuju dengan program MBG tapi rakyat dilapangan sangat bisa menilai uang negara di hambur hamburkan hanya memperkaya setiap kepala bgn saja sedangkan rakyat jatah bantuan 15rb yang diberikan paling 8rb coba itu merugikan negara apa tidak kalau saja yang diberikan nya uang tunai untuk gizi anak mungkin ga serame sekarang karena program MBG sangat berdampak buruk juga untuk ekonomi rakyat karena yang di untungan kan cuma segelintir di MBG saja yang cuma kena dampaknya doang,Negative,0,Negative,0,Negative,0.97858834,0.0015103909,0.01990135
3690,bisa bg tapi hrus ada bon kosong🗿 yg tau² ajalah ya hm,Neutral,1,Neutral,1,Neutral,0.05152182,0.85595113,0.092526995
1277,"Yang benci MBG itu P3K karena tunjangannya berkurang akibat penda banyak gak mampu bayar efek efisiensi dan honorer karena mereka gak diangkat jadi ASN di era Prabowo, ditambah pendukung Anis yang emang udah dasarnya gak suka rezim ini, saya liat polanya begitu, Masalah pembagian APBN itu sensitif, semua instansi dan daerah mau dapet bagian paling besar, namanya juga rebutan duit pajak, semua merasa paling penting dan berhak 😂",Negative,0,Negative,0,Negative,0.97814184,0.0018044173,0.020053722
2009,arti nya program MBG belum sesuai harapan dri seluruh kalangan masyarakat..,Neutral,1,Neutral,1,Neutral,0.14677708,0.7804473,0.072775625
1896,"motor mbg mreka bilang harganya 40 jt lebih
pas netizen cari harganya cuma 10 jt an aja
gmna beli nya di 27000 unit
buying power nya bikin harga makin miring
bisnis yg mengiutkan",Neutral,1,Neutral,1,Neutral,0.04320302,0.8999128,0.056884266
3940,"Secara keseluruhan, pihak dinas terkait harus rutin melakukan uji sampel makanan secara acak di berbagai sekolah.",Neutral,1,Neutral,1,Neutral,0.041249216,0.88162506,0.077125706
3234,Apakah anggaran MBG sudah mencakup pengadaan tempat makan ramah lingkungan yang bisa dipakai berulang kali?,Neutral,1,Neutral,1,Neutral,0.030231884,0.9086635,0.061104607
668,"gimana ada MBG daerah rawan konflik kok di kasih BGN dapur MBG di sana bisa"" jatuh banyak korban",Negative,0,Negative,0,Negative,0.8675664,0.10723067,0.025202882
2530,"siapapun presidennya,,,klok rakyatnya kek kau ya susah mending ganti rakyat",Neutral,1,Neutral,1,Neutral,0.046946805,0.8829553,0.070097886
4378,kenapa di sekolah anakku ga begini ya? 😭 isinya ayam goreng sama ayam kecap mulu 🫠 sayuran tumisan mix frozen veggies doang,Neutral,1,Neutral,1,Neutral,0.037591808,0.88510215,0.077306
2456,"yg demo kemarin cuman org org bayaran, g tau kalo di suruh tani bisa apa engga 😂",Neutral,1,Neutral,1,Neutral,0.04612173,0.8753999,0.078478344
3946,"tapi jgn mau jg, ntar diusut, dianggap menerima aliran dana atau merugikan negara. jadi tersangka disuruh ganti rugi deh",Neutral,1,Neutral,0,Negative,0.96339667,0.010917187,0.025686216
4109,"banyak yg bisa masuk, tapi konsisten secara kualitas dan pasti kuantitas. ada yg nolak juga karna tidak mampu memenuhi, dikarenakan sdh dibeli yg lain.",Neutral,1,Neutral,2,Positive,0.02675849,0.29601857,0.67722297
2893,"yg lain yg mana? supplier china, supplier besar, atau bisnis dari yayasan sendiri? klo gtu ekonomi muter aja di kroni pemerintah. rakyat cuma bisa ngandelin rakyat",Negative,0,Negative,0,Negative,0.9817786,0.0028022798,0.015419044
1551,"Mantap, semoga makin sejahtera",Positive,2,Positive,2,Positive,0.0050242436,0.00072847103,0.9942473
4173,pandanganmu sangat tajam.,Neutral,1,Neutral,1,Neutral,0.030689985,0.873371,0.09593897
2348,prosedur yang ribet dijadiin hal lumrah,Neutral,1,Neutral,1,Neutral,0.05064005,0.8961164,0.053243592
1616,apalagi itu wkwk,Neutral,1,Neutral,1,Neutral,0.06451048,0.856095,0.079394475
3249,naahh tuu dengeriiinnnnnnn tuch,Neutral,1,Neutral,1,Neutral,0.046406224,0.8793892,0.07420451
2895,"Secara keseluruhan, perlu ada survei berkala kepada para guru dan siswa untuk mengetahui respon dan efektivitas menu MBG.",Neutral,1,Neutral,1,Neutral,0.04116677,0.89731425,0.061518956
892,Mreka hanya menjual kesulitan rakyatnya untuk melegalkan bisnis mreka.. mreka sebenarnya tdk pernah perduli..,Neutral,1,Neutral,0,Negative,0.6512045,0.2904634,0.058332156
4963,"Jujur saja, pengawasan terhadap vendor katering harus diperketat agar spesifikasi menu sesuai dengan perjanjian awal.",Neutral,1,Neutral,1,Neutral,0.030253123,0.91285115,0.05689576
4854,mana ni yg bilang petani untung,Neutral,1,Neutral,1,Neutral,0.042337306,0.8711762,0.086486585
5338,terharu sy mendengar abang ni..kalau kat Malaysia abg ni jadi petani sy jamin dia dh makmur.,Neutral,1,Neutral,2,Positive,0.015241457,0.007980144,0.9767784
3752,"Setuju bang, setidaknya bisa jadi perbandingan buat yang lain",Neutral,1,Neutral,2,Positive,0.007894262,0.0014178603,0.9906879
4679,mau siapapun presidennya kalo pejabat kebawahnya masih bnyk yg korup kasian presidennya terzolimi terus 😭,Negative,0,Negative,0,Negative,0.9782048,0.0018059731,0.01998921
3006,bisa kok legalitas dari klompok tani. kan ada landasan hukum. kop surat bisa pake nama klompok nota juga bisa. alasan saja anda bilang begitu,Neutral,1,Neutral,1,Neutral,0.03679446,0.88177764,0.08142792
4495,MBG beuli lebih murah dari harga pasar...,Neutral,1,Neutral,1,Neutral,0.03832214,0.89447284,0.06720502
355,Bayangkan betapa sakit hatinya warga Papua,Neutral,1,Neutral,1,Neutral,0.06334382,0.8346396,0.102016576
3881,@DPR RI @gerindra @Habiburokhman,Neutral,1,Neutral,1,Neutral,0.043520782,0.88243085,0.07404839
2950,trus yg di salahin bapakmu kah..??,Neutral,1,Neutral,1,Neutral,0.039583668,0.8913449,0.06907144
2587,"nah setuju gw sama pemikiran gini
simple nya gitu ajh hari ini lu jual barang berarti itu rezeki lu di beli mbg
besok gk di beli mbg malah dia beli ke penjual lain yah berarti itu rezeki penjual lain lu itu udh pada tua yg ngatur rezeki bkn mbg lu punya tuhan cok yg ngatur rezeki lu itu tuhan",Positive,2,Positive,2,Positive,0.054231748,0.33229533,0.61347294
2073,tuh dengerin pada org2 yg pada banga2in mbg,Neutral,1,Neutral,1,Neutral,0.05131747,0.8638773,0.08480524
1388,👍 bagus pa Sudaryono,Positive,2,Positive,2,Positive,0.006009412,0.0007263332,0.9932642
1466,Uangnya licin kaya kepalanya,Neutral,1,Neutral,1,Neutral,0.031642493,0.9029253,0.065432206
4186,Memang benar bahwa harap disosialisasikan secara rinci kepada wali murid mengenai rincian menu dan kandungan nutrisi harian.,Neutral,1,Neutral,1,Neutral,0.029543933,0.8988493,0.07160676
5432,tu kan sudah kubilang mbg itu dari bawa sampai atas hanya untuk orang2 dekat,Neutral,1,Neutral,1,Neutral,0.031920783,0.90099233,0.067086786
2234,nakh dr sinih tau knp bahan pokok naik ya kan kk 😂,Neutral,1,Neutral,1,Neutral,0.03111863,0.8924288,0.076452576
72,"terima kasih pak,semoga bermanfaat untuk daerah tsb🔥",Positive,2,Positive,2,Positive,0.005138922,0.0007334082,0.99412763
1748,di Kota ku dapur mbg belanja di pasar biasa,Neutral,1,Neutral,1,Neutral,0.02785837,0.8864178,0.08572391
3446,harganya dibeli sangat sangat murah,Neutral,1,Neutral,1,Neutral,0.04324948,0.8824584,0.07429211
5431,"kata lucu, MBG UNTUK RAKYAT 🤣🤣🤣",Neutral,1,Neutral,1,Neutral,0.029660063,0.8919915,0.078348435
976,"Alasannya modal nya tinggi disana, jadi ga cuan bagi pemilihan dapur😂 kn program ini tujuannya bisnis bukan program khusus utk mengabdi kpd rakyat wkwkw",Negative,0,Negative,0,Negative,0.8918935,0.0758136,0.03229283
3461,"Pilihan menu yang disajikan sangat memperhatikan keseimbangan karbohidrat, protein, dan vitamin.",Positive,2,Positive,1,Neutral,0.033102594,0.8671828,0.0997145
4498,"Menanggapi hal tersebut, perlu kajian lebih lanjut mengenai efisiensi operasional pengantaran makanan ke sekolah pelosok.",Neutral,1,Neutral,1,Neutral,0.03383376,0.8950167,0.07114964
3963,"Menurut saya, bagaimana mekanisme pengawasan distribusi makanan agar selalu tepat waktu sampai ke masing-masing sekolah?",Neutral,1,Neutral,1,Neutral,0.032680374,0.9076787,0.059640966
1097,"Sangat miris,,wilayah dengan sumbangsih terrbesar buat negara, dr hasil emas dan uranium, tp banyak penduduk kl tidak salah70 persen warganya hidup di bawah rata rata, alias miskin. Pejabat daerah juga mau jadi penjilat pejabat pusat. Tak mau kerjaembela warga dan wilayahnya. Bukti, Pigai dungu dan botol tu.",Negative,0,Negative,0,Negative,0.977132,0.0014233831,0.021444548
858,kurang menguntungkan buat proyek mbg,Neutral,1,Neutral,0,Negative,0.98045164,0.0023799855,0.01716836
1071,"BBC ini media asing yang selalu berusaha mengadu domba masyarakat dan menjatuhkan pemerintahan, saya harap masyarakat bijak dan sabar , jangan gampang diprovokasi",Neutral,1,Neutral,0,Negative,0.9650347,0.0065349718,0.028430276
5526,"lah kok bener kalau ngomong ,",Neutral,1,Neutral,1,Neutral,0.027096871,0.89199847,0.080904566
1723,Berarti dia masih pake juknis lama yg semua di handle AG. padahal yg sekarang HC setara AG jadi harusnya discus,Neutral,1,Neutral,1,Neutral,0.04925666,0.8676449,0.08309841
4981,"yang logika juga kali. emang lu busa, dengan lahan terbatas, masa panen berbulan bulan,belum Maslaah hama, cuaca, sementara MBG mau nya stok ada terus. yaa sulit lahh. makanya sebelum memulai program, dibuat dulu sosialisasi bersama petani dan melayang dan pengusaha lainnya biar bisa tuh masuk kedatangan berapa jumblah yg bisa kerja sama dan mampu menyuplai, jika lebih bagus, jika kurang bisa di masukan suplai dari desa tetangga terdekat.
dukung saya jadi Presiden.",Positive,2,Positive,2,Positive,0.004890768,0.0008447737,0.9942644
5261,mbg emang bermasalah. korupsi terang²an mark up'nya harganya pun gila²an,Negative,0,Negative,0,Negative,0.9768465,0.0015861718,0.021567348
5039,Aku pernah melamar jadi tukang masak d dapur mbg di tolak mentah mentah krn gak ada hubungan nya dgn kepala bagian dapur mbg😂,Neutral,1,Neutral,1,Neutral,0.040520914,0.877352,0.0821271
4025,lah emang produksi bapak bisa tiap minggu ada,Neutral,1,Neutral,1,Neutral,0.0441174,0.86128116,0.094601415
1109,Pantes papua ingin merdeka,Neutral,1,Neutral,1,Neutral,0.040576182,0.8344397,0.12498414
5225,"yaa sekarang kalo ga melalui supplier mbg harus ke petani terus apakah petani mampu selalu panen tiap seminggu beberapa kali hasil panennya ada ?
lalu apakah daerah anda punya semua bahan pokok kebutuhan mbg disitu ?
sekarang mbg butuh buah apa setiap daerah penghasil buah ?
apakah setiap daerah penghasil sayur ???
tetap butuh supplier kalo supplier bukan orang berduit ya nota macet di petani malah petani makin sulit anjayy
cuman sekarang harga bisa stabil karna kebutuhan harian mbg tiap hari menyerap barang petani ga kaya dulu udah murah ga laku sampe di buang sekarang walopun panen raya sayur/buah ga sampe dibuang"" di kali",Neutral,1,Neutral,0,Negative,0.5536357,0.4110829,0.035281453
1369,"Bagus idenya... ya ""mungkin"" !!! tapi bukan dilihat seberapa harus dan urgentnya kan ?? Bayangkan siswanya dikasi makan, gedung² sekolah + kesejahteraan guru honorerny bobrok Bangun gedung koperasi + beli trek beli ini itu disaat infrastrukur vital di desa & sekitarnya akhirnya dibiarkan rusak Apa itu solusi pemimpin cerdas ?? kelihatan bodoh & bernafsunya",Negative,0,Negative,0,Negative,0.9715305,0.0015663325,0.026903257
176,Mbg itu program rampok tidak ada kaitannya dengan pengentasan stunting.,Neutral,1,Neutral,0,Negative,0.84317213,0.102426805,0.054401033
5145,"Melihat fakta di lapangan, perlu diperhatikan ketahanan makanan selama proses pengiriman agar tidak cepat basi saat cuaca panas.",Neutral,1,Neutral,1,Neutral,0.032719962,0.89754343,0.06973658
1367,Pk wowo ...km tu ..kurang asem ...yg di kasih mbg cuman ..anak2 ..anak kan ada bapaknya . Dan ngak setiap kk ada anak sekolahnya tp ..ada lansia yg ngak py penghasilan ...gmn tu....,Neutral,1,Neutral,1,Neutral,0.030620517,0.91140974,0.057969715
2915,"Menanggapi hal tersebut, harus ada tim ahli gizi yang rutin mengecek kualitas dan kandungan kalori makanan di setiap unit dapur.",Neutral,1,Neutral,1,Neutral,0.042349502,0.8736872,0.083963245
1787,udahhh kaya menu akhir bulan😭,Neutral,1,Neutral,1,Neutral,0.04419776,0.8978321,0.057970066
1156,terus mana bilang MBG memberi manfaat? yg diomongin manfaatnya manfaat ekonomis terus. ini loh faktanya papua?! pemerintah maupun buzzer pemerintah picek,Negative,0,Negative,2,Positive,0.14398305,0.0072897407,0.84872717
551,itu bukti bahwa Program tersebut untuk mensubsidi orang orang kaya pemilik dapur SPPG.,Neutral,1,Neutral,1,Neutral,0.033054374,0.90756,0.05938561
4860,Memang benar bahwa bagaimana tindak lanjut pemerintah jika ada sekolah yang belum terjangkau fasilitas pendukung distribusi makanan?,Neutral,1,Neutral,1,Neutral,0.03658147,0.8889344,0.07448418
4559,fakta di lapangn begitu pemain semua,Neutral,1,Neutral,1,Neutral,0.03810472,0.8828246,0.07907072
2462,"kak Krn harga kamu m4hal, kwalitas produkmu jg bagus😁
ga Masuk Hitung4n kak",Positive,2,Positive,2,Positive,0.0067539588,0.00075657817,0.99248946
4441,saya mau bikin vidio di ladang cabai teman saya😅,Neutral,1,Neutral,1,Neutral,0.040465906,0.88828677,0.071247324
540,"YG PENTING SELESAI DRPD SEMPURNA (justru karena masih ad aluka lama, harus lebih diperhatikan) simple kalau kita punya luka di tangan lebih besar pasti itu yg jadi fokus kita untuk sembuh tapi malah disini effortnya sangat kurang, gmn lukanya mau sembuh, ini butuh kerja sama yg benar",Positive,2,Positive,1,Neutral,0.04038193,0.8385828,0.121035255
92,"Gaji aj gede,tanggung jawabnya nga ad 😢",Neutral,1,Neutral,1,Neutral,0.034669377,0.87876755,0.086563006
2921,Bagaimana mekanisme pengawasan distribusi makanan agar selalu tepat waktu sampai ke masing-masing sekolah?,Neutral,1,Neutral,1,Neutral,0.032824595,0.90460914,0.06256616
3954,"Dari sudut pandang masyarakat, sebaiknya menu makanan disesuaikan dengan kearifan lokal dan hasil bumi di masing-masing daerah.",Neutral,1,Neutral,1,Neutral,0.03476561,0.89169145,0.07354292
3170,betul... jokowi ga gini2 amat,Neutral,1,Neutral,1,Neutral,0.04015301,0.89126146,0.0685855
3833,Mamahhh aku mau MBG,Positive,2,Positive,1,Neutral,0.03644949,0.8707283,0.09282214
5528,@gerindra @Gibran Rakabuming @Habiburokhman,Neutral,1,Neutral,1,Neutral,0.032806158,0.89755124,0.0696426
2815,"jangan ditelan mentah mentah ,segala berita",Neutral,1,Neutral,1,Neutral,0.21961787,0.70503056,0.07535154
794,"Kan proyek, siapa yang ada duit",Neutral,1,Neutral,1,Neutral,0.27386624,0.67644405,0.0496897
1115,"MBG itu MAKANAN HEWAN,, nyatanya banyak Siswa yang keracunan MBG...🤣",Negative,0,Negative,0,Negative,0.9762245,0.0016564181,0.022119176
1315,MAKAN GRATIS TAPI BAYARNYA SAMPE TRILIYUNAN TIAP BULANNYA,Neutral,1,Neutral,1,Neutral,0.049878567,0.8764931,0.07362839
4326,takut ditawar lebih murah😂,Neutral,1,Neutral,1,Neutral,0.039350227,0.8853743,0.07527554
1833,makanya vt ini di ciptakan untuk belajr,Neutral,1,Neutral,1,Neutral,0.036464937,0.8807621,0.08277291
1354,MBG itu duit dari rakyat sendiri maka nya pajak semua naik,Neutral,1,Neutral,1,Neutral,0.040039837,0.8727003,0.08725989
4753,betul daftar karyawan aja susah cuma sodara2nya aja,Neutral,1,Neutral,1,Neutral,0.040344708,0.88520575,0.07444945
3054,STOP MBG PLIS,Negative,0,Negative,0,Negative,0.87081075,0.08609035,0.043098863
815,Kenapa pemerintah tidak adil ?,Negative,0,Negative,1,Neutral,0.1672451,0.74928045,0.08347453
4793,"Harus diakui, perlu ada survei berkala kepada para guru dan siswa untuk mengetahui respon dan efektivitas menu MBG.",Neutral,1,Neutral,1,Neutral,0.037332572,0.9030225,0.059644934
5250,"baik
ngabisin uang negara",Neutral,1,Neutral,0,Negative,0.9233508,0.04474692,0.031902287
3561,Bu Naniek @gerindra @Kementerian Sosial RI @Nanik S Deyang @Dardardar 🦀,Neutral,1,Neutral,1,Neutral,0.026415586,0.8936938,0.07989059
168,Wkwk presiden kok julid. Seumur2 baru kali ini ada presiden lambenya lemes,Neutral,1,Neutral,1,Neutral,0.33766952,0.60316443,0.059166007
1869,iya sih masalah di sini sdm nya rendah,Neutral,1,Neutral,1,Neutral,0.042203825,0.87455326,0.083242975
2497,ini bukan petani,Neutral,1,Neutral,1,Neutral,0.047613658,0.9018362,0.050550148
350,Sistem distribusi harus diperhitungkan dengan matang agar makanan tetap segar saat dikonsumsi oleh siswa.,Neutral,1,Neutral,1,Neutral,0.024820937,0.9126838,0.062495314
3492,belum dicoba udah bilang susah,Neutral,1,Neutral,1,Neutral,0.05247224,0.8741636,0.07336406
53,"Pak untuk insentif relawan ko kecil yah, apalagi bagian distribusi, ko disamain sama dishwasher 😢",Neutral,1,Neutral,1,Neutral,0.03141639,0.89610726,0.07247633
3042,"konten sepi, dm ber api-api
🗿",Neutral,1,Neutral,1,Neutral,0.050215896,0.89075345,0.0590307
5492,"Bacot bego, lu penyepong buzzer mbg",Negative,0,Negative,0,Negative,0.9764088,0.0019821392,0.02160907
984,"Harusnya di sini Wo, Wowo. Sedih lihat saudara2 kita di timur😢. Bukan Jakarta yang brangkat ke sekolah pake mobil mewah diantar supir siswanya. udh geram to the max banged sama rezim ini",Negative,0,Negative,0,Negative,0.9833708,0.0016064334,0.015022696
2593,naah ini bisa,Neutral,1,Neutral,1,Neutral,0.0284326,0.8579865,0.113580905
3398,MBG tuh apa manfaatnya???,Neutral,1,Neutral,1,Neutral,0.10931131,0.7361245,0.15456416
2388,Nah bearti yg di bilang jubir sama menteri itu boong yah yang kata nya ada nya mbg perputaran ekonomi terkontrol ternyata engaa,Neutral,1,Neutral,0,Negative,0.97190565,0.005197631,0.022896757
4231,"Ya mungkin harus bikin guyuban dulu kali ya biar pasokan tetep berjalan,yg punya mbg biar ga belanja kemana mana",Neutral,1,Neutral,1,Neutral,0.03685452,0.873939,0.089206435
5540,"Melihat fakta di lapangan, harap disosialisasikan secara rinci kepada wali murid mengenai rincian menu dan kandungan nutrisi harian.",Neutral,1,Neutral,1,Neutral,0.034645107,0.89113146,0.07422347
876,Orang-orang di Jawa sana datang ambil emasnya tapi lupa para penduduk lokal. Presiden juga pura-pura buta. 😂😂😂,Neutral,1,Neutral,1,Neutral,0.18758403,0.7755044,0.03691154
8,Semoga makin dipercaya masyarakat,Neutral,1,Neutral,2,Positive,0.02794567,0.2280216,0.74403274
4578,"Terkait kebijakan ini, apakah anggaran MBG sudah mencakup pengadaan tempat makan ramah lingkungan yang bisa dipakai berulang kali?",Neutral,1,Neutral,1,Neutral,0.038458493,0.8896039,0.07193765
112,Diharapkan ada saluran pengaduan resmi jika pihak sekolah menemukan kendala terkait kualitas makanan MBG.,Neutral,1,Neutral,1,Neutral,0.034319974,0.88926625,0.07641378
4731,"😂😂😂 udah bingung harus respon apa, tawa aja dah ama Indonesia mah apalagi wowo dkk",Neutral,1,Neutral,1,Neutral,0.035866354,0.8738378,0.090295896
1006,Perlu adanya standar operasional prosedur yang ketat terkait higienitas dan pengolahan makanan MBG.,Neutral,1,Neutral,1,Neutral,0.03436953,0.8958666,0.069763936
3231,Memang benar bahwa sebaiknya menu makanan disesuaikan dengan kearifan lokal dan hasil bumi di masing-masing daerah.,Neutral,1,Neutral,1,Neutral,0.035809793,0.88960946,0.074580684
3520,mbg busui ama balita chef,Neutral,1,Neutral,1,Neutral,0.04023639,0.8731801,0.08658354
3079,bang lu ud resign dr hotel?,Neutral,1,Neutral,1,Neutral,0.038451765,0.88202155,0.079526626
102,organisasi terkutuk terbangsat yang pernah ada. jahanam lu semua.,Negative,0,Negative,0,Negative,0.9829131,0.0023067154,0.014780171
197,Namanya jg proyek yg penting anakbuahku kenyang manfaat mah belakangan,Positive,2,Positive,2,Positive,0.060256172,0.23986022,0.69988364
3736,"Sampe mikirin menu bumil dibedain loh,sementara disini bumil,balita,anak sekolah menunya sama cuma beda porsi doang.kalo pedes ya pedes semua,yg buat balita sayang bgt gamau dimakan jadinya😂",Neutral,1,Neutral,1,Neutral,0.05135305,0.860732,0.08791492
3276,@Prabowo program gak guna,Negative,0,Negative,0,Negative,0.98176974,0.0017550685,0.016475113
577,Pak prabowo lihat lah buka,Neutral,1,Neutral,1,Neutral,0.038263734,0.89757925,0.06415697
2820,sekarang mbg di sekolahku gak dapet susu lagi,Neutral,1,Neutral,1,Neutral,0.03990928,0.84266984,0.117420815
1540,"Manfaat MBG yang tidak disadari adalah perputaran ekonomi bawah, n lowongan pekerjaan",Positive,2,Positive,2,Positive,0.0043476457,0.0015399969,0.9941123
1107,"laaaaaahh Min. Kok Admin ga wawancara orang BGN-nya ?? Jangan males sama pengecut lah, Admin.",Neutral,1,Neutral,1,Neutral,0.31245774,0.5835862,0.10395614
3702,"Tentu saja, perlu kajian lebih lanjut mengenai efisiensi operasional pengantaran makanan ke sekolah pelosok.",Neutral,1,Neutral,1,Neutral,0.036805883,0.9042766,0.058917545
4702,"kok sekarang pak mentri, dulu pas jaman pak jokowi langsung nyebut pak jokowi",Neutral,1,Neutral,1,Neutral,0.057159204,0.85971624,0.0831246
839,Presiden mana mau liat berita kyk gini. Yg beliau mau cuma laporan yg meurut dy oke saja. 🗿,Neutral,1,Neutral,1,Neutral,0.024414152,0.9076713,0.06791463
3939,lahh bang kok fakta 🤣 bahkan kang roti Bun suruh begitu ahahah,Neutral,1,Neutral,1,Neutral,0.05287089,0.8770334,0.07009571
3037,"Terkait kebijakan ini, program ini membawa dampak ganda yang sangat baik bagi kesehatan anak sekaligus perputaran ekonomi lokal.",Positive,2,Positive,2,Positive,0.0050203647,0.00094867684,0.9940309
2749,"mau tnya dong,, kalian yg anaknya blm ada 1 taun dikasihnya busui atau balita yaa. Ko ditmpat aku kdang balita kadang busui",Neutral,1,Neutral,1,Neutral,0.03768891,0.89096487,0.07134622
2308,"iyalah memangnya begitu, jadi pengepul ini banyak relasi petani dan dpt banyak bisa untuk stok bnyk dapur mbg, kalau petani ke mbg langsung bingung cara simpannya bingung besok mau diapain, masa 100kg sawi trs tiap hari menu sawi trus kan gabisa gitu",Neutral,1,Neutral,1,Neutral,0.03978649,0.88548726,0.074726194
3511,chef nori bubuknya pake merk apa kalo boleh tauu?,Neutral,1,Neutral,1,Neutral,0.056552563,0.86641973,0.077027686
3458,saya berinvestasi pada komen ini,Neutral,1,Neutral,1,Neutral,0.049486443,0.8551551,0.09535851
2138,jgn mw kak .. mnt hrg murah tp mnt nota harga setinggi2 nya,Neutral,1,Neutral,1,Neutral,0.031030081,0.91148365,0.05748633
1244,Demo demo ayo demo,Neutral,1,Neutral,1,Neutral,0.037265856,0.8450958,0.11763833
3567,"Jujur saja, pengawasan terhadap vendor katering harus diperketat agar spesifikasi menu sesuai dengan perjanjian awal.",Neutral,1,Neutral,1,Neutral,0.034073442,0.9163343,0.0495923
2090,lahh ko komenan anda malah ga nyambung.. klo kehabisan stok.. petani itu ga mungkin ngoceh.. aneh,Neutral,1,Neutral,1,Neutral,0.03314991,0.89854217,0.06830792
4194,semua main uang mas🤣😂,Neutral,1,Neutral,1,Neutral,0.053018644,0.8484155,0.09856587
2144,ayamnya 1 di potong berapa?,Neutral,1,Neutral,1,Neutral,0.036362063,0.9029359,0.06070199
5443,"di sisi lain kepala BGN nyalahin petani, gara"" banyak kandungan hidrogen jadi banyak anak yg keracunan",Negative,0,Negative,0,Negative,0.9779117,0.0017109438,0.02037726
4792,"Secara keseluruhan, perlu diperhatikan ketahanan makanan selama proses pengiriman agar tidak cepat basi saat cuaca panas.",Neutral,1,Neutral,1,Neutral,0.032762896,0.89191514,0.07532205
1612,"toddlerku syuka syekaliiiiii chef, makasiiiiih ya ❤️",Neutral,1,Neutral,2,Positive,0.0046803257,0.0019722213,0.99334747
1217,Ayooo kita ramaikan lagi !!!!!!,Neutral,1,Neutral,1,Neutral,0.08933275,0.45836288,0.45230436
693,Pembagunan aja ga selesai loh dari januari sampe juni ini berarti GA NIAT,Neutral,1,Neutral,0,Negative,0.52095246,0.4140299,0.06501762
1898,"hari ini mbg anak nasi ,gehu pedas,sma ciken katsu 3 biji kecil ,pisang😂",Neutral,1,Neutral,1,Neutral,0.042489514,0.8609258,0.096584745
3190,tiap hari liat menu ny enak2bner loh... kok di tempat ku menu ny gitu2 Mulu y. wortel sama ayam goreng telur ceplok...,Neutral,1,Neutral,2,Positive,0.008501422,0.029056162,0.96244246
4359,PILIH LAGI ITU ANAK JOKOWI,Neutral,1,Neutral,1,Neutral,0.0670147,0.857421,0.0755643
5422,"justru kalo anda masuk langsung ke dapur MBG itu merusak rantai perdagangan
sudah terbukti beberapa hari yg lalu di pasar induk selada kosong harganya pun melejit 56k/kg karena dipakai MBG",Negative,0,Negative,0,Negative,0.9776148,0.0017496169,0.020635553
2767,mungkin beli dri shope.... krn td ad kurir yg komen para kepala sppg beli d shope..baru tau klo shope tanam sayuran jg 😁,Neutral,1,Neutral,1,Neutral,0.032023303,0.80306935,0.16490732
4484,"nihhh kasih tau ke lawan bicaranyaa wakabem kemarin yg bilang perputaran ekonomi
ekonomi sblh mna yg berputar kutanya?",Neutral,1,Neutral,1,Neutral,0.041267037,0.88071656,0.07801642
701,Duit korupnya ngumpul di P Jawa 😅,Neutral,1,Neutral,0,Negative,0.97804534,0.0017899291,0.02016474
3748,asem bener bgt 😂😂,Neutral,1,Neutral,1,Neutral,0.05335958,0.87614185,0.070498474
4076,"Dari sudut pandang masyarakat, kualitas lauk dan sayur yang diterima siswa di beberapa sekolah sangat minim dan jauh dari ekspektasi makanan bergizi.",Negative,0,Negative,0,Negative,0.98051023,0.0018504724,0.017639348
4531,@gerindra denger blok,Neutral,1,Neutral,1,Neutral,0.050034672,0.8458011,0.10416424
3395,"Jujur saja, perlu evaluasi berkala mengenai penerimaan rasa dan porsi makan siang yang diberikan kepada para siswa.",Neutral,1,Neutral,1,Neutral,0.042230036,0.8749881,0.08278183
42,"Dari sudut pandang masyarakat, perlu ada survei berkala kepada para guru dan siswa untuk mengetahui respon dan efektivitas menu MBG.",Neutral,1,Neutral,1,Neutral,0.042828336,0.8776527,0.07951902
5509,"Terkait kebijakan ini, harap disosialisasikan secara rinci kepada wali murid mengenai rincian menu dan kandungan nutrisi harian.",Neutral,1,Neutral,1,Neutral,0.032559566,0.8911645,0.076275915
2098,jadi ini petani mana yg di dukung?haha aneh pendukung mng emnag,Positive,2,Positive,1,Neutral,0.064308286,0.7016906,0.23400111
2455,terus kata petani yg demo kemaren apa....bingung saya,Neutral,1,Neutral,1,Neutral,0.051136244,0.89409935,0.054764446
3539,"Harus diakui, program yang sangat boros anggaran tapi hasil nyata di lapangan masih jauh dari kata memuaskan.",Negative,0,Negative,0,Negative,0.97769254,0.0015649443,0.020742558
4054,mbg berhenti atau lanjut?,Neutral,1,Neutral,1,Neutral,0.042333834,0.8741198,0.08354642
2228,Tolong aku ayaahhh....,Neutral,1,Neutral,1,Neutral,0.037934415,0.88151383,0.08055174
2165,"pura pura gatau, dia sibuk bisnis yg lain lahh... org jdi presiden cuma buat jalanin bisnis nya🤣",Neutral,1,Neutral,1,Neutral,0.04939416,0.87254834,0.07805754
1334,Gara gara MBG uang PNS guru habis,Neutral,1,Neutral,0,Negative,0.7468712,0.19141722,0.061711673
3637,klo kek gini di bilang budget lebih dari 10 rebu juga di percaya chef,Neutral,1,Neutral,1,Neutral,0.029125972,0.89517146,0.075702555
2973,"Jujur saja, bagaimana tindak lanjut pemerintah jika ada sekolah yang belum terjangkau fasilitas pendukung distribusi makanan?",Neutral,1,Neutral,1,Neutral,0.031656083,0.8980897,0.070254184
3154,"kek dipimpin sama lu bisa bagus aja nih negara, coba lu pimpin sana. lu cuman pengamat, mending kasih solusi kalo gabisa jangan kritik doang😒",Positive,2,Positive,2,Positive,0.015161918,0.009951682,0.9748864
769,Prioritas utama mbg ya disini woi bukan di jakarta!,Neutral,1,Neutral,1,Neutral,0.039527673,0.88028884,0.08018349
4588,"rakyat susah, petani susah, yang mudah yg banyak duit",Neutral,1,Neutral,1,Neutral,0.039975364,0.8653268,0.09469779
2062,"sekaligus antek"" nya jg di ganti semua",Negative,0,Negative,0,Negative,0.9696956,0.00261398,0.02769043
776,Kan dibilang gimmick aja ini..mbgnya malah banyak di tengah kota.. Harusnya di pelosok.. Klo mau adil,Negative,0,Negative,1,Neutral,0.08004136,0.8575475,0.06241109
3756,"Betulll sekali, setidaknya bisa jadi bahan pembelajaran bagi kita semua",Positive,2,Positive,2,Positive,0.032480087,0.20473354,0.7627864
3472,Yah namanya juga ladang cuan,Negative,0,Negative,0,Negative,0.9302449,0.03764797,0.03210707
341,"gaada yang mau korupsi di sana tuh, makanya dikit sppgnya",Negative,0,Negative,0,Negative,0.9749224,0.0014831005,0.023594486
5459,"Yah...padahal mau coba tani anggur
target pasar salah-satunya mbg",Neutral,1,Neutral,1,Neutral,0.04034011,0.88322055,0.07643935
3865,terus berkabar ya bang.,Neutral,1,Neutral,1,Neutral,0.014537265,0.77023077,0.21523193
4893,@gerindra dengar ini min,Neutral,1,Neutral,1,Neutral,0.043644954,0.88389087,0.072464205
791,pemerintahnya gmn ini ya Tuhan,Neutral,1,Neutral,1,Neutral,0.04377739,0.8979283,0.058294337
99,": Dilingkaran MBG banyak nya direkrut SDM rendah, jadi mana mungkin tercapai target pemenuhan gizi bagi anak² sekolah.Yg ada,dari kerja yg jorok dan tempat yg kumuh itu lah anak² yg gak berdosa menderita keracunan...!!!",Negative,0,Negative,0,Negative,0.9779684,0.0015589544,0.020472705
4414,Supplier punya kebun sendiri ? 😂😂😂,Neutral,1,Neutral,1,Neutral,0.04301291,0.8795612,0.07742582
4204,sulit juga menang jalur wapres krn ank pk wwi,Neutral,1,Neutral,1,Neutral,0.04305136,0.8876961,0.06925252
222,tujuannya emang mau dikorupsi,Negative,0,Negative,0,Negative,0.9770244,0.0057389396,0.017236657
4301,"Menurut saya, pihak dinas terkait harus rutin melakukan uji sampel makanan secara acak di berbagai sekolah.",Neutral,1,Neutral,1,Neutral,0.036984853,0.8933493,0.069665864
2857,yg masuk harganya gak masuk akal+ nota doble,Neutral,1,Neutral,1,Neutral,0.0416066,0.8704624,0.087930985
2726,Rentan penyimpangan dana di tingkat distrik jika tidak ada sistem pelaporan digital yang bisa diakses publik.,Negative,0,Negative,0,Negative,0.9767734,0.0016772498,0.021549454
1420,"Itulah akibat nya koruptor di manjakan oleh hukum tidak tegas pada para pejabat, hukum lemah pada para pejabat tapi keras terhadap masyarakat yang tak seberapa kesalahan nya.",Negative,0,Negative,0,Negative,0.9780692,0.0018631989,0.020067647
3928,yg rumahnya deket dgn dapur sppg tahu persis kalau semua prosesnya bisnis murni antar kolega ..bukan utk umkm di sekitarnya,Neutral,1,Neutral,1,Neutral,0.033824135,0.89193505,0.07424086
4339,"rata2 BUMN ya gtu bang gx heran, apapun yg dikelola negara pasti semrawut prosesnya.gx perusahaan gx program, dari dulu bgtu hasil dilapanganya jauh banget dwh 😅😂",Neutral,1,Neutral,0,Negative,0.977647,0.0073618786,0.014991135
3677,lahhh kemarin ada yang bilang petani makmur karena adanya MBG😂berarti boooong donk😂😂,Neutral,1,Neutral,0,Negative,0.98490405,0.0034855711,0.011610412
4355,MBG hanya bisnis untuk persiapan dimasa akan datang,Neutral,1,Neutral,1,Neutral,0.036435407,0.8920906,0.071474
915,"Ngelola negara sebesar ini itu sangat susah, 1% kesalahan akan di kritik habis2an",Negative,0,Negative,0,Negative,0.8756157,0.08377993,0.040604323
5548,"Tentu saja, diharapkan ada saluran pengaduan resmi jika pihak sekolah menemukan kendala terkait kualitas makanan MBG.",Neutral,1,Neutral,1,Neutral,0.025107559,0.9063158,0.06857655
1494,Golongane sampah2 itu..jangan dikasi hidup kalok negara indonesia kita ingin maju,Negative,0,Negative,0,Negative,0.9806138,0.0020141364,0.017371982
1309,"cuma di era presiden ini nabrak aturan sana sini, mengakali anggaran sana sini, membohongi masyarakat secara terang terangan supaya anggarannya bisa dimasukkan ke apbn... Uang negara, uang rakyat dipakai semaunya mereka aja...",Negative,0,Negative,0,Negative,0.9783569,0.00199042,0.019652732
5517,Memang benar bahwa perlu evaluasi berkala mengenai penerimaan rasa dan porsi makan siang yang diberikan kepada para siswa.,Neutral,1,Neutral,1,Neutral,0.04265635,0.87590736,0.081436254
3374,WKWKWK berharap apa wok sama SDM indo😭,Neutral,1,Neutral,1,Neutral,0.046251774,0.8849932,0.068755016
2555,BETUL Mang 😂,Neutral,1,Neutral,1,Neutral,0.043557756,0.8705588,0.08588339
3859,"lu jangan macem macem, ini aja udh rame.",Neutral,1,Neutral,1,Neutral,0.03294929,0.8936986,0.0733521
3910,"Tentu saja, perlu dipastikan kapasitas produksi dapur umum mampu memenuhi kuota seluruh sekolah di target wilayah.",Neutral,1,Neutral,1,Neutral,0.03748095,0.900019,0.06250016
4834,"Wajib kalian perbaiki program mbg, klau gk bisa mending bubarkan sja
@Republika @tvOneNews @tvrinasional @Inilah.com @Sekretariat Kabinet RI @aimanwitjaksono @Kompas.com @gerindra @kumparan @Metro TV @",Neutral,1,Neutral,1,Neutral,0.20590135,0.73305464,0.06104403
711,Mbg harusnya di sini. Daerah yg membutuhkan MBG malah kurang diperhatikan. Lucu pemerintah,Neutral,1,Neutral,1,Neutral,0.18231456,0.73881125,0.07887421
1905,"menu mbg anak balita ku untuk 3hari+telor rebus 1 tdi udah di makan jdi gk ke foto, gmna ini chef??",Neutral,1,Neutral,1,Neutral,0.036052734,0.89123863,0.07270866
5344,proyek mega korupsi,Negative,0,Negative,0,Negative,0.97885305,0.0020841162,0.019062754
1527,"Siapa menyusul, mantan anak buah si joko ui lainnya masih aman, tunggu dikerangkeng bila perlu sekalian si joko ui",Neutral,1,Neutral,1,Neutral,0.03422707,0.87493205,0.09084084
4618,longor longor longor hahahaha lu kira petani gak boleh pake jaket bagus?,Positive,2,Positive,0,Negative,0.6558113,0.12110306,0.22308561
289,Terima kasih sudah jadi media yg netral,Positive,2,Positive,2,Positive,0.00671287,0.0018266321,0.99146044
3049,"yg boleh kerja disana yg kenal sm admin nya , yg gk dikenal mimin gk direkrut, meskipun gandeng pagar,jd perekrutan tenaga kerjanyapun asl2an, asal mimin suka aja😂",Positive,2,Positive,2,Positive,0.0054669017,0.0011426684,0.99339044
4319,"Ketika semua partai ingin jadi pemimpin, maka esensi dari wakil rakyat berubah jadi adu kepentingan dan pengaruh, sisi gelap demokrasi",Neutral,1,Neutral,1,Neutral,0.3513211,0.5968741,0.0518048
4360,Sangat positif untuk pemerataan gizi anak-anak dari berbagai latar belakang ekonomi keluarga.,Positive,2,Positive,2,Positive,0.0051544774,0.00074034306,0.9941051
2623,jadi harus siapa presidennya ?,Neutral,1,Neutral,1,Neutral,0.04863668,0.8841548,0.067208454
453,Terima kasih BBC liputannya terang benderang. Perut siapa sebenernya yg diberi makan oleh program ini. 6600 dapur MBG ada di Jawa Barat saja,Positive,2,Positive,2,Positive,0.005444227,0.0023759787,0.99217975
4137,wes biasa negoro ruwet,Neutral,1,Neutral,1,Neutral,0.05647539,0.8639193,0.07960532
1656,tuh salahin mbg lagi... padahal mbg kemarin di salahkan ktanya hsil pertanian di borong semua makanya mahal.. skrg ini malah konfirmasi sush masukin produk ke mbg... aneh.. lagian pak.. kan mbg juga ambil dri pasar.. ga langsung ke petani.,Neutral,1,Neutral,1,Neutral,0.12146595,0.79821026,0.08032377
2537,"sabar pak,, emang semua kebijakan gak ada yg berpihak ke rakyat kecil",Neutral,1,Neutral,1,Neutral,0.048464745,0.85183054,0.09970475
3972,memang Indonesia itu terlalu ribet birokrasi nya,Neutral,1,Neutral,1,Neutral,0.04163389,0.9009565,0.05740963
2873,masalahnya mau milih siapa yg nyalon aja dia dia trs😭,Neutral,1,Neutral,1,Neutral,0.071591236,0.8448619,0.08354682
1646,katanya mbg membantu petani lh kok ini enggak?,Positive,2,Positive,2,Positive,0.0038341568,0.0017921501,0.9943737
802,"Di pulau Jawa banyak sekolah swasta mahal menolak MBG, tapi para aleg penguasa yg punya SPPG maksain biar cuan tetep masuk ke pundi pundi aleg...maksud sekolah itu menolak agar MBG bisa di alihkan ke daerah yg bener2 butuh",Negative,0,Negative,0,Negative,0.9786372,0.006604012,0.014758726
4285,mereka beli mau nya yang murah tapi bilangnya 5x harga😂😂,Neutral,1,Neutral,1,Neutral,0.047425516,0.89778966,0.054784898
1438,"Benar di kampung ku penggandaan laptop cuman sampai kantor desa itu pun cuman 3 unit sedih GK sih batuan dari pusat tidak sampai ke daerah, tapi penghasilan dari daerah sampai ke pusat",Negative,0,Negative,0,Negative,0.96173805,0.015069824,0.023192186
5063,"Secara keseluruhan, semoga ada mekanisme pemilahan sampah organik dan kemasan sisa makanan yang terkelola dengan baik di sekolah.",Neutral,1,Neutral,1,Neutral,0.03689687,0.8923399,0.0707632
3966,"Tentu saja, perlu ada petugas khusus yang bertanggung jawab memeriksa kelayakan makanan sebelum dibagikan ke siswa.",Neutral,1,Neutral,1,Neutral,0.04170759,0.8841344,0.07415799
1620,Program yang sangat pro-rakyat dan langsung menyentuh kebutuhan mendasar keluarga Indonesia.,Positive,2,Positive,2,Positive,0.002874198,0.004180261,0.9929455
5554,@Purbaya Yudhi Sadewa @Gibran Rakabuming @gerindra,Neutral,1,Neutral,1,Neutral,0.03682473,0.87675357,0.086421736
3903,"Secara keseluruhan, bagaimana tindak lanjut pemerintah jika ada sekolah yang belum terjangkau fasilitas pendukung distribusi makanan?",Neutral,1,Neutral,1,Neutral,0.045840222,0.8635727,0.09058702
2850,"hanya keluarga dan kerabat dekat bang,😅",Neutral,1,Neutral,1,Neutral,0.07849632,0.87073493,0.050768696
4125,"Dari sudut pandang masyarakat, bagaimana tindak lanjut pemerintah jika ada sekolah yang belum terjangkau fasilitas pendukung distribusi makanan?",Neutral,1,Neutral,1,Neutral,0.038512062,0.88052607,0.080961935
4314,"temen2 ayo kita warga bantu warga. jangan kita dukung mbg dan kopdes merput itu. karena mereka hanya melakukan perputaran uang di circle mereka saja sedangkan uangnya dari pajak rakyat. nanti uang yg beredar d rakyat jd sedikit, numpuk d mereka semua. coba tanya hati nurani kalian sendiri, berpikirlah sejujur2nya, pasti kalian sadar kalo ada yg salah dgn program ini.",Positive,2,Positive,2,Positive,0.005207433,0.00091183395,0.99388075
775,"PEMALAS. Memang benar MBG akan sedikit membantu utk perbaikan gizi anak sekolah, tapi.. bagaimana dg ibu hamil dan balita? KEKAYAAN ALAM dan KESUBURAN TANAHNYA TIDAK DIMANFAATKAN dengan baik. ITU MASALAHNYA! Pemerintah Daerah dan Masyarakat harus cerdas melihat semua potensi yang dapat digunakan di daerah utk mencukupi kebutuhan gizi sendiri, dan keluarga. Tanam2 sayur kah, ternak2 apakah disitu.. jangan berpangku tangan terusss!",Positive,2,Positive,2,Positive,0.005616938,0.0039777216,0.99040526
1638,"Melihat fakta di lapangan, pemerintah perlu menjelaskan secara komprehensif indikator keberhasilan dari pelaksanaan program MBG ini.",Neutral,1,Neutral,1,Neutral,0.031722672,0.8986871,0.0695902
1207,"Saya heran melihat org yg demo MBG,,tapi makanannya masih dia makan,,keluarganya makan MBG,,tetangganya makan MBG,,org2 susah bnyk yg terbantu dgn MBG,, Munafik banget Rakyat konoha ini,, Semua presiden dihujat,,kapan bisa presiden bekerja dgn baik kalau belum ap2 semua programnya dihambat terus,, Dia suruh prabowo mundur,,supaya gibran naik jadi presiden,, Wahai rakyat indonesia,,,cerdaslah sedikit,,ini semua politik jgn pernah terprovokasi,,biarkan prabowo memimpin sampai selesai,, Ingat diluar sna masih bnyk yg berdampak positif terhadap kebijakan prabowo,, Anak2 desa yg tidak mampu sangat terbantu salah satunya MBG",Positive,2,Positive,2,Positive,0.005392237,0.00063946523,0.99396825
3751,iihh abang pinter bgtsih😆,Neutral,1,Neutral,2,Positive,0.0028065052,0.0029914933,0.99420196
1971,"Menurut saya, apakah ada panduan khusus bagi siswa yang membawa bekal sendiri dari rumah saat MBG dibagikan?",Neutral,1,Neutral,1,Neutral,0.035819486,0.8999541,0.06422641
731,"Tentu saja, semoga proses pengadaan barang dan jasa untuk program MBG ini bisa dipantau secara terbuka oleh publik.",Neutral,1,Neutral,1,Neutral,0.035197087,0.89718336,0.0676195
4384,kemarin anak TK ku dapet mbg cumi saos asem manis. tp ga d makan karena cuminya alot kata anak ku kaya karet ga bisa d gigit. 😅,Neutral,1,Neutral,1,Neutral,0.037502944,0.9047559,0.05774123
1920,chepp mau nanya sekarang tuh siomay masih boleh ga sih,Neutral,1,Neutral,1,Neutral,0.05584126,0.85476255,0.08939618
1151,Wajar Papua minta merdeka,Neutral,1,Neutral,1,Neutral,0.03170825,0.8964066,0.071885146
1449,"Hukum mati semua koruptor, Indonesia pasti jadi negara Adi daya",Negative,0,Negative,0,Negative,0.98488104,0.00207503,0.01304397
2510,selalu mantap menu chef👍👍👍,Positive,2,Positive,2,Positive,0.0053339726,0.00072793546,0.9939381
650,Krn klo bangun disana dgn kondisi infrastruktur blum selesai.. maka yg ad merygi.. blum lg biaya bahannya mahal.. jd gk cuan ..jd ini program bukan utk 3 T tapi utk korupsi,Negative,0,Negative,0,Negative,0.979454,0.0020530745,0.01849294
1330,MBG STOP SAJA KARENA MENJADI SARANG KORUPSI,Negative,0,Negative,0,Negative,0.97849256,0.0015984682,0.019908914
998,"Kalo beneran programnya bertujuan untuk mencegah stunting dan gizi buruk, pembangunannya paling banyak seharusnya di daerah yang paling banyak penderitanya. Tapi kenyataannya, paling banyak dibangun di Jawa karena hanya mencari keuntungan, bukan membantu rakyatnya.",Positive,2,Positive,2,Positive,0.050650213,0.0060781846,0.94327164
3585,"Terkait kebijakan ini, apakah ada panduan khusus bagi siswa yang membawa bekal sendiri dari rumah saat MBG dibagikan?",Neutral,1,Neutral,1,Neutral,0.040702574,0.8805455,0.07875194
3009,Jika memang seperti itu kenapa banyak yang mengatakan harga dagang 20ribu tapi di nota diminta ditulis 50ribu? Mungkin niat pak presiden baik kepada rakyatnya tapi bawahannya( pengelolanya ) yang kurang ajar,Neutral,1,Neutral,1,Neutral,0.22211187,0.7071962,0.070692
1500,"Sony Sony,, pake bawa2. Alqur'an lagi sumpah gak korupsi, ini bukti'nya JD tersangka, kuwalat lu,,",Negative,0,Negative,0,Negative,0.9801159,0.0016420544,0.018242052
2892,pengalihan isu terus,Neutral,1,Neutral,0,Negative,0.87217265,0.071460046,0.056367293
280,"Dari sudut pandang masyarakat, apakah anggaran MBG sudah mencakup pengadaan tempat makan ramah lingkungan yang bisa dipakai berulang kali?",Neutral,1,Neutral,1,Neutral,0.03648777,0.88313985,0.08037242
4982,"padahal banyak tenaga lapangan yg bukan berasal dari BPS yg lebih kompoten dari BPS dalam mendata, tapi negara memilih tidak mau menggunakan tenaga kami, mungkin gak mampu mengeluarkan uang yg bisa kami bilang sedikit",Neutral,1,Neutral,1,Neutral,0.029875228,0.91126686,0.058857925
2717,"1/sejuta presentasi ny yg kayak chef sebut. buktinya ?
liat saja menu kebanyakan.",Neutral,1,Neutral,1,Neutral,0.029274628,0.8793464,0.09137901
4564,Kebijakan populis yang terburu-buru tanpa kajian matang mengenai kesiapan rantai pasok pangan nasional.,Negative,0,Negative,0,Negative,0.9817971,0.0029221287,0.015280802
207,"Lagi makan sambil scroll YouTube, ga sengaja nemu konten ini, nelen nasi kayak nelen kepingan kaca, dadaku sesak, air mataku menetes, kenapa bisa seperti ini Indonesia? Apa tadi alasan material Pembangunan tidak sampai karena kurangnya akses ? hoy pemerintah itu elu aja gamau keluar kandang kan ? Apa takut sama warga Papua ? Karena mereka pintar² kalian takutkan kalo warganya pada pintar ? Adek Petraa, Semoga segera mendapat pertolongan ya adik maniss, aku berharap kepada Allah, nggausah harap2 ke pemerintah kita, ya Allah masih sakit hatiku",Neutral,1,Neutral,1,Neutral,0.0977464,0.82975566,0.072497934
4251,berita sekarang isinya keburukan keburukan pemerintah semua... sudah kacauu,Negative,0,Negative,0,Negative,0.9834817,0.002014371,0.014503913
811,"Pas dikritik malah ngelokno antek-antek aseng ,wasien Iki rakyatmu sengsoro, Sugriwo pancen wong angel , sugriwoo sugriwooo",Negative,0,Negative,0,Negative,0.9858191,0.0016030435,0.012577844
4760,Pemerintah daerah perlu berkoordinasi secara aktif dengan pihak sekolah dalam memantau pelaksanaan MBG.,Neutral,1,Neutral,1,Neutral,0.04892395,0.8645881,0.086488
3039,"jgn lupa skrg bnyak polri yg buka MBG, buat org awam yg buka kalo ada masalah dikit bs di cabut izinnya 😅",Neutral,1,Neutral,1,Neutral,0.030830797,0.90146434,0.067704864
2368,"sabar cheff,,,indonesia darurat SDM",Neutral,1,Neutral,1,Neutral,0.034416858,0.8661488,0.09943431
5527,kan nanti mereka beli kebun untuk suplai ke dapur nya kita rakyat nanti kerja di kebunnya biar mereka bilang menciptakan lapangan kerja.🤣🤣,Neutral,1,Neutral,1,Neutral,0.033665612,0.9025932,0.06374121
4280,@KPK_RI kumpul bukti sebanyak²nya kalau presiden sudah turun jerat semua,Neutral,1,Neutral,1,Neutral,0.0849961,0.87220776,0.042796094
1078,"Jawa sih gk butuh MBG, semua orang mampu ngasih jajan anaknya buat makan siang. Luar jawa serharusnya lebih prioritas, tapi lebih bagus lg klo program gk guna ini dihapus.",Negative,0,Negative,2,Positive,0.23681663,0.002935067,0.7602483
2976,bnykin koneksi dngn orang2 jujur .KLO koneksi hubungan dngn pmerintah busuk smua,Negative,0,Negative,0,Negative,0.9326413,0.012665903,0.05469272
3611,mana yg katanya mbg muterin ekonomi? 😹😂,Neutral,1,Neutral,1,Neutral,0.04777628,0.85759515,0.09462856
4214,"Jujur saja, inovasi kebijakan pangan yang sangat dibutuhkan oleh anak-anak di sekolah dasar dan menengah.",Positive,2,Positive,2,Positive,0.003631654,0.00083223707,0.9955361
3986,"Secara keseluruhan, harus ada tim ahli gizi yang rutin mengecek kualitas dan kandungan kalori makanan di setiap unit dapur.",Neutral,1,Neutral,1,Neutral,0.039861746,0.8772678,0.08287053
3747,waduhhhh iya tah,Neutral,1,Neutral,1,Neutral,0.038150486,0.8749973,0.08685225
2465,mbg superindo emang joss,Positive,2,Positive,2,Positive,0.0088876,0.008451154,0.9826613
4532,mana yang benar petani bahagia karena mbg atau petani susah masuk ke mbg?????,Positive,2,Positive,2,Positive,0.0061525,0.0008838093,0.99296373
5305,"Melihat fakta di lapangan, semoga ada mekanisme pemilahan sampah organik dan kemasan sisa makanan yang terkelola dengan baik di sekolah.",Neutral,1,Neutral,1,Neutral,0.028941019,0.9088256,0.06223343
663,Karena bukan tujuan politiknya,Neutral,1,Neutral,1,Neutral,0.036753517,0.8949632,0.06828325
5093,"Giliran keracunan,karen petani tanaman nya kebanyakan dikasih nitrogen",Negative,0,Negative,0,Negative,0.98066986,0.0015665297,0.017763574
1469,"Penwrapan tsk bbrp kasus kok bisa cepet,tapi klo kasus izaxah palsu JKW susah amat,?",Neutral,1,Neutral,1,Neutral,0.0803099,0.87157893,0.048111185
4740,"Dari sudut pandang masyarakat, perlu kajian lebih lanjut mengenai efisiensi operasional pengantaran makanan ke sekolah pelosok.",Neutral,1,Neutral,1,Neutral,0.049837343,0.9019964,0.048166253
1783,"sama lagi dah, klo gak dadar yaa ceplok wkwkw😂😂😂",Neutral,1,Neutral,1,Neutral,0.032217663,0.9166167,0.051165666
413,Bolak balik mbg tidak merata😖😖😖😩😩😩😩😭😭😭,Negative,0,Negative,1,Neutral,0.06423871,0.8565505,0.07921081
2332,fakta darimana ?,Neutral,1,Neutral,1,Neutral,0.043488584,0.8807916,0.07571979
1758,"Pemborosan anggaran, Banyak harga2 barang naik di pasar , banyak solusi tepat drpd cuma makan sekali sehari",Negative,0,Negative,0,Negative,0.97865754,0.0014029915,0.019939514
2,"Pak ini tolong kami mikirnya MBG ini udah jalan di daerah pelosok 3T, ternyata belum ya pak???? Tolong dahulukan MBG untuk daerah 3T dulu pak sayang banget anggarannya kalo daerah 3T ternyata belum kesentuh MBG sama sekali",Neutral,1,Neutral,0,Negative,0.97771305,0.009120778,0.013166062
979,Ngapain Indonesia ngurus kesejahteraan rakyat daerah jajahannya? Kalau mengambil kekayaan alam sih nomer satu!,Neutral,1,Neutral,1,Neutral,0.032751214,0.88945574,0.07779309
1079,"Tutup MBG!!!!! cuma untuk proyek cari duit tidak untuk rakyat malnutrisi. Data dipakai untuk memperkaya tertentu saja, tapi dilapangan yang butuh tidak tersentuh.",Negative,0,Negative,0,Negative,0.97716147,0.001465835,0.021372652
41,"Program setengah matang, awalnya katanya uji coba kok keterusan🔥",Neutral,1,Neutral,1,Neutral,0.0833541,0.84089255,0.07575338
1689,10rb dan 8rb,Neutral,1,Neutral,1,Neutral,0.03276035,0.8953747,0.07186494
1233,"Tentu saja, perlu ada petugas khusus yang bertanggung jawab memeriksa kelayakan makanan sebelum dibagikan ke siswa.",Neutral,1,Neutral,1,Neutral,0.04170759,0.8841344,0.074158035
1677,mbg di desaku 😁,Neutral,1,Neutral,1,Neutral,0.037197277,0.8837393,0.07906343
3943,bang masih aman kah 😅,Neutral,1,Neutral,1,Neutral,0.044723414,0.8720286,0.0832479
185,Ga jadi masalah buat dia. Kalo di exile lagi palingan pilih Prancis sama anaknya.,Neutral,1,Neutral,1,Neutral,0.03805889,0.87869376,0.08324735
4850,saya selaku pedagang beras juga susah masok juga alasannya yaa itulh biasa banyak oknum² yang pengen ambil untung lagi sedangkan harga beras sekarang mahal,Neutral,1,Neutral,0,Negative,0.7901079,0.16072458,0.049167488
1005,SUATU KEBIJAKAN YG SALAH ARAH MAKANYA TIDAK TEPAT SASARAN YAH DASAR MALING,Negative,0,Negative,0,Negative,0.9792764,0.0014038144,0.01931979
5365,"Harus diakui, pemerintah perlu menjelaskan secara komprehensif indikator keberhasilan dari pelaksanaan program MBG ini.",Neutral,1,Neutral,1,Neutral,0.052401252,0.8963225,0.05127618
633,"Karena program ini bukan untuk mengatasi masalah stunting, melainkan memberi jatah orang ""SINTING""",Neutral,1,Neutral,0,Negative,0.9756588,0.006071438,0.018269755
3641,pengen juga buat nasi digini tapi pasti sppi ku bilang gak bole gak boleh😭,Neutral,1,Neutral,1,Neutral,0.031668887,0.89325273,0.075078376
1009,Karna daerah mu tidak aman bisa² tiap kariyawan MBG di Plosok desa di bunuh KKB. belum lagi akses yang sangat sulit,Neutral,1,Neutral,0,Negative,0.9791653,0.0018398899,0.018994767
5441,@KANG DEDI MULYADI tolong di follow up ke presidenn pak. Semoga next kdm jadi presiden dan amanaaah seperti skrng,Neutral,1,Neutral,1,Neutral,0.023476692,0.90601003,0.07051328
4430,ini baru petani jujur,Positive,2,Positive,2,Positive,0.005941881,0.0012702823,0.9927878
1901,"kan kepala sppg nya beda... 😁... maka nya karena banyak yg gak bener udah lebih 800 dapur di tutup permanen, dan masih ada kemungkinan nambah lagi...",Neutral,1,Neutral,1,Neutral,0.04053529,0.88025486,0.07920983
4501,Deudeuh teuing gusti sabar mang 🥺🥺🥺,Neutral,1,Neutral,1,Neutral,0.0231184,0.8940593,0.082822315
4707,Semoga menu yang disajikan selalu bervariasi setiap hari dan tetap memenuhi standar gizi seimbang.,Neutral,1,Neutral,1,Neutral,0.043505307,0.8432824,0.11321231
5198,kata Wowo semua petani semua terbantu oleh adanya MBG,Positive,2,Positive,2,Positive,0.0067133005,0.00090935646,0.9923773
4503,yg jelas banayk permainan dilapangan,Neutral,1,Neutral,1,Neutral,0.045219127,0.8731066,0.08167428
5019,"Menanggapi hal tersebut, perlu ada petugas khusus yang bertanggung jawab memeriksa kelayakan makanan sebelum dibagikan ke siswa.",Neutral,1,Neutral,1,Neutral,0.054162636,0.9005713,0.045266125
3080,rajin ni chefff👍,Neutral,1,Neutral,2,Positive,0.0026879308,0.0020521854,0.99525994
3317,"Jujur saja, perlu dipastikan kapasitas produksi dapur umum mampu memenuhi kuota seluruh sekolah di target wilayah.",Neutral,1,Neutral,1,Neutral,0.040332083,0.8805438,0.07912419
3867,"chef di tempat aku mbg buat baduta, balita, bumil, busui, rebutan , jadi siapa cepat dia dapat 🤭",Neutral,1,Neutral,1,Neutral,0.03515941,0.9146719,0.05016865
3193,"Menanggapi hal tersebut, bagaimana tindak lanjut pemerintah jika ada sekolah yang belum terjangkau fasilitas pendukung distribusi makanan?",Neutral,1,Neutral,1,Neutral,0.026971605,0.90458924,0.06843921
3416,"modal mbg pakai uang pribadi kok gitu😅😂
salah bohong lo😅",Negative,0,Negative,0,Negative,0.9767616,0.0023954003,0.020843
3361,waah enak klu di mbg sarolangun punya chef kek gini disni klu gak ayam telor menuny🤣,Positive,2,Positive,2,Positive,0.0042506447,0.0006699734,0.9950794
1859,Itu aja masih salah lu ngetiknya 😂,Neutral,1,Neutral,1,Neutral,0.04343328,0.8760286,0.08053811
5163,fakta di lapangan harga lebih mahal di beli tengkulak 😂,Neutral,1,Neutral,1,Neutral,0.05190996,0.8593633,0.08872673
3824,"Salut chef, perjuangan anda akan menjadi inspirasi bagi yang lain",Positive,2,Positive,2,Positive,0.004053219,0.0013355376,0.99461126
361,Mbg harusnya mengutamakan yg seperti ini dulu,Neutral,1,Neutral,1,Neutral,0.021316774,0.93487465,0.043808572
5567,Mbg ladang korupsi,Negative,0,Negative,0,Negative,0.97618085,0.0014673107,0.022351883
727,"alamnya dirusak, manusianya dihiraukan dianggap seperti binatang, pemimpin keji",Negative,0,Negative,0,Negative,0.98042595,0.0017044706,0.017869474
4889,bener asli masukin ke mbg sulit,Neutral,1,Neutral,1,Neutral,0.051046733,0.8759309,0.07302231
3425,istighfar sumpah itu dadan dkk ketangkep karena barang kayak cctv aja dikorupsi woi gimana yg lain2 ih ga nyampe bgt logikanya,Negative,0,Negative,0,Negative,0.9769707,0.0016337641,0.021395637
1180,Jangan banyak omon itu dijayapura ada lagi yg keracnan baru menjabat sudah ada yg keracunan,Negative,0,Negative,0,Negative,0.9802729,0.001671869,0.01805525
450,Tolong lihat ini para orang terdekat Presiden. Inilah lokasi yang perlu dibangun SPPG kalau memang targetnya untuk memperbaiki stunting. Bukan cuci uang,Neutral,1,Neutral,1,Neutral,0.0340989,0.9131162,0.05278493
3936,apapun itu usaha dgn pemerintah gak ada yg bener ny😂😂😂,Neutral,1,Neutral,1,Neutral,0.028803905,0.92072475,0.050471354
4680,toko kue aja menolak pesanan dari MBG karna nawar harga nyekek.. mau lgsg dari petani?? jangan.. nanti kalian di cekek harganya 😭,Neutral,1,Neutral,1,Neutral,0.099711955,0.82348555,0.07680247
1510,Pak Prabowo sebenarnya niat baik ngasih makan kepada rakyat cuman banyak oknum,Positive,2,Positive,0,Negative,0.79554486,0.17092666,0.03352842
4700,"INTINYA CEK PAK, CEK LOKASI
nyatanya tiap hari ada banyak makanan yang terbuang sia sia.",Negative,0,Negative,0,Negative,0.9805972,0.0018073942,0.017595371
3701,chef untuk sekolah ditangerang mana chef,Neutral,1,Neutral,1,Neutral,0.040754598,0.8885275,0.070717864
2846,Menteri : peduli apa gweh 😁,Neutral,1,Neutral,1,Neutral,0.042757116,0.886082,0.0711609
3657,"Terkait kebijakan ini, perlu evaluasi berkala mengenai penerimaan rasa dan porsi makan siang yang diberikan kepada para siswa.",Neutral,1,Neutral,1,Neutral,0.04311192,0.87541837,0.08146966
4032,"jangankan kamu mas
aku mau daftar kerja aja harus ada kenalan di ono nya🤣",Neutral,1,Neutral,1,Neutral,0.03399698,0.889533,0.07647011
508,dipapua mata pilihnya sedikit jd tidak berpengaruh signifikan kalau pemilu,Neutral,1,Neutral,1,Neutral,0.049285445,0.8557293,0.094985254
4412,"Secara keseluruhan, sebaiknya menu makanan disesuaikan dengan kearifan lokal dan hasil bumi di masing-masing daerah.",Neutral,1,Neutral,1,Neutral,0.034476563,0.8949293,0.07059412
4676,rakyat dibkin smkin ketergantungan sm pemerintah jd yg mskin dikelola biar sllu mskin,Neutral,1,Neutral,1,Neutral,0.041675244,0.89341897,0.06490582
2985,Bisa di laporin,Neutral,1,Neutral,1,Neutral,0.042265445,0.87546295,0.08227162
2300,betul telor jadi 24 skrg,Neutral,1,Neutral,1,Neutral,0.03458951,0.8945573,0.07085326
1571,padahal bergizi pun juga belum tentu,Positive,2,Positive,1,Neutral,0.038585138,0.8245371,0.13687783
733,Klo kata kepala bgn yg baru begini kali ya ? Sebelum ada MBG mereka juga udh stunting jd gk ada hubungan,Negative,0,Negative,1,Neutral,0.06106204,0.8564005,0.08253752
3500,jangan pernah berbisnis dengan pemerintah... 🤣🤣🤣,Neutral,1,Neutral,1,Neutral,0.047982022,0.87974536,0.0722726
5047,"Tentu saja, perlu kajian lebih lanjut mengenai efisiensi operasional pengantaran makanan ke sekolah pelosok.",Neutral,1,Neutral,1,Neutral,0.04182841,0.8798914,0.078280166
2011,"gimana sich carax JD bazerr ... , ini juga usaha kan..",Negative,0,Negative,0,Negative,0.9762003,0.0030582722,0.020741452
2452,Nah ini real pak Menteri.,Neutral,1,Neutral,1,Neutral,0.035998568,0.88922065,0.0747808
3061,"Hari ini MBG anak saya nasinya pake kembang Teleng, warnanya jadi ungu... Alhasil gak ada yg makan nasi nya sama sekali😅.... aneh kali anak2 lihatnya",Neutral,1,Neutral,1,Neutral,0.03558199,0.8842047,0.080213346
1595,pengen buat kaya gini pasti bakal debat sama Ag kalo di tempat saya 😭😭😭,Neutral,1,Neutral,1,Neutral,0.059469465,0.8610468,0.079483725
3132,bener kali nie,Neutral,1,Neutral,1,Neutral,0.037646107,0.8821973,0.08015655
5455,susah bro..tp asal mau d tawar murah d hrga pasar baru bisa masug.. 🤣🤣,Neutral,1,Neutral,1,Neutral,0.023769513,0.9084649,0.067765534
3288,"Menurut saya, perlu dipertimbangkan variasi buah-buahan lokal yang mudah diperoleh dan kaya akan vitamin.",Neutral,1,Neutral,1,Neutral,0.04946213,0.8750866,0.07545121
2918,jaga ketikan mu vavi,Neutral,1,Neutral,1,Neutral,0.038432494,0.8952917,0.06627579
5503,yang bisa ngasih keuntungan baru bisa jd supplier masih ga paham aja,Neutral,1,Neutral,1,Neutral,0.023058573,0.88369495,0.09324649
5537,berarti berita yang beredar itu ga benar,Neutral,1,Neutral,1,Neutral,0.12311299,0.8106624,0.06622459
3387,Mending usaha sendiri aja cheff bikin catering anak,Neutral,1,Neutral,1,Neutral,0.033764713,0.8453855,0.120849766
554,"Dri awal sudah,di beritahu target stunting malah kemana2.gk sesuai tujuan",Neutral,1,Neutral,1,Neutral,0.068152644,0.8800978,0.051749483
4457,"Sudah diatas penghamburan dana, dibawah juga dijadikan tempat nepotisme 😅",Neutral,1,Neutral,0,Negative,0.98069775,0.001813399,0.017488899
4677,"banyak permainan didalamnya,,yg penting untung kebeli mobil Fortuner,Pajero,,anak buahnya kebeli PCX baru semuanya,,",Neutral,1,Neutral,0,Negative,0.9746275,0.0072949072,0.018077677
1976,emang rame tu komen? lagian ANIS TIDAK LAYAK JADI PRESIDEN mending Ganjar kalo gitu.,Negative,0,Negative,1,Neutral,0.102108225,0.82811356,0.069778256
4602,"Emang, harus melalui vendor dulu nah di vendor di mark up harganya dan dimiliki oknum baru deh disuplai, tujuannya biar cuan maksimal",Negative,0,Negative,0,Negative,0.98329264,0.0026476292,0.014059765
705,"hahahahaaha cukup satu periode, atau kalo bisa di makzulkan",Neutral,1,Neutral,1,Neutral,0.06110758,0.8787544,0.060137995
2493,pasti ada tapi ya dengerin aja🗿🗿,Neutral,1,Neutral,1,Neutral,0.037457336,0.892152,0.07039066
2075,"Menurut saya, apakah anggaran MBG sudah mencakup pengadaan tempat makan ramah lingkungan yang bisa dipakai berulang kali?",Neutral,1,Neutral,1,Neutral,0.037706137,0.8989466,0.06334734
1116,"si gemoi itu omong besar😢 berlindung pada ""program mulia memberi makan gratis"" yg sebenernya ngga gratis krn dari uang rakyat juga.. papua sumberdaya alam dikuras tp apa yg mereka dapat????😢😢😢😢",Neutral,1,Neutral,1,Neutral,0.2540603,0.70988387,0.03605591
4191,"Secara keseluruhan, khawatir program ini tidak berkelanjutan dan hanya menghamburkan uang negara tanpa dampak jangka panjang yang terukur.",Negative,0,Negative,0,Negative,0.98053384,0.0016524636,0.01781371
736,Seharusnya mbg untuk pedalamsn dan murid miskin,Neutral,1,Neutral,1,Neutral,0.045103043,0.8781459,0.07675111
1461,Ayo siapa lagiyang berani pakai uang rakyat siap2 masuk hotel prodeo dan di kasih gelang kembar Allah membiarkan dulu sampai kenyang makan uang rakyat tapi nanti karma akan membuktikan seperti tuyul MBG,Neutral,1,Neutral,1,Neutral,0.19309676,0.7479655,0.05893777
1602,Cheff kata ponakannu mbg ga enak bau kentut🤣,Positive,2,Positive,1,Neutral,0.05593863,0.71538407,0.22867724
1745,dengerin tuh isi hati petani yang sesungguhnya,Neutral,1,Neutral,1,Neutral,0.05225222,0.8799532,0.06779463
4706,"Dari sudut pandang masyarakat, jangan hanya mengandalkan seremoni dan pencitraan, evaluasi independen harus segera dilakukan secara menyeluruh.",Negative,0,Negative,0,Negative,0.98494774,0.0032506653,0.011801575
1628,"mau bikin kaya nasi kaya gini chef, tapi bikin nasi daun jeruk aja udah dibilang nasi buat kasih makan kambing 😂",Neutral,1,Neutral,1,Neutral,0.051560633,0.8660292,0.082410224
1114,"Ketika 58% rakyat memilih .. Ah sudahlah.. Sejak awal MBG memang bisnis mereka, bukan untuk rakyat Rakyat aja yg tolol, dpt uang dikit aja langsung mau jilat pantat pejabat. Giliran uang abis, baru teriak2.. Tapi bisa apa, uang sdh dipake juga.. 😂 58% rakyat pemilu telah gagal. Gagal, dan sekarang kalian cuma bisa bacot, ngeluh, caci maki di medsos. 😂😂😂",Negative,0,Negative,0,Negative,0.98159903,0.0017583179,0.01664268
1643,"enaknya lagi pegawainya di tanggung negara, ga repot biaya karyawannya 🗿😂",Neutral,1,Neutral,2,Positive,0.017091397,0.046540562,0.936368
1292,"Memberi makan kpd anak "" sekolah itu bagus tpi biar dk ada masalah terus anak"" sekolah di buatkan rekening ortu yg masak sesuai selera anak masing "" dan itu pun dana. nya harus sudah tertata seperti orang dagang uang keuntungan bukan menekan pajak rakyat,ini kebalik semprawut produk tambang itu hasilnya kemana rakyat yg di tekan pembangunan macet",Positive,2,Positive,2,Positive,0.0045101778,0.0008161221,0.9946737
3912,"Melihat fakta di lapangan, perlu diperhatikan ketahanan makanan selama proses pengiriman agar tidak cepat basi saat cuaca panas.",Neutral,1,Neutral,1,Neutral,0.031142253,0.90898675,0.05987104
3104,oke gas oke gasssss🤣🤣🤣🤣🤣🤣,Neutral,1,Neutral,1,Neutral,0.03655311,0.7929749,0.17047195
1633,lu ke maluku aja jadi petugas mbg di sisni bang plisssssssss siga kalo lewat maluku sbb,Neutral,1,Neutral,1,Neutral,0.032344613,0.8920624,0.075592935
1317,Makan Bersama Garong2 🤣,Neutral,1,Neutral,1,Neutral,0.12152773,0.8016065,0.076865755
409,Pak Presidennnnnn ... Bangun SPPG di Papua lebih banyak lagi. Tolonglah Pakk...!!,Neutral,1,Neutral,1,Neutral,0.12987201,0.7096624,0.16046561
5007,Memang benar bahwa perlu dipastikan kapasitas produksi dapur umum mampu memenuhi kuota seluruh sekolah di target wilayah.,Neutral,1,Neutral,1,Neutral,0.03437489,0.8973702,0.06825489
282,"MBG untuk saudara kami Papua, mungkin kami tak akan semarah ini kepada pemerintah. Ini anak sekolah elit, anak kampus yang dikota"" yang ditargetkan dikasih MBG. Makan mereka aja layak diberikan orang tuanya. Atau anggaran MBG tolong dong dialihkan untuk sekolah, pasilitas kesehatan, air bersih dan jalan untuk daerah pelosok negeri ini tercinta. Maka kami akan memberikan dukungan kepada pemerintah.",Positive,2,Positive,2,Positive,0.011616102,0.0031189031,0.98526496
2004,punya dapur ya??biasanya CV penyuplai bahan baku punya pemilik dapur jga😂😂udh rahasia umum,Neutral,1,Neutral,1,Neutral,0.05631713,0.85805154,0.085631244
2129,"ka ya ampun, emg dapur nya aja yg agak lain tu😂",Neutral,1,Neutral,1,Neutral,0.041497808,0.8815316,0.07697054
3745,"Setuju banget inih 😂 saya aja penjual sembako kadang kalo dapur mbg kekurangan tepung terigu beli nya ke warung saya, beli nya 20kg tapi suruh di nota nya 30kg terus harga perKg nya 8000 tapi suruh ditulis harganya 10.000 ( dlm hati saya bicara, ini karyawannya aja melakukan korupsi kecil gimana dengan atasan2nya ) 🤦🏻‍♂️😄",Positive,2,Positive,0,Negative,0.97604054,0.0016137161,0.02234577
5308,"betul klw sudah suplai harga di tentukan sama MBG, ke untungan penyuplai di minta 20% oleh MBG... tai lebih keras lagi Bang... 😂",Negative,0,Negative,0,Negative,0.9812687,0.0015125734,0.01721873
982,"Tetap MBG lebih menggoda di pulau jawa, alasannya tetap demi cuan yabg gede",Negative,0,Negative,2,Positive,0.07646071,0.054455254,0.86908406
4045,"Jujur saja, pihak dinas terkait harus rutin melakukan uji sampel makanan secara acak di berbagai sekolah.",Neutral,1,Neutral,1,Neutral,0.033820353,0.8691146,0.097065024
844,"saya suka 100% dengan adanya program MBG. saya ga setujunya disini, bukannya di jawa harusnya diterakhir saja juga pasti ga pada ribut. ehhh malah di jawa didahulukan.",Negative,0,Negative,2,Positive,0.006816869,0.0008354333,0.9923477
1022,Tanyakan pada presiden PRABOWO karena daerah terluar itu pendukung prabowo sedikit jadi mereka yg disana tidak dapat kue MBG dari presiden. Karena program MBG dirancang untuk pendukung dan tim sukses presiden pada pemilu yg lewat.,Positive,2,Positive,1,Neutral,0.059899103,0.85519713,0.08490377
605,Papua hanya tempat untuk dikeruk tapi ta pernah benar2 diperhatikan kepentingannya. Menghasilkan banyak tapi ditekan....karena apa????...... Berbahagialah mrk anak2 Tuhan di Papua......,Negative,0,Negative,0,Negative,0.97780365,0.005503094,0.016693221
4124,"Dari sudut pandang masyarakat, pengawasan terhadap vendor katering harus diperketat agar spesifikasi menu sesuai dengan perjanjian awal.",Neutral,1,Neutral,1,Neutral,0.028979402,0.902435,0.068585604
504,Mbg hanya untuk sekolah tidak buat orang telantar.,Neutral,1,Neutral,1,Neutral,0.08278604,0.85483754,0.062376376
4293,@KANG DEDI MULYADI @gerindra @Gibran Rakabuming,Neutral,1,Neutral,1,Neutral,0.029777227,0.9008914,0.069331355
4037,"disini jd paham ..
bahwa semua intinya proyek proyek dan dipoles jd mrmbantu rkayat kecil ? 😂",Neutral,1,Neutral,1,Neutral,0.050122928,0.89617693,0.053700145
1258,"Stop tempat2 maling gizi..,..",Negative,0,Negative,0,Negative,0.9786648,0.0016654896,0.019669628
2693,"Betul, yang mengelola bukan hanya presiden. Tapi justru karena itu ada tanggung jawab untuk memilih orang yang kompeten dan membangun pengawasan yang efektif. Kalau ada satu-dua oknum mungkin bisa dimaklumi, tapi kalau masalahnya berulang dan sistematis, wajar publik mempertanyakan bukan hanya pelaksananya, tetapi juga kualitas pengawasan dan kepemimpinannya.",Positive,2,Positive,1,Neutral,0.03266554,0.8783607,0.08897369
4674,"Terkait kebijakan ini, diharapkan ada saluran pengaduan resmi jika pihak sekolah menemukan kendala terkait kualitas makanan MBG.",Neutral,1,Neutral,1,Neutral,0.040293276,0.89775157,0.061955106
5420,"Secara keseluruhan, perlu kajian lebih lanjut mengenai efisiensi operasional pengantaran makanan ke sekolah pelosok.",Neutral,1,Neutral,1,Neutral,0.05465265,0.90133786,0.044009507
1899,"bayangin lu jualan dan setiap hari pasti laku 10rb pcs, itu MBG",Neutral,1,Neutral,1,Neutral,0.067051366,0.8544056,0.07854307
4377,emg muter lu pikir itu buah sayur dari mana Datengnya kocak. yang di sampaikan di video adalah bahwa dia sulit untuk menjual langsung ke dapur harus melalui supplier.,Neutral,1,Neutral,1,Neutral,0.044133116,0.88832366,0.06754325
384,Daerah paling kaya akan SDA malah kaya gini..miris banget ya Tuhan,Negative,0,Negative,0,Negative,0.97991806,0.0027631735,0.017318847
3102,"klo bisa mah ga usah 1 periode, klo bisa sampe saat ini aja, belum 2 taun aja negara udah kacau balau mau bangkrut",Negative,0,Negative,0,Negative,0.9830188,0.0023050462,0.014676174
725,"Dari awal Tiyo Ardiyanto bilang bahwa MBG itu hanya untuk Maling Berkedok Gizi, terbukti memang potensial di korupsi dan mereka menghindari film dokumentasi seperti, kasihan saudara saudara kita padahal mereka berbahasa dan berbendera yang sama dengan kita di pulau Jawa ini",Negative,0,Negative,0,Negative,0.9766307,0.0013481339,0.022021096
4640,Bagaimana pengawasan terhadap mutu bahan pangan mentah sebelum diolah oleh pihak penyedia jasa katering?,Neutral,1,Neutral,1,Neutral,0.036933817,0.885503,0.07756315
4476,"Secara keseluruhan, menu makan siangnya terlihat lengkap bergizi dan sangat disukai oleh anak-anak di sekolah.",Positive,2,Positive,2,Positive,0.005907207,0.0009972453,0.9930956
4388,"ditempat anakku tahu tempe cuma digoreng tok, anyeb apalagi tempe nya udah lain rasanya",Neutral,1,Neutral,1,Neutral,0.048396,0.87792164,0.07368245
784,"Astaghfirullah, bukannya fokus urus hal kyk gini.. tapi pemerintah malah bikin Universitas, mbg, kopdrs😭 dzolim bgt deh bener. Dosa banget…",Negative,0,Negative,0,Negative,0.97966236,0.0018248621,0.018512748
61,2045 bangkrut indonesia boss😂😂 jgn suka ngarang deh,Negative,0,Negative,0,Negative,0.71992815,0.11660014,0.16347165
2035,nawar Tempe aj yg 1harga y 2500 dapur mbg minta y 1 an y 1500 mau y untung sendiri aj mbg sih,Neutral,1,Neutral,1,Neutral,0.02911411,0.91474915,0.05613672
2377,malah di bongkar ya sama si cahyani😭,Neutral,1,Neutral,1,Neutral,0.06356303,0.8569778,0.07945907
3639,daerah ku posyandu nya ga ada embeg 😭,Neutral,1,Neutral,1,Neutral,0.03477628,0.896677,0.06854662
4675,"yuk semua pedagang kerja sama, klo ada up harga dari pihak mbg viralin aja!",Neutral,1,Neutral,2,Positive,0.024838036,0.31596422,0.65919775
4415,suplier itu tengkulak,Neutral,1,Neutral,1,Neutral,0.05078164,0.87265146,0.07656694
2535,"ingat yah, 1 video yg isinya 1 orang gak bisa mewakili petani lainnya, kenapa karena itu gak pemerataan",Neutral,1,Neutral,1,Neutral,0.15763015,0.78206825,0.060301628
345,"Inilah tdk ada pemerataan . Tolong pak Presiden adil lah spya saudara"" kamu disini Papua pegunungan sesegera mngkin di prioritaskan . Tolong pak Presiden dan pimpinan BGN yg baru bergerak buat Papua pegunungan . Utamanya di Membrami ini .😮❤",Neutral,1,Neutral,1,Neutral,0.075928666,0.8663951,0.05767629
4865,bera aja 20 rebu😁,Neutral,1,Neutral,1,Neutral,0.047284115,0.86885047,0.08386541
5112,yg sabar mang .tetap semangat,Positive,2,Positive,2,Positive,0.005091659,0.0017155195,0.99319285
88,"Mau nanya kepala SPPG ini di pilihnya cuma berdasarkan pendidikan trs lolos tes kah? Rata² kepala SPPG kok banyak yg ngangong plonga plongo gitu? gada yg ngerti standar hygine dapur dll, mengandalkan pelatihan doang tanpa ada pengalaman. Coba ambil orng yg udh berpengalaman di bidang FnB sebagai SPV/Manager mungkin lbh paham mereka 😂",Negative,0,Negative,1,Neutral,0.043791726,0.87545234,0.08075588
251,"Ya gamasalah, kan bawa seperangkatnya... Hadeh ga ngrasa donk...",Neutral,1,Neutral,1,Neutral,0.04085588,0.91732854,0.041815534
3586,Semoga ada mekanisme pemilahan sampah organik dan kemasan sisa makanan yang terkelola dengan baik di sekolah.,Neutral,1,Neutral,1,Neutral,0.026526945,0.9209521,0.052521005
1657,"Dapur MBG dibandung aja pada belanja dionline di shopee, aku sering nganter semacam sayu dll nya",Neutral,1,Neutral,1,Neutral,0.0470937,0.86820996,0.084696345
1699,"saya petani sayur timun, cesim, cabai, singkong. saya pernah menawarkan ke tempat mbg tp mereka menawar jauh diharga pasar,",Neutral,1,Neutral,1,Neutral,0.031135088,0.9040906,0.06477434
3270,"Secara keseluruhan, bagus banget, menu empat sehat lima sempurna tersaji rapi dan higienis untuk para siswa.",Positive,2,Positive,2,Positive,0.0051101195,0.00069586886,0.994194
3761,"gak bisa bg knyataan gak boleh dibungkam, like trussss guysss",Neutral,1,Neutral,1,Neutral,0.036575347,0.8865321,0.07689255
264,gue yang di pulau jawa rela pemerintah fokus APBN di papua dulu!,Neutral,1,Neutral,1,Neutral,0.03205467,0.8959159,0.072029434
1658,bukannya bantu tapi malah ngerugiin para petani😭,Neutral,1,Neutral,1,Neutral,0.09302727,0.78475,0.12222273
4207,"Dulu pernah punya maindset ternak lele itu suplay nya gampang karna banyk tukang pecel,tapi setelah tau mekanis di lapangan tukang pecel juga butuh suply yg pasti dan stok serta pengiriman yg konsisten,jadi yg saya liat yg pasok stok ya bukan peternak langsung melainkan dari pengepul,klo cuma peternak langsung apalagi stok sedikit tukang pecel ga mau,dia butuh yg konsisten",Neutral,1,Neutral,1,Neutral,0.032037336,0.74929464,0.21866803
2210,"😂😂😂 pantes negara hancur korupsi merajalela,",Negative,0,Negative,0,Negative,0.9799488,0.0016000282,0.018451143
405,"Astagfirulloh koh gitu yah hrsnya di perioritas kan warga di Papua yah jngn makanan bnyk dibuang buat anak2 sekolah yg mampu atau elit mf,,pada ke mana pejabat atau wakil rakyat yahhhhhh ❤ mf tks",Neutral,1,Neutral,1,Neutral,0.026478969,0.925525,0.047996044
2275,"mungkin kamu emng gak pernah merasakan enggk makan seharian, atau mungkin jg kamu pernah makan makanan yg enak, ayam buah ikan telur setiap hari
tapi kamu bisa cek bahwa tidak semua anak2 seberuntung itu, banyak yg belum bisa merasakn makanann itu, dan utk makan sehari2 jga hrus bertarung dulu",Positive,2,Positive,2,Positive,0.008460045,0.0022373798,0.9893026
45,"Dukungan masyarakat terhadap program BGN tetap perlu diiringi pengawasan yang objektif. Dengan begitu, program bisa terus diperbaiki dan memberikan hasil yang lebih optimal.",Neutral,1,Neutral,1,Neutral,0.06820583,0.5806367,0.3511575
5473,@gerindra @Gibran Rakabuming,Neutral,1,Neutral,1,Neutral,0.05228771,0.87994736,0.067764916
1665,belum lagi nanti mereka minta d nota harga beda misal beli selada 1 kg 35 RB di nota harus tulis 45 rb,Neutral,1,Neutral,1,Neutral,0.029532924,0.8949651,0.07550202
531,Dah ah capek.,Neutral,1,Neutral,1,Neutral,0.10421276,0.7435244,0.15226278
1201,Doa kami untuk kalian,Neutral,1,Neutral,2,Positive,0.024739731,0.1387528,0.83650744
4800,"Secara keseluruhan, apakah ada panduan khusus bagi siswa yang membawa bekal sendiri dari rumah saat MBG dibagikan?",Neutral,1,Neutral,1,Neutral,0.040783934,0.8842214,0.074994735
3178,"disini kalau ada menu tahu, tahunya kayak di kukus doang trs disiram bumbu kecap atau kadang bumbu kacang😭😭😭😭 tuh tahu bnr bnr hambarrrrr",Neutral,1,Neutral,1,Neutral,0.37753484,0.52479124,0.09767389
1321,"Gembong penculik sombong tak layak jdi presiden, ayo lengserkan dan penjarakan bersama wakil dn semua begundalnya di parlemen ✊✊✊",Negative,0,Negative,0,Negative,0.98314637,0.0017251094,0.015128515
1291,Lanjutkan perjuangkan DANA PENDIDIKKAN,Positive,2,Positive,2,Positive,0.0036755214,0.0021874425,0.99413705
3682,percuma mereka sama aja dari presiden pejabat udh kerja sama buat balikin modal kampanye mereka 👍,Negative,0,Negative,0,Negative,0.978839,0.0013888567,0.019772202
5017,"Menanggapi hal tersebut, harap disosialisasikan secara rinci kepada wali murid mengenai rincian menu dan kandungan nutrisi harian.",Neutral,1,Neutral,1,Neutral,0.04297054,0.8713729,0.08565656
821,"Buat jawab pertanyaan yg ada dijudul, karna mereka bukan kantong suara besar buat presiden konoha skrng makanya ga diperhatiin CHUAKZZZ",Neutral,1,Neutral,1,Neutral,0.03779877,0.9052394,0.056961853
5111,@Prabowo @PRABOWO SUBIANTO @Teddy Indra Wijaya HQ @Sekretariat Kabinet RI @KANG DEDI MULYADI @purbayayudhis,Neutral,1,Neutral,1,Neutral,0.03330202,0.89846236,0.06823553
3899,Sebaiknya menu makanan disesuaikan dengan kearifan lokal dan hasil bumi di masing-masing daerah.,Neutral,1,Neutral,1,Neutral,0.033241216,0.89510965,0.0716491
1871,"mbg itu program pemerintah, pengawasannya rendah, kalo berhasil klaim keberhasilan pemerintah. giliran gagal salahkan eksekutor dibawah.
gini aja Lo ga paham",Negative,0,Negative,1,Neutral,0.027099954,0.881357,0.091543
4039,makanya jangan salah pilih pemimpin karena menentukan nasib bangsa Indonesia kedepannya.,Negative,0,Negative,0,Negative,0.5270282,0.36276138,0.110210456
3794,tuh dengerin pejabat,Neutral,1,Neutral,1,Neutral,0.025792992,0.91442394,0.059783075
1701,"ini video aslinya? source nya darimana, ga nemu di tt karyamudamandiri",Neutral,1,Neutral,1,Neutral,0.037206113,0.8665058,0.09628811
3355,kok bisa kreatif,Positive,2,Positive,2,Positive,0.0039385566,0.0014084486,0.994653
25,Semangat #Kitapastibisa 🔥,Positive,2,Positive,2,Positive,0.0042581363,0.0013967238,0.9943452
249,Cobalah Presiden dan bawahannya menetap 1 bulan aja di daerah-daerah 3T. Biar tahu dan merasakan apa yang rakyat rasakan.,Neutral,1,Neutral,1,Neutral,0.0432163,0.8997894,0.05699437
287,"Jujur saja, semoga proses pengadaan barang dan jasa untuk program MBG ini bisa dipantau secara terbuka oleh publik.",Neutral,1,Neutral,1,Neutral,0.020835083,0.85428476,0.12488015
5453,@gibran_rakabuming semoga di dengar sampai atas,Neutral,1,Neutral,1,Neutral,0.029518107,0.91283166,0.057650235
1647,titik terendah bangsa Indonesia adalah di pimpin oleh prabowo,Neutral,1,Neutral,1,Neutral,0.09383657,0.8306175,0.075545974
209,Admin sedang bekerja 🔥🔥,Neutral,1,Neutral,1,Neutral,0.038574666,0.8885505,0.07287484
947,Stop mbg di jawa Alihkan ke papua saya ikhlas,Negative,0,Negative,0,Negative,0.9412465,0.02981435,0.028939214
5125,@KANG DEDI MULYADI @Badan Komunikasi Pemerintah RI @Teddy Indra Wijaya HQ @Agung Surahman @gerindra @Purbaya Yudhi Sadewa @Pecelele,Neutral,1,Neutral,1,Neutral,0.028813884,0.9060969,0.06508916
512,Coba telusuri kemana saja uang negara dari bagi hasil dengan PT Freeport,Neutral,1,Neutral,1,Neutral,0.06759258,0.85319966,0.07920776
1127,Bukti kita sedang dijajah,Negative,0,Negative,0,Negative,0.9721744,0.009053451,0.01877213
2429,"info dari pameran allfood(suplier alat2 masak industri), di kota besar udh saturated banget.. coba ke kota kecil/kabupaten",Neutral,1,Neutral,1,Neutral,0.042635538,0.8760943,0.08127018
1139,"1. Akses susah & mahal, bahkan bahan2 makanan saja mahal di Papua, 2. MBG adalah ""proyek"", bkn program mensejahterakan bangsa, 3. Tdk ""menguntungkan"" bagi pemerintah & pihak2 yg terlibat. Pemerintah anti-kritik kaya skrg tdk peduli dgn apa yg benar2 dirasakan oleh rakyat, apalagi thdp daerah2 3T. Kasihan saudara2 kita di Papua, dr dulu plg dicuekin. Udahlah emasnya dikeruk Freeport berpuluh2 thn, skrg malah mau dijadiin lahan nyawit 😢",Negative,0,Negative,0,Negative,0.97539717,0.001749835,0.022852974
5457,"Inilah bukti bahwa ga semua orang jago masukin proyek skala kecil maupun besar. Ga semua orang bisa masukin produknya sendiri. Itu makanya petani perlu namanya pengepul dan pengepul perlu supplier. Petani juga sering kok up harga beli diatas harga pengepul, macam apa saja. Makanya ga heran ada petani jualan ga laku ya karena harga lebih murah ke pengepul kan aneh.",Neutral,1,Neutral,1,Neutral,0.18156958,0.77521384,0.043216597
5052,"sama kang abdi ge BG salada bokor hayang asup k mbg ,hese,da te boga dulur di dapur mbg na.",Neutral,1,Neutral,1,Neutral,0.048765805,0.84012645,0.111107744
2193,gw cm mau sharing aja kok kalo dr bangunan nya juga berpeluang untuk menimbulkan k*rup,Neutral,1,Neutral,1,Neutral,0.04503886,0.88115335,0.07380779
5099,bener banget @gerindra susah masuki barang ke dapur mbg,Neutral,1,Neutral,1,Neutral,0.031564508,0.8825117,0.08592378
2557,"pinteran mereka nawar murah ke pedagang, tp nanti dicatatan mereka harganya lebih mhl",Neutral,1,Neutral,1,Neutral,0.048189133,0.86672306,0.085087776
1879,bagus deh kalo gitu,Positive,2,Positive,2,Positive,0.0071665263,0.0009038183,0.99192965
533,Gimana gak mau dibilang program proyek! Yang begini aja hokage kita masi lalai,Neutral,1,Neutral,0,Negative,0.9811338,0.001990242,0.01687602
3849,tapi bisa bedain kan mana cepek mana goceng ?,Neutral,1,Neutral,1,Neutral,0.041164678,0.88975704,0.0690782
3766,😁😁😁😁 ktany petani yg suplai bg,Neutral,1,Neutral,1,Neutral,0.044079106,0.84835005,0.10757082
2422,coba aja pemikiran korup. di ilangin kalo emang tujuannya mencerdaskan anak bangsa.,Negative,0,Negative,0,Negative,0.9809003,0.001425477,0.01767418
5380,"susahnya jujur sih😂😂😂coba kalo mau kongkalikong,pasti lancarrrr itu pak😅",Positive,2,Positive,2,Positive,0.0040974612,0.0010791955,0.99482334
4389,kalau menu mbgnya kayak ginj mamak senang.,Positive,2,Positive,2,Positive,0.0045331414,0.0009919878,0.9944748
729,"sori yeh, tapi embege memang dirancang cuma buat daerah yang ""basah"" dengan pundi2 rupiah, mohon pengertiannya yah para rakyat jelata....!!!!!",Neutral,1,Neutral,1,Neutral,0.12703754,0.8241454,0.048817165
1987,Aneh sumpah aneh,Neutral,1,Neutral,1,Neutral,0.032042027,0.8951819,0.07277605
1457,Gampang banget korupsi perihal konsumsi 👌🏻 Engga kaget bisa 1M sehari. 1 minggu pertama sampai 1 bulan pertama sejak MBG berlangsung bisa lihat dari porsi yang dibagikan. Dan dari sidak dadakan 2x. Terlalu kenyang sih ini 🤭,Negative,0,Negative,0,Negative,0.9862453,0.002373148,0.01138151
3469,mana yang katanya mensejahterakan petani,Neutral,1,Neutral,1,Neutral,0.020879542,0.88756806,0.091552444
3531,"Jujur saja, harap disosialisasikan secara rinci kepada wali murid mengenai rincian menu dan kandungan nutrisi harian.",Neutral,1,Neutral,1,Neutral,0.02217803,0.89346147,0.084360495
3887,kmrn katanya bnyk yg bilang petani makmur krna MBG,Neutral,1,Neutral,1,Neutral,0.031068774,0.87871563,0.09021556
1755,Kan kita jadi ovt ya kak.. Kabar nya sakit jantung kak😄,Neutral,1,Neutral,1,Neutral,0.03700362,0.8573429,0.10565351
4185,"Terkait kebijakan ini, sebaiknya ada formulir evaluasi harian yang diisi guru terkait porsi dan kualitas menu yang diterima.",Neutral,1,Neutral,1,Neutral,0.030471588,0.8878684,0.08166007
5323,harga per ompreng ada 15 rb gak ya? apalagi buat anak balita kayanya gak akan nyampe.,Neutral,1,Neutral,1,Neutral,0.036009144,0.8797559,0.08423496
83,"INI LEMBAGA KENAPA ISINYA KRITIK, HINAAN DAN CACIAN DOANG YA. 😂🤣",Neutral,1,Neutral,0,Negative,0.72035897,0.23821622,0.041424863
2122,"di tawar murah Tahu gw sama dapur mbg
masa per1 minta 350perak, saya aja jual ke warung 400perak",Neutral,1,Neutral,1,Neutral,0.045459643,0.87033343,0.08420691
3919,"elu ngereply apa bang? gua jelas nyambung, elu yg enggak",Neutral,1,Neutral,1,Neutral,0.028224764,0.8627378,0.10903751
3768,kaya yh gak tau aturan konoha.....semuanya dibikin ribet....ada cuan bisa jalan,Negative,0,Negative,0,Negative,0.52809507,0.41536194,0.056542974
5028,@Purbaya Yudhi Sadewa @Sekretariat Kabinet RI @gerindra @Sekretariat Presiden @KPK_RI,Neutral,1,Neutral,1,Neutral,0.043073714,0.8842852,0.07264105
624,yang UTAMA adalah proyek untuk team sukses. Politik Dinasti,Positive,2,Positive,1,Neutral,0.3976111,0.46455622,0.13783263
2396,ytta aja(yang tau tau aja aja)😹,Neutral,1,Neutral,1,Neutral,0.03566188,0.89061224,0.07372592
1654,"saya membeli buah dari petani, dan hasilnya semua untuk mbg bang., g ada lewat' koperasi""an.
modal secukupnya sesuai kemampuan. gak banyak, tapi Alhamdulillah bisa membuat Roda ekonomi saudara"" petani bergerak.
lokasi Sulawesi Selatan.",Positive,2,Positive,2,Positive,0.004944156,0.005575992,0.98947984
2025,"Dari sudut pandang masyarakat, pengawasan terhadap vendor katering harus diperketat agar spesifikasi menu sesuai dengan perjanjian awal.",Neutral,1,Neutral,1,Neutral,0.03593378,0.8921445,0.0719218
4965,@gerindra @Gibran Rakabuming @PRABOWO SUBIANTO,Neutral,1,Neutral,1,Neutral,0.03783742,0.8843901,0.07777249
4232,@Purbaya Yudhi Sadewa,Neutral,1,Neutral,1,Neutral,0.038779132,0.8861411,0.075079694
3679,KLO semua petani langsung ke mbg. lah terus pasar dll gmna nasibnya 🤣😂 lieur ngomong teh 🤭,Neutral,1,Neutral,1,Neutral,0.036341716,0.87584,0.087818354
5102,ttg sy jualan ayam di pasar.. skrg dibatasi kulakan krn sdh di borong mbg.. kasian berkurang pndptnny,Neutral,1,Neutral,1,Neutral,0.15828359,0.7755848,0.06613165
949,MBG ituu hanya untuk kepentingan politik sekelompok saja. Coba cek disetiap kabupaten/kota_apa program MBG sudah terrealisasi.. Apa lagi di Daerah 3T..,Neutral,1,Neutral,1,Neutral,0.15097286,0.8000103,0.049016785
3328,niku di rungokne pak mentri,Neutral,1,Neutral,1,Neutral,0.039645318,0.8751545,0.08520011
2671,"ya kalo yg belinya elu mah Iyah bang kaga pake pajak, kalo beli pake duit pemerintah mah apalagi puluhan juta udah pasti pake pajak bang. mangkanya itu mereka ngga bs lgsg suplay ke dapur mbg",Neutral,1,Neutral,1,Neutral,0.051223718,0.8764507,0.07232551
426,"Lu coba deh cek china dan negara negara maju, mbg bagus kocakk, dasar orang orangan ga sekolah",Positive,2,Positive,2,Positive,0.0113286385,0.001031531,0.98763984
1851,"Jujur saja, perlu diperhatikan ketahanan makanan selama proses pengiriman agar tidak cepat basi saat cuaca panas.",Neutral,1,Neutral,1,Neutral,0.033009443,0.8879967,0.078993924
734,"Waaah... Bagus LAH nggak Ada MBG. Daripada udah stunting, masih harus diare gara gara MBG",Positive,2,Positive,2,Positive,0.0068335407,0.00077622745,0.9923902
5119,na ini pakta Mana katanya katanya?,Neutral,1,Neutral,1,Neutral,0.046586256,0.8668064,0.08660743
5510,teryata rencana mereka berhasil,Neutral,1,Neutral,2,Positive,0.03396586,0.39173797,0.5742961
3300,Waahhhhh ini realll dilapangan 😂😂😂😂😂😂😂 menyalaaaaaaa 🔥🔥🔥🔥🔥🔥🔥🔥🔥🔥 awasss bang luuu udah ditandaiiiii terancammmmm wkwkwkwk,Neutral,1,Neutral,1,Neutral,0.029916434,0.8952743,0.07480929
644,"8:33 Bpk ini aja paham masa yg ono engga si, atau emang tujuan sebernarnya bukan membratas stunting.",Neutral,1,Neutral,1,Neutral,0.033251666,0.8838039,0.08294441
955,"Karena pada dasarnya, MBG adalah Program BISNIS dan Jalan untuk ber KORUPSI",Negative,0,Negative,0,Negative,0.97643185,0.0017224298,0.021845689
2297,"biasa kak,lagian kita setor bulan ini, cair bulan depan",Neutral,1,Neutral,1,Neutral,0.07580071,0.8359381,0.08826124
2586,"Harus diakui, sistem distribusi di beberapa daerah masih semrawut dan makanan sering datang terlambat saat jam istirahat sudah usai.",Negative,0,Negative,0,Negative,0.97802585,0.0018823332,0.020091824
217,Karna Papua bukan lumbung suara utk pilpres😢,Neutral,1,Neutral,1,Neutral,0.08270364,0.850628,0.06666825
319,"Rela bangett mbg di fokuskan ke daerah seperti saudara kita iniii, tolong buat program yang lebih bijak lagi wahai pemerintah",Neutral,1,Neutral,1,Neutral,0.021117648,0.90873647,0.07014595
2116,gpp bro ungkap kan aja karna itu memang realita nya. aku support kamu 👍👍👍.,Positive,2,Positive,2,Positive,0.003759593,0.00092051027,0.9953199
1198,Akhirnya ada juga berita yg nge up,Neutral,1,Neutral,1,Neutral,0.027925663,0.8736325,0.098441795
3832,MBG adalah My MBG Gweh,Neutral,1,Neutral,1,Neutral,0.031977773,0.8852431,0.08277911
1598,InsyaAllah kami komitmen,Neutral,1,Neutral,2,Positive,0.010904233,0.07182156,0.9172742
2718,bagus chef kalo dapur tempat lu kayak gitu MH tapi ini bicara mbg sekalanya semua dapur bukan cuman beberapa biji doang 😁,Positive,2,Positive,2,Positive,0.0051508853,0.000745822,0.99410325
416,"tanyakan pemimpin daerahnya , setiap daerah ada pemimpin yg brtanggung jawab",Neutral,1,Neutral,1,Neutral,0.036288206,0.89470696,0.069004714
4733,wooo mbg woooo,Neutral,1,Neutral,1,Neutral,0.09310107,0.85642856,0.050470382
479,bahkan yg stunting dikit sppgnya paling banyak. dan makanan pun banyak yg yg tersisa akhirnya mubazir. kebanyakan cari untungnya tanpa mementingkan rakyat mana yg paling membutuhkan.,Negative,0,Negative,0,Negative,0.9830163,0.001660102,0.015323564
5255,Bner bgt bang,Neutral,1,Neutral,1,Neutral,0.03843453,0.88903856,0.07252683
4004,tuh yg ngebangga2in mbg gk semudah itu kan mau suply mbg petani byasa mah gak punya power kec yg pnya org dalam,Positive,2,Positive,0,Negative,0.9717774,0.0046385643,0.023584083
2951,Memang benar bahwa harus ada tim ahli gizi yang rutin mengecek kualitas dan kandungan kalori makanan di setiap unit dapur.,Neutral,1,Neutral,1,Neutral,0.033797827,0.8978973,0.06830495
4220,@KANG DEDI MULYADI @gerindra,Neutral,1,Neutral,1,Neutral,0.02868912,0.91829526,0.053015653
3945,"sudah saya like, tinggal siapa yang mau ss,. saran saya jangan keluar rumah sampai 2029 sih. 😂",Neutral,1,Neutral,1,Neutral,0.03832424,0.8820791,0.07959662
4435,jual ke koperasi yg dikelola polisi pak.pasti diterima,Neutral,1,Neutral,1,Neutral,0.036969766,0.9039205,0.05910967
1890,Jgn lupa ada uang sewa 6 juta perhari buat tambahanya,Neutral,1,Neutral,1,Neutral,0.027054979,0.8948641,0.07808093
4287,"maka.y bohong klo MBG memperkaya UMKM,,,, pdhl bukan UMKM tp mereka2 yg punya modal,,,",Negative,0,Negative,0,Negative,0.97267836,0.0037867934,0.023534799
3358,enak di sini gk pernah yg kaya gtu.,Positive,2,Positive,2,Positive,0.0068783825,0.0013939281,0.9917277
5101,kata pemuja mereka petani pada makmur .. sebenarnya mereka dapa infomasi dari mana sich ??,Neutral,1,Neutral,1,Neutral,0.155507,0.802104,0.042388987
4261,"gimana caranya ya, biar suara para petani ini di dengar oleh Presiden? bisa tag langsung presiden gasih disini?",Neutral,1,Neutral,1,Neutral,0.03903013,0.8933643,0.0676056
4746,Perlu diperhatikan ketahanan makanan selama proses pengiriman agar tidak cepat basi saat cuaca panas.,Neutral,1,Neutral,1,Neutral,0.0414857,0.8856609,0.072853416
3991,kalo ga ada kenalan mitra mana bisa jadi suplaier mbg 🗿,Neutral,1,Neutral,1,Neutral,0.06768577,0.88433594,0.047978316
3038,"disini temen gw lulusan akuntan, keluarganya bikin dapur mbg, trus temen gw training 3 bulan jadi Head chef mimpin ibu ibu",Neutral,1,Neutral,1,Neutral,0.037887413,0.87010634,0.09200628
4709,Memang benar bahwa perlu kajian lebih lanjut mengenai efisiensi operasional pengantaran makanan ke sekolah pelosok.,Neutral,1,Neutral,1,Neutral,0.042521726,0.8849983,0.07247997
4073,monggo di benahi pak mentri,Neutral,1,Neutral,1,Neutral,0.037873257,0.89560354,0.06652317
891,knp lu mesti boong wok😮,Neutral,1,Neutral,0,Negative,0.86806774,0.080935836,0.05099638
5001,Bapak @Purbaya Yudhi Sadewa,Neutral,1,Neutral,1,Neutral,0.028208101,0.8995257,0.072266206
4237,"jangan mau lah nanti dosa nya situ yang nanggung sudah rakyat miskin terus nanggung dosa juga, karena harga beli sekecil-kecilnya tapi jualnya harus invoice yang harga beda",Negative,0,Negative,0,Negative,0.9568436,0.01917593,0.023980431
1213,Terimakasi tribun kami rakyat bangga pada kinerjamu ya g punya jiw pahlawan melalui media berita di medsos jaya terus tribun,Positive,2,Positive,2,Positive,0.010105754,0.000785578,0.9891087
3107,"TERIMAKASIH PAK DADAN ATAS BAGI""NYA",Positive,2,Positive,2,Positive,0.0075047207,0.0013768985,0.9911184
5466,betulll.... klo g ada ordal susah masuk.,Neutral,1,Neutral,1,Neutral,0.038209766,0.8839625,0.07782769
1680,mbg aku porsi kuli,Neutral,1,Neutral,1,Neutral,0.0612471,0.86392695,0.07482588
4872,"Repost min, biasanya aktif repost2 🥺 @gerindra",Neutral,1,Neutral,1,Neutral,0.0431791,0.8761735,0.08064738
4453,semuanya bisa kalo punya orang dalem,Neutral,1,Neutral,1,Neutral,0.060239594,0.8301401,0.109620355
1036,"Gayanya kalau pidato mencegah stanting,tapi faktanya masih banyak daerah2 pelosok yg terdampak stanting gizi buruk malah di biarkan,pura2 TDK tahu,MBG itu di alokasi ke lokasi2 pelosok yg terdampak adanya stanting tapi malah di perkotaan2 yg di berikan MBG........bodoh nya minta ampun",Negative,0,Negative,0,Negative,0.9783313,0.0016466052,0.020021994
3724,"Daripada anggaran fantastis untuk makan gratis, lebih baik diprioritaskan untuk memperbaiki fasilitas sekolah yang rusak.",Negative,0,Negative,0,Negative,0.9779484,0.0017247113,0.020326883
3179,nah gini loh buat balita dan yg dewasa di bedakan karna balita gabakal di makan tuh sayur kalo di cmpur adonan siomay gtu kan pasti kemakan 🥰🥰,Neutral,1,Neutral,1,Neutral,0.03128134,0.8710257,0.09769295
4332,"klo gak ada strategi, repot bos.",Neutral,1,Neutral,1,Neutral,0.042860404,0.89366335,0.063476175
4282,"inti nya anggota dewan kalau bubar baru negara berkembang dan maju, mau ganti presiden 1000 kali kalau dewan2 masih ada ya sama aja😂😂😂",Neutral,1,Neutral,1,Neutral,0.3410572,0.60198456,0.05695818
4891,"mereka bilang bisa, karna mereka bisa ngatur notanya. trus ada stempel nya sendiri, dan untuk masalah nota harga pling pak petaninya bilang terserah anda (yang beli). itu pas pengalaman bikin stempel tapi yg bikin bukan yg punya barangnya.",Neutral,1,Neutral,1,Neutral,0.03739129,0.874703,0.08790573
3081,Memang benar bahwa perlu kajian lebih lanjut mengenai efisiensi operasional pengantaran makanan ke sekolah pelosok.,Neutral,1,Neutral,1,Neutral,0.028946806,0.9029407,0.068112455
1835,dan faktanya di post di aplikasi sarang buzzer 😂,Negative,0,Negative,0,Negative,0.9765667,0.0016937377,0.021739597
4666,yg kaya makin kaya..yg kuasa makin semena mena😭,Neutral,1,Neutral,1,Neutral,0.09641245,0.85668176,0.046905838
846,"kok bisa di tempat stunting malah nggak ada, emang program sangat nggak siap dan belum layak kepala dinkesnya aja ngerti kalo stunting harusnya dari awal kehamilan",Neutral,1,Neutral,0,Negative,0.98176813,0.0029150825,0.0153167015
4645,"kalo kalian mau di kasih nota harga asli turun tapi di kota harga nya di tulis naik jangan mau itu merugikan kalian, karena beban pajak kalian naik",Neutral,1,Neutral,0,Negative,0.9749097,0.0097320005,0.015358208
1732,"kalau di saya chefnya yg ga mau, katanya ribet nanti keteteran 😭😭😭",Neutral,1,Neutral,1,Neutral,0.040925227,0.86442405,0.0946507
2982,zaman sekarang kalo mau cari DUIT harus pakai DUIT bang.🤣🤣🤣,Neutral,1,Neutral,1,Neutral,0.035625324,0.9154839,0.04889082
5389,"Menanggapi hal tersebut, pemerintah perlu menjelaskan secara komprehensif indikator keberhasilan dari pelaksanaan program MBG ini.",Neutral,1,Neutral,1,Neutral,0.044780463,0.8839016,0.0713179
2909,Memang benar bahwa pihak dinas terkait harus rutin melakukan uji sampel makanan secara acak di berbagai sekolah.,Neutral,1,Neutral,1,Neutral,0.043439634,0.8681848,0.08837558
4628,Ya Allah... tolong bapak ini beli sayurannya biar laris...tawarin ke yang lain pak atau langsung jual sama bapak ke masyarakat jadi gak banyak tangan juga kan kaya dulu saya pernah liat ada penjual duren langsung kekebunya pembeli jadi rada murah dan petani bisa menaikan harga tanpa banyak tangan seperti belanja wisata gitu langsung kekebunnya,Neutral,1,Neutral,1,Neutral,0.02428771,0.90709686,0.06861534
4343,"presiden terburuk sepanjang sejarah indonesia "" prabowo""",Neutral,1,Neutral,0,Negative,0.97145957,0.010196186,0.01834413
2409,"benr bang, kaka saya punya proyek sama pemeritah sampe sekarang belum di bayar dari tahun 2024",Neutral,1,Neutral,1,Neutral,0.05711014,0.89355415,0.049335685
2603,udah ada org tertentu nya bos ku..yg masok mbg...Kya pdagang kcil mna ada..yg ada sepiiii.,Neutral,1,Neutral,1,Neutral,0.040999074,0.9009601,0.058040764
292,"Terkait kebijakan ini, kualitas lauk dan sayur yang diterima siswa di beberapa sekolah sangat minim dan jauh dari ekspektasi makanan bergizi.",Negative,0,Negative,0,Negative,0.97607905,0.0020049193,0.021915995
123,untuk keperluan prabowo dan gerindra,Neutral,1,Neutral,1,Neutral,0.037474196,0.8816618,0.080864005
1008,"aduh miris, pemerintahnya ni bubar aja",Negative,0,Negative,0,Negative,0.9789829,0.0017250386,0.019292125
5530,@Gibran Rakabuming @DPR RI @Purbaya Yudhi Sadewa @gerindra,Neutral,1,Neutral,1,Neutral,0.033148024,0.89717454,0.06967745
488,Jadi tahu berarti sudah sebesar apa kesalahgunaannya selama program ini sudah berjalan,Negative,0,Negative,0,Negative,0.7220809,0.20543899,0.07248013
5218,Bagaimana tindak lanjut pemerintah jika ada sekolah yang belum terjangkau fasilitas pendukung distribusi makanan?,Neutral,1,Neutral,1,Neutral,0.037305746,0.8887566,0.0739376
3688,boong banget pemerintah,Neutral,1,Neutral,0,Negative,0.9759866,0.0060005225,0.0180128
2182,"nah gini harusnya, bukan telor ayam, telor ayam... bosen..😌",Neutral,1,Neutral,1,Neutral,0.042465918,0.8958476,0.06168646
630,Pemerintah tolong diprioritaskan terlebih dahulu dipapua. Pertama tuntas habis KKB yang menghambat proses stabilasi dipapua. Kemudian fokuskan buat kemajuan papua,Neutral,1,Neutral,0,Negative,0.9816813,0.0025952,0.015723608
4835,"Menurut saya, pengelolaan sampah sisa makanan harus dipikirkan agar tidak menimbulkan masalah lingkungan di sekolah.",Neutral,1,Neutral,1,Neutral,0.030263575,0.8986187,0.07111767
3130,"terlalu pakta ini mah,",Neutral,1,Neutral,1,Neutral,0.059899814,0.8623596,0.077740535
3697,"Dari sudut pandang masyarakat, banyak sekolah di pedalaman mengeluhkan belum tersentuh bantuan makanan yang layak padahal anggarannya besar.",Negative,0,Negative,0,Negative,0.983751,0.0018579479,0.014391017
2804,syalan gw ud bangkotan pen bet dpt embeg,Neutral,1,Neutral,1,Neutral,0.06980558,0.8994129,0.0307815
1347,Katanya demo hoax😂,Neutral,1,Neutral,0,Negative,0.88084394,0.07353911,0.045616917
4767,@Prabowo di liat Bapak 🔥,Neutral,1,Neutral,1,Neutral,0.03959088,0.8671376,0.09327149
2695,program nya udah bagus. yg salah tuh mereka yg menyalahgunakan anggarannya dan cara atur mereka soal bahan² nya. makanya skrg mbh mau di evaluasi. gausah nyalahin presiden Mulu . bukannya pro presiden tapi plis deh jgn berpikir kritis mulu,Positive,2,Positive,2,Positive,0.007364802,0.0020792605,0.99055594
4711,"bisaa tapi jualnya murah, nanti mereka rombak notanya🤣",Neutral,1,Neutral,1,Neutral,0.040618066,0.89679694,0.062584996
20,Ada yg masuk daftar suspend permanen tp tgl 24 juli kemarin kembali operasional😮,Neutral,1,Neutral,1,Neutral,0.26391542,0.6562693,0.07981527
2799,"Secara keseluruhan, jangan sampai anak-anak menjadi korban kelalaian pihak katering yang menyajikan makanan tidak higienis.",Negative,0,Negative,0,Negative,0.9774508,0.0019860475,0.02056308
2055,"eh bodoh, sistem itu kan presiden yg menentukan!!! 😭😭😭",Negative,0,Negative,0,Negative,0.77863204,0.17736775,0.04400021
5430,Rapat di ruang AC memang beda dgn Panas Sinar Matahari 😏😏😏,Neutral,1,Neutral,1,Neutral,0.03807044,0.8832277,0.078701854
1303,"Lihatlah... Antek2 Elite Global...Yg tidak ingin Anak2 Indonesia Sehat2 dan Bergiji...Semua Subsidi Semuanya diHapuskan... Agar perusahan2 Elite Global Bisa bersaing dengan Mudah... Manusia2 Bodoh itu Hanya diGunakan Untuk Kepentingannya.. klo Sudah Tidak diButuhkan Lagi,Biasanya juga Akan diSingkirkan dengan Mudah...",Negative,0,Negative,0,Negative,0.98053336,0.0015621601,0.01790443
2328,ente bazerr Bowo,Negative,0,Negative,0,Negative,0.98007065,0.0024004655,0.017528843
1110,"DIKASI MBG PUN TETAP AJA STUNTING, COBA LIAT AJA MENU NYA, NASI+TAHU SEUPRIT+TELOR SEUPRIT+SUSU 200ML itu pun merek antah berantah. intinya MBG program tipu2",Negative,0,Negative,0,Negative,0.9841793,0.002251183,0.013569452
478,"HIDUP PAPUA ,",Neutral,1,Neutral,1,Neutral,0.04675872,0.602594,0.3506473
3480,"astaghfirullah, korupsi ngeri banget",Negative,0,Negative,0,Negative,0.9760465,0.0021184573,0.02183508
5560,mbg program bagus untuk rakyat di otak presiden dan Mentri ... tapi bawahan nya mikirnya bagus untuk dikorupsi,Negative,0,Negative,0,Negative,0.96642584,0.0021000805,0.031474117
2855,"bapak ku pengrajin tempe, dapur mbg pesen
tiba2 di batalkan
ada yg pernah ngalamin",Neutral,1,Neutral,1,Neutral,0.028989011,0.91581017,0.055200703
5091,Bagaimana mitigasi risiko jika terjadi keterlambatan distribusi akibat cuaca buruk atau banjir?,Neutral,1,Neutral,0,Negative,0.62939566,0.30876175,0.061842546
4116,"saudaraku tidak punya uang ,tapi setor ke mbg ,,
dan beli ke petani langsung kalau pas ada kalau tidak ada beli dipasar ,,,",Neutral,1,Neutral,1,Neutral,0.040723655,0.85478926,0.1044871
3597,ish ish ish,Neutral,1,Neutral,1,Neutral,0.06451244,0.8667262,0.06876129
4815,Memang benar bahwa penting untuk memastikan sanitasi peralatan makan dan tempat penyajian selalu dalam kondisi bersih dan steril.,Neutral,1,Neutral,1,Neutral,0.027206376,0.90482146,0.06797207
3260,"Bisaaa bang , harga lebih murahh dari yg laen. Dan di nota harus di tulis mahal .",Neutral,1,Neutral,1,Neutral,0.038375773,0.8796424,0.08198185
5003,mas. bikin izin Usaha Biki NIB. biar bisa suplai ke dapur mbg...,Neutral,1,Neutral,1,Neutral,0.027645148,0.9101618,0.062192973
4713,"Melihat fakta di lapangan, pihak dinas terkait harus rutin melakukan uji sampel makanan secara acak di berbagai sekolah.",Neutral,1,Neutral,1,Neutral,0.057034668,0.8744267,0.06853864
3640,Tau ah males menu mbg di kampung gua menu rumahan banget 😭,Neutral,1,Neutral,1,Neutral,0.19382975,0.67825055,0.12791967
4110,di daerah saya banyak petani sayuran cuman tetep belanja ke pasar induk,Neutral,1,Neutral,1,Neutral,0.04008888,0.8887804,0.07113072
1590,"gk semudah itu, modal harus kenceng jg. karna hitungannya itu nombokin dlu, nanti klo uang dri pusat turun baru bsa cair. klo 3bln gk cair ya pusing jg😂",Neutral,1,Neutral,1,Neutral,0.041622464,0.868869,0.089508586
3349,"kamis di sini udah ngga ada MBG, karena ngga ada anggarannya 😭👀",Neutral,1,Neutral,1,Neutral,0.045879148,0.8733012,0.08081966
2523,HADOH DAH MATI RASA NII KAYANYA,Neutral,1,Neutral,1,Neutral,0.1797846,0.7539729,0.0662425
4950,"bener itu bang
katanya memajukan UMKM
contoh nya kayak saya jualan beras
mereka Ndak mau beras yg dari gilingan
mereka mau nya beras yg kemasan yg ada label nya",Neutral,1,Neutral,1,Neutral,0.021894824,0.581581,0.39652416
755,"harusnya wilayah papua,dan NTT lebih diutamakan untuk program seperti MBG jika tujuannya untuk mengurangi angka stunting,lh ini mlh MBG paling banyak di jawa.",Neutral,1,Neutral,1,Neutral,0.025371945,0.68625855,0.28836948
3661,"Harus diakui, apakah anggaran MBG sudah mencakup pengadaan tempat makan ramah lingkungan yang bisa dipakai berulang kali?",Neutral,1,Neutral,1,Neutral,0.03374087,0.90233266,0.063926436
4375,"SOLUSINYA APAA!!! pertanyaan gw simpel, oke kita Apus MBG yang ladang korupsi dan program nya jelek, nah Solusinya apa mbak, apa solusinya buat supplier, dana swasta 40T, Ama pekerjanya, udah itu aja, apa solusinya?",Negative,0,Negative,0,Negative,0.97900474,0.0020748856,0.018920334
1276,MBG anomali banyak yg tdk setuju tapi penyelenggara pendidikan seperti sekolah dan guru aktif dgn kegiatan ini tapi disatu sisi LSM menolak program ini?? Pdhl kuncinya ada di penyelenggara pendidikan tdi jika menolak pasti ga jalan program nya. Hmmm ada apa ya sampai terjadi anomali.,Negative,0,Negative,0,Negative,0.97270346,0.0016267056,0.025669856
1515,"Mbg ga tepat sasaran anak sekolah libur tetap dapat Mbg, ahir nya makanan numpuk di sekolahan, kalo 1 sekolah dapat jatah 100 porsi x se indonesia sudah berapa kerugian dalam satu hari",Negative,0,Negative,0,Negative,0.98011863,0.0015562485,0.018325118
4880,Memang benar bahwa bagaimana mekanisme pengawasan distribusi makanan agar selalu tepat waktu sampai ke masing-masing sekolah?,Neutral,1,Neutral,1,Neutral,0.031177938,0.9076123,0.06120977
1607,inimah fix di korup🤣,Negative,0,Negative,0,Negative,0.97315174,0.0036152364,0.023233024
3938,pov kepala sppg:,Neutral,1,Neutral,1,Neutral,0.052858595,0.8490904,0.09805098
4130,"Menanggapi hal tersebut, perlu evaluasi berkala mengenai penerimaan rasa dan porsi makan siang yang diberikan kepada para siswa.",Neutral,1,Neutral,1,Neutral,0.075335085,0.86895823,0.055706695
3147,"betuuul mas,didaerahku jg begitu",Neutral,1,Neutral,1,Neutral,0.035160974,0.88034487,0.084494226
2382,berarti MBG gak membantu perekonomian warga sekitar dong kalo gak mau nerima hasil panen warga,Positive,2,Positive,2,Positive,0.0073406044,0.0015698855,0.99108946
17,Kata gw mah lebih baik selesaikan ruu perampasan aset,Neutral,1,Neutral,1,Neutral,0.030183015,0.8885409,0.08127608
936,"mata Prabowo Subianto bento oicek , lihat Woooo Prabowooooo",Neutral,1,Neutral,1,Neutral,0.03475153,0.8938356,0.0714128
5382,prabowo diem aja heran😡,Neutral,1,Neutral,1,Neutral,0.03882005,0.87680495,0.08437498
177,Tapi banyak rakyat yg udah terkena tipu daya pemerintah yg merasa MBG program mencegah stunting dan kebodohan😢,Negative,0,Negative,0,Negative,0.97986364,0.0015594445,0.01857691
4915,Ceritanya petani jadi makmur karna mbg😂😂😂😂,Neutral,1,Neutral,1,Neutral,0.047391992,0.86851674,0.08409128
2077,petani insya Alloh Aman ka asal jngan mau harga d atur tengkulak,Neutral,1,Neutral,1,Neutral,0.040952735,0.88545907,0.07358815
4196,jangannyerlalu jujur pak nanti banyak yg g senang,Positive,2,Positive,2,Positive,0.011317401,0.001185211,0.98749745
2104,presiden gak bakal denger...,Neutral,1,Neutral,1,Neutral,0.04849833,0.8700098,0.08149199
579,Prabotol ngapain sih,Neutral,1,Neutral,1,Neutral,0.066901095,0.85657144,0.07652745
1774,dadan mark up😁,Negative,0,Negative,0,Negative,0.9759419,0.0018034955,0.022254603
953,"Presiden bilang yg tidak mendukung MBG itu antek2 asing. Justru antek2 asing suka kalau MBG jalan, karena mereka nunggu hal ini terekspos. Mereka nunggu MBG dibangun di kota2 besar sementara pembangunan di Papua itu terlantar. Sekarang mereka punya bahan untuk menjatuhkan Indonesia di forum Internasional. Hebat kan presiden kita",Positive,2,Positive,2,Positive,0.49317467,0.0037230582,0.50310224
5446,"hati"" bang nanti di tuduh keracunan mbg gara"" sayuran yg di pupuk kebanyakan nitrogen.",Negative,0,Negative,0,Negative,0.9778781,0.0017043658,0.020417519
4814,bisa asal kaos kaki 100k,Neutral,1,Neutral,1,Neutral,0.038253535,0.88884443,0.07290195
822,"Sengaja dimiskinkan daerah ini sehingga angka stunting nya tinggi,",Neutral,1,Neutral,0,Negative,0.9690713,0.00785908,0.023069555
5219,@KANG DEDI MULYADI @gerindra @Agung Surahman @Teddy Indra Wijaya HQ @Badan Komunikasi Pemerintah RI @Purbaya Yudhi Sadewa @Pecelele,Neutral,1,Neutral,1,Neutral,0.029083828,0.9051504,0.06576584
3448,harus pandai bersilat lidah ya bang,Neutral,1,Neutral,1,Neutral,0.0424916,0.88622713,0.07128131
1057,Chenel ini serharusnya cari tau bagaimana keadaan papua. Apa ya tidak tau penolakan yang dulu terjadi. Orang papua itu sangat suliit. Siapa juga yang mau kasih MBG kalo resikonya besar. Alasan sakit perut dll untuk bisa denda dan bikin kaco.,Neutral,1,Neutral,0,Negative,0.97206986,0.014745301,0.013184755
2085,ya itulah makanya mark up harga juga termasuk korupsi,Negative,0,Negative,0,Negative,0.97402644,0.0016073281,0.02436623
458,😂 ndasssmu ohh ndassmu,Neutral,1,Neutral,1,Neutral,0.04633973,0.87672544,0.07693483
3974,Memang benar bahwa pemerintah perlu menjelaskan secara komprehensif indikator keberhasilan dari pelaksanaan program MBG ini.,Neutral,1,Neutral,1,Neutral,0.025399743,0.91538244,0.05921788
4265,pemilu tahun berapa lagikah?,Neutral,1,Neutral,1,Neutral,0.10529428,0.8217756,0.07293016
2320,bubarkan saja yg jelas merugikan semau kalangan ...,Neutral,1,Neutral,0,Negative,0.87064517,0.100806095,0.028548716
1379,PROGRAM MULYONO UGAL2AN MBG.PSN.WOISS.IKN BANSOS2 UGAL2AN AKIBAT TK.KAYU IJAZAH PALSU JADI PLECIDEN,Neutral,1,Neutral,0,Negative,0.98355514,0.002131329,0.014313571
1029,Inilah goblok nya pemerintah..kenapa nggak dibutamakan daerah terluar.malah di perkotaan yg bnyk mbg nya,Negative,0,Negative,0,Negative,0.97954285,0.004859683,0.015597535
5553,Kemaren ada yg bilang petani sejahtera sejak ada MBg,Neutral,1,Neutral,1,Neutral,0.16853474,0.72751635,0.10394887
2381,anda ini sangat mendukung pemerintah sekali,Positive,2,Positive,2,Positive,0.0058119847,0.0010804025,0.9931076
3371,"klo embeg nya yg masak si enchepp ini, aku pengin dah sekolah lagi 😂",Neutral,1,Neutral,1,Neutral,0.03439259,0.860973,0.10463436
3322,fakta bener banget ini,Neutral,1,Neutral,1,Neutral,0.02931758,0.87849045,0.09219199
3246,Memang benar bahwa penting untuk memastikan sanitasi peralatan makan dan tempat penyajian selalu dalam kondisi bersih dan steril.,Neutral,1,Neutral,1,Neutral,0.045579504,0.8730488,0.08137173
3848,Aku gak bisa baca bang😂😂tp kali ini jelas bah ketikannya,Neutral,1,Neutral,1,Neutral,0.026859818,0.891092,0.08204823
2981,"Menanggapi hal tersebut, kesiapan tenaga pengolah makanan di setiap sentra dapur perlu mendapat sertifikasi kebersihan pangan.",Neutral,1,Neutral,1,Neutral,0.04007432,0.87752545,0.082400255
4505,Sejauh mana kesiapan fasilitas penyimpanan makanan di sekolah agar kualitas nutrisi tetap terjaga sebelum jam makan siang?,Neutral,1,Neutral,1,Neutral,0.033194683,0.90842646,0.0583789
2350,yaudah lu yg urusin yak?,Neutral,1,Neutral,1,Neutral,0.03753424,0.8790442,0.08342149
853,"Karena MBG itu bisnis bukan program buat rakyat, kalau ini program buat rakyat seharusnya yang ada yang namanya wilayah prioritas yaitu wilayah yang tertinggal pembangunannya terutama yang di luar pulau jawa Tapi sayangnya Si Wowo itu anti kritik jadi percuma aja kalau rakyat minta MBG cukup dilaksanakan di daerah tertinggal saja, karena bagi Prabowo kesejahteraan pejabat dan pendukungnya yang mempunyai SPPG lebih penting dari kebutuhan gizi di daerah tertinggal!!!",Negative,0,Negative,0,Negative,0.97984844,0.002214357,0.017937189
2991,YA ITU MAKANYA KOCAK HIH MIKIRRR,Neutral,1,Neutral,1,Neutral,0.022238748,0.8443953,0.13336596
660,"mungkin daerah terpencil mungkin dikasih berupa uang ,,",Neutral,1,Neutral,1,Neutral,0.051225767,0.8557848,0.09298948
4427,plot twistnya dia bukan petani😭,Neutral,1,Neutral,1,Neutral,0.056257814,0.85871506,0.085027084
4024,"maklumin aja masss....itu proyek duit masuk..yg kata nya demi gizi lah,demi umkm stempat,demi petani itu cuman embel embel doank..",Neutral,1,Neutral,1,Neutral,0.07243066,0.8790416,0.04852772
1343,siap aku juga mau ikut demo bubarin dpr gak guna,Negative,0,Negative,1,Neutral,0.45031676,0.4621485,0.08753475
4787,Memang benar bahwa sebaiknya ada formulir evaluasi harian yang diisi guru terkait porsi dan kualitas menu yang diterima.,Neutral,1,Neutral,1,Neutral,0.03351106,0.88939893,0.07708996
3727,chef mau tanya td pas masukin bahan da bawang bombai plus kulitnya. . apa kulit bombai berpengaruh jg dalam masakan🙏,Neutral,1,Neutral,1,Neutral,0.03551007,0.88286334,0.08162667
4749,"Menurut saya, kesiapan tenaga pengolah makanan di setiap sentra dapur perlu mendapat sertifikasi kebersihan pangan.",Neutral,1,Neutral,1,Neutral,0.036967143,0.9085352,0.05449762
3326,Memang benar bahwa bagaimana mekanisme pengawasan distribusi makanan agar selalu tepat waktu sampai ke masing-masing sekolah?,Neutral,1,Neutral,1,Neutral,0.03312747,0.8915306,0.07534193
1133,"Pemerintahan negri ini harus di hapuskan, tidak sesuai dengan perikemanusiaan dan ke adilan bagi seluruh rakyat indonesia",Neutral,1,Neutral,0,Negative,0.98055995,0.0020603843,0.017379763
73,"Pengawasan terhadap program BGN perlu terus dilakukan secara berkelanjutan. Dengan begitu, setiap kekurangan bisa segera diperbaiki dan kualitas pelayanan semakin meningkat.",Neutral,1,Neutral,1,Neutral,0.13253744,0.67634606,0.1911165
1757,"😁😁😁.... sayapun pernah ngeluarin menu ala timur tengah pake kajun /curry , malah di bilang kek taik orok ... seketika.hilang harga diri chef , jadi kapok ngeluarin menu pake kari2 an 🤣🤣",Negative,0,Negative,0,Negative,0.8863704,0.07308383,0.04054576
1967,"Itu tim2 mereka yang sengaja buat framing, biyar MBG ini terlihat bermanfa'at untuk petani/peternak, padahal TA*😂",Neutral,1,Neutral,2,Positive,0.01851537,0.01992723,0.96155745
5502,bener itu. ngambil nya malah dari luar kabupaten. bukannya kerjasama sama petani setempat.,Neutral,1,Neutral,1,Neutral,0.04280994,0.89109087,0.0660992
4558,"Pas kampanye aja Gibran bilangnya mau dibikin sistem kantin, tidak sesuai kenyataan",Neutral,1,Neutral,1,Neutral,0.18603663,0.71779984,0.09616346
3663,tapi gmn ga di like klo itu kenyataan nya,Neutral,1,Neutral,1,Neutral,0.034004495,0.90336895,0.0626266
1885,Ketersediaan bahan baku dari pasar lokal perlu dipetakan dengan baik agar tidak mengganggu pasokan kebutuhan umum.,Neutral,1,Neutral,1,Neutral,0.044047706,0.879421,0.07653122
785,Mana mau kerja di daerah pedalaman 😂😂,Neutral,1,Neutral,1,Neutral,0.044173677,0.87201536,0.08381096
3519,disini menu anak sekolah sama b3 sama😅,Neutral,1,Neutral,1,Neutral,0.039387755,0.8838993,0.076712914
4381,ceppp lu keren beudd dahh ahhh... ngga pernah bikin menu asal2an... dan look nya itu menggoda jadi kepengen dimakan gitu menunya 😁,Positive,2,Positive,2,Positive,0.0041407887,0.0008222962,0.9950369
3388,lagi hari senin anakku yang balita dapet mbg ayam geprek,Neutral,1,Neutral,1,Neutral,0.030658927,0.91523933,0.054101698
501,Yg membutuhkan sekali gizi baik malah sedikit dapur2 mbg nya.gimn nih pa presiden???.kepala bgn baru sidaknya smp papua sana masa masih ada bangunan dapur mbg yg belum jd 😢,Positive,2,Positive,1,Neutral,0.06656565,0.8639858,0.069448575
26,Tolonb Sidak dari cabang kenjeran pak,Neutral,1,Neutral,1,Neutral,0.055339772,0.88023615,0.0644241
1768,"Menanggapi hal tersebut, perlu diperhatikan ketahanan makanan selama proses pengiriman agar tidak cepat basi saat cuaca panas.",Neutral,1,Neutral,1,Neutral,0.041841507,0.87926793,0.07889053
2131,"bayangkan baru 1 barang...kalau pengadaan semua begini serem kan indonesiaku...pada gak takut dosa, pada gak takut karma",Negative,0,Negative,0,Negative,0.91456085,0.057744965,0.027694238
91,"Lebih baik d tutuplah terlalu banyak problematika,emang satu sisi byk org yg kehilangan pekerjaan,tapi fikiran lebih banyak org yg makan makanan ga layak dengan judul ""makanan bergizi""lebih baik dana d alokasikan ke pendidikan atau uang saku tunai yg bisa membeli kebutuhan sekolah ...karna sekolah gratis itu ga 💯% bner2 tanpa biaya...",Negative,0,Negative,0,Negative,0.9250988,0.02229565,0.05260558
6,Semoga bermanfaat untuk bumil dan busui.,Positive,2,Positive,2,Positive,0.0045200842,0.0012865638,0.9941934
3048,Dulu pilih caleg nomer brp bang?wkwk,Neutral,1,Neutral,1,Neutral,0.048592877,0.8688058,0.08260131
4171,🥺 Jangan sekali-kali berurusan dengan instansi pemerintah yang ada rugi bukan untung,Neutral,1,Neutral,1,Neutral,0.05796028,0.86877847,0.073261276
2288,"kagak.ngaruh..
gak ada yg didengerin, mereka keukeuh dgn cara mereka sendiri",Neutral,1,Neutral,1,Neutral,0.07776246,0.83964926,0.08258831
4485,"Melihat fakta di lapangan, apakah ada panduan khusus bagi siswa yang membawa bekal sendiri dari rumah saat MBG dibagikan?",Neutral,1,Neutral,1,Neutral,0.03794758,0.88830847,0.073743954
4857,"benarrr, yang kaya tengkulakkkkkk!!!!",Neutral,1,Neutral,1,Neutral,0.038938835,0.9133911,0.047670048
3078,chef paling waras di mbg,Neutral,1,Neutral,2,Positive,0.0052380133,0.0030771494,0.9916848
2946,"saya sering juga dapat orderan seperti itu bang, sepengalaman saya pelakunya sodara yang punya dapur, niatnya dikasih jabatan buat beliin bahan tp di mark-up gila-gilaan, kentang 2kg dari saya net 46rb sama dia disuruh nulis 55rb....emang orangnya bang bukan hanya pemerintah tp rakyat rakus pun korup",Negative,0,Negative,0,Negative,0.97992146,0.0015546175,0.018523913
3674,"wkwkwkwkwkwk... jujur kaleee.... hidup mainin nota, qty.",Positive,2,Positive,2,Positive,0.0045474325,0.0009119391,0.99454063
5368,TAIK SEMUA MEMANG,Negative,0,Negative,0,Negative,0.9737955,0.005701813,0.020502731
3710,"Jujur saja, semangat untuk seluruh tim yang bertugas menyiapkan dan mendistribusikan makan bergizi gratis untuk anak-anak.",Positive,2,Positive,2,Positive,0.0042093564,0.0008759191,0.99491477
523,MBG berorientasi BUSINESS.,Neutral,1,Neutral,1,Neutral,0.03309891,0.90031457,0.066586554
4456,@gerindra pak admin,Neutral,1,Neutral,1,Neutral,0.029837778,0.900016,0.070146225
4654,"@gerindra kasih tau Prabowo, jangan bhuta dan thuli",Neutral,1,Neutral,1,Neutral,0.07223289,0.8741647,0.05360242
342,"Awalnya untuk pencegahan stunting, skrang untuk agar anak tidak lapar😂",Neutral,1,Neutral,1,Neutral,0.026475081,0.9032317,0.070293255
1161,karana tidak laku secara politik . MBG itu program ternank wowo 2029,Neutral,1,Neutral,1,Neutral,0.057516493,0.8833716,0.059111893
2214,Ajakan yg wajib dilakukan 🙏🏻,Neutral,1,Neutral,1,Neutral,0.043644615,0.8866782,0.06967719
1024,"kan emg ada MBG unt ibu hamil,balita...",Neutral,1,Neutral,1,Neutral,0.04324188,0.86206883,0.09468929
114,MBG TUH HARUSNYA KE TEMPAT YG SEPERTI INI,Neutral,1,Neutral,1,Neutral,0.04301679,0.8717097,0.085273504
4477,"Jujur saja, diharapkan ada saluran pengaduan resmi jika pihak sekolah menemukan kendala terkait kualitas makanan MBG.",Neutral,1,Neutral,1,Neutral,0.032619663,0.89321554,0.07416476
1047,Mbok ne jnckkk pemerintahan Wowo sableng,Neutral,1,Neutral,1,Neutral,0.10423629,0.83125126,0.06451243
3271,Tapi emng bener ribet lwt koprasi😭😭mending dapur nyari suplayer sendiri🙏🏻soalnya lwt koprasi teh barang dtng kg sesuai mlu🙏🏻🙏🏻🙏🏻🙏🏻🙏🏻😭,Neutral,1,Neutral,1,Neutral,0.03498321,0.85103226,0.113984495
3549,ga usah berurusan sama pemerintah bang.. bukannya untung malah buntung,Neutral,1,Neutral,1,Neutral,0.14773689,0.7733758,0.07888727
158,Seharusbnya mbg untuk pedalaman dan murid miskin,Neutral,1,Neutral,1,Neutral,0.042394586,0.8773459,0.08025949
3225,@🐨 ya Allahhh ngorupsi gk kiro2,Neutral,1,Neutral,1,Neutral,0.04305033,0.8682828,0.08866682
3841,Udah di kelola ordal semua bang,Neutral,1,Neutral,1,Neutral,0.04372517,0.87425035,0.08202444
5173,Tetap semangat bang tidak usah terlalu ngandelin pemerintah 🙏🏻,Positive,2,Positive,2,Positive,0.0048403405,0.00194269,0.99321693
1459,"Wah ini warga bgn yg selalu untung,, kenapa di pecat bikan nya org terbaik😊😊😊",Positive,2,Positive,2,Positive,0.004702115,0.0010152011,0.9942827
4547,@GRINDRA @Prabowo @badangizinasional.ri,Neutral,1,Neutral,1,Neutral,0.035733216,0.89060116,0.07366552
131,"Sungguh sangat ikhlas saya kalau uang pajak yang saya bayarkan tiap tahun disalurkan ke masyarakat saudara kami seperti pada video ini, biar bagaimana pun masyarakat papua adalah masih saudara kita dalam satu wilayah NKRI 😢😢",Neutral,1,Neutral,0,Negative,0.5392053,0.21897021,0.24182446
3608,mereka buta bang aman 😂,Neutral,1,Neutral,1,Neutral,0.043851733,0.87571007,0.080438204
2506,"baru aja liat konten bang panji tentang cara cuci uang lewat usaha resto, eh terus muncul ini hmm",Neutral,1,Neutral,1,Neutral,0.03535296,0.9051795,0.059467502
4170,Perlu dipertimbangkan variasi buah-buahan lokal yang mudah diperoleh dan kaya akan vitamin.,Neutral,1,Neutral,1,Neutral,0.04941641,0.90313524,0.047448434
1653,"gw kasih intinya aja deh, yg untung gedhe itu tengkulaknya, petani dan peternak sama"" cuma untung tipis, gak percaya? cek data di lapangan",Neutral,1,Neutral,1,Neutral,0.0764091,0.8475416,0.07604935
687,"lebih bagus dan lebih baiknya, program MBG itu harus di pilih"" benar, dan harus di fokuskan ke daerah"" pelosok NEGERI",Positive,2,Positive,2,Positive,0.0050801416,0.00073070003,0.99418914
5297,sudah tidak percaya lagi sama pemerintah.,Neutral,1,Neutral,1,Neutral,0.10071669,0.83339673,0.06588667
484,"Nah buat daerah2 3T gini loh baru setuju, bukan semua wilayah jadi kakan anggaran brutal dan liar huhu sehat2 ya generasi papua 😢",Positive,2,Positive,0,Negative,0.7941713,0.008002835,0.1978259
2483,"kata anaku, ""di skolah kk klo ga telur ya ayam""🤭😂",Neutral,1,Neutral,1,Neutral,0.03106416,0.89112425,0.077811524
4568,"Ga ada argumen gini nih, jawaban nya di luar apa yg di pertanyakan",Neutral,1,Neutral,1,Neutral,0.030630168,0.89323705,0.07613284
3798,namanya juga konoha bang,Neutral,1,Neutral,1,Neutral,0.057673953,0.8860055,0.05632051
3076,mbg disini pepes ayam terus 😌 anak balita aq pada gk mau makan,Neutral,1,Neutral,1,Neutral,0.044316106,0.91057557,0.045108315
1062,Makanya saya gak nyalahin Papua kalo mau pisah dari Indonesia. Udah di dzolimi berkali-kali sama pemerintah.,Negative,0,Negative,0,Negative,0.9783543,0.0065633245,0.015082444
1421,Manusia2 rakus mmg hrs diberangus,Neutral,1,Neutral,0,Negative,0.9681728,0.015398478,0.01642881
4739,Lohhh kirain make orang kita?😭😭😭,Neutral,1,Neutral,1,Neutral,0.04569247,0.87210345,0.08220405
5245,"MBG ITU PROGRAM LAHAN BASAH
Yg Paling Aman UNTUK dikorupsi Oleh Semua Tingkatan...
Tanpa Ada Audit/pemeriksaan",Negative,0,Negative,0,Negative,0.9800521,0.0018043742,0.018143527
3046,"up
up
up
TOLAK MBG",Negative,0,Negative,0,Negative,0.96516734,0.0024306697,0.032401994
3775,terus petani yg demo kemaren petani mana?,Neutral,1,Neutral,1,Neutral,0.056731578,0.8661558,0.07711268
52,"Bapa hari ini saya datang k BGN untuk melakukan pengaduan,dan d data BGN nama mitra nya bukan saya malah a/ n orang yayasan,ini sudah masuk penipuan mohon bantu saya pak",Negative,0,Negative,0,Negative,0.97891587,0.0021916304,0.018892495
490,Yang paling parah dana nya di korupsi di bati hanya separo sebagian kecil yang mengalir pada mereka yang tertinggal di antaranya. Yang terlibat korupsi nya banyak yang di tangkap cuman 2 orang.,Negative,0,Negative,0,Negative,0.979107,0.0018694451,0.019023452
720,"seharusnya yg sekolah swasta di daerah jawa tdk usah dapat lebih baik di papua saja, walaupun memang hrs lebih effort tp mereka lebih membutuhkan, gimana sih ini kok gaada yg bener..",Neutral,1,Neutral,1,Neutral,0.050493304,0.8676514,0.0818553
3546,"Jujur saja, sangat disayangkan jika program sebesar ini minim pengawasan ketat terhadap standar higienitas dan nutrisi.",Negative,0,Negative,0,Negative,0.97706234,0.0015931998,0.021344515
226,ya Allah gak tega bngt liatnya :(,Negative,0,Negative,0,Negative,0.6369403,0.26528752,0.0977722
2975,pakai koneksi malah harga makin jatuh,Neutral,1,Neutral,1,Neutral,0.06091753,0.8534468,0.08563572
4304,@gerindra dengerin tuh,Neutral,1,Neutral,1,Neutral,0.04420522,0.8751935,0.080601305
4383,"chep, minta MBG bumilnya cheepp. ngidam bgt, disini gadapet soalnya 😅",Neutral,1,Neutral,1,Neutral,0.03364881,0.8807964,0.08555478
3548,tag presiden nya,Neutral,1,Neutral,1,Neutral,0.033953942,0.905034,0.06101207
4994,"Melihat fakta di lapangan, program ini membawa dampak ganda yang sangat baik bagi kesehatan anak sekaligus perputaran ekonomi lokal.",Positive,2,Positive,2,Positive,0.003560326,0.0010732864,0.99536645
4629,di era pak Wowo ini kyny bnyk bngt pnyktna KY sprti PGN bngt pak Wowo ckup skli pnjbat knp y,Neutral,1,Neutral,1,Neutral,0.028723406,0.8082786,0.16299795
2544,Aduh fakta pak🥰,Neutral,1,Neutral,1,Neutral,0.04616951,0.8856632,0.06816728
4817,MBG = Modal pilpres 2029,Neutral,1,Neutral,1,Neutral,0.053541068,0.90655833,0.039900552
3739,"Secara keseluruhan, semoga proses pengadaan barang dan jasa untuk program MBG ini bisa dipantau secara terbuka oleh publik.",Neutral,1,Neutral,1,Neutral,0.035336237,0.88857025,0.07609352
271,"Secara keseluruhan, perlu dipastikan kapasitas produksi dapur umum mampu memenuhi kuota seluruh sekolah di target wilayah.",Neutral,1,Neutral,1,Neutral,0.040432695,0.8959334,0.06363393
1601,"Bakwan sayur ditegor gw sama BGN, jangan dah. Itu sekali seumur hidup gw bikin menu bakwan 😂",Neutral,1,Neutral,1,Neutral,0.08894562,0.8676102,0.043444194
5482,intinya jgn berbisnis sm pemerintah,Neutral,1,Neutral,1,Neutral,0.02162748,0.92779076,0.05058172
637,"kan dana rata semua dapur, pada kaga mau buka dapur lah. ga ada buat nilep nya bro, DAPUR militer juga ga mau kan?",Neutral,1,Neutral,0,Negative,0.9601643,0.018853815,0.020981858
2768,lah hak dia mau di jual sma siappun kan baranb dia....siapa yg nglarang ?bnyak malah dri petani lngsung jual k warga yg butuh,Neutral,1,Neutral,1,Neutral,0.033075016,0.8765666,0.09035839
2929,"Melihat fakta di lapangan, banyak vendor katering nakal yang mengurangi takaran porsi demi meraup keuntungan berlebih.",Negative,0,Negative,0,Negative,0.97971684,0.0017948666,0.018488359
1270,"Lagi2 mengatas namakan rakyat,rakyat yg mana,sebagian rakyat daerah mendukung mbg",Positive,2,Positive,2,Positive,0.005473752,0.0010680619,0.9934582
5160,"bisa bang, asal ada selap selip 😂😂",Neutral,1,Neutral,1,Neutral,0.03178448,0.9111822,0.057033297
1137,"Harusnya di sini Wo, Wowo. Sedih lihat saudara2 kita di timur😢. Bukan Jakarta yang brangkat ke sekolah pake mobil mewah diantar supir siswanya. udh geram to the max banged sama rezim ini",Negative,0,Negative,0,Negative,0.9776053,0.0016396064,0.020755138
4149,2030 Konoha bubar,Neutral,1,Neutral,1,Neutral,0.06664746,0.8713242,0.062028464
2185,Jadinya dinger fish kali 😁,Neutral,1,Neutral,1,Neutral,0.040076546,0.9016122,0.0583112
2885,klo ogah ya jngn pilih mass susah amat🤣,Neutral,1,Neutral,1,Neutral,0.05041351,0.8897037,0.059882775
4018,Bagaimana regulasi bagi sekolah yang sudah memiliki kantin sehat sendiri sebelum program ini berjalan?,Neutral,1,Neutral,1,Neutral,0.027239889,0.87576246,0.096997686
4379,"harus e masak e kyk gini Jd anak selera makan gk terbuang sia""",Neutral,1,Neutral,0,Negative,0.5663024,0.3704582,0.06323931
2053,"2 kandidat kemarin menawarkan perubahan tp 1 kandidat menawarkan keberlanjutan. ga make sense sih reason lu, karena by teknis ya skrng sama aja dengan kemarin bahlan more worst.",Neutral,1,Neutral,1,Neutral,0.114969,0.81496465,0.0700663
5364,Dan Hanya Orang Terdekat mungkin begituh 😁😂😂,Neutral,1,Neutral,1,Neutral,0.04131107,0.8904932,0.06819568
5232,"please jangan masuk ke mbg bang, harga anjlok parah, saya pembesaran ika lele masa d tawar 13 rebu /kg d tambah sudah bersih🤣",Neutral,1,Neutral,1,Neutral,0.11534593,0.82314044,0.061513633
3545,"Jujur saja, semoga ada mekanisme pemilahan sampah organik dan kemasan sisa makanan yang terkelola dengan baik di sekolah.",Neutral,1,Neutral,1,Neutral,0.022387143,0.9117288,0.06588403
5156,Kebijakan ini perlu dikaji ulang secara kritis karena berisiko membebani fiskal negara dalam jangka panjang.,Negative,0,Negative,1,Neutral,0.40141365,0.48805532,0.1105311
164,"Pura"" positif tingking ah",Positive,2,Positive,1,Neutral,0.03470518,0.90782094,0.057473805
4657,"ia pasti byk permainan bang .byak rakus,,dwit😅",Neutral,1,Neutral,0,Negative,0.6923435,0.26217964,0.04547691
4897,Memang benar bahwa perlu ada petugas khusus yang bertanggung jawab memeriksa kelayakan makanan sebelum dibagikan ke siswa.,Neutral,1,Neutral,1,Neutral,0.04336017,0.87742656,0.0792133
57,Memang benar bahwa fasilitas sanitasi di sebagian sekolah belum memadai untuk mendukung program makan bersama dalam skala besar.,Negative,0,Negative,1,Neutral,0.36058617,0.375186,0.2642278
3782,"mantap pak, Klo mereka pejabat cuman diem aja, fix ga membela rakyat.",Positive,2,Positive,2,Positive,0.0056560235,0.0007830642,0.9935609
2698,sudah main raja2anya ? lu kira ini thailand presiden bisa suka2 bertindak semaunya 🤣,Neutral,1,Neutral,1,Neutral,0.050020937,0.8674399,0.08253917
4627,jasa tag presiden,Neutral,1,Neutral,1,Neutral,0.044112932,0.9033691,0.052517917
1930,"perhatian banget bang, buat bumil gak boleh yg mentah",Neutral,1,Neutral,1,Neutral,0.032544017,0.87343454,0.09402146
3592,Ih ngeri yaa itu semua yg terlibat di mbg apa ga takut uangnya dipake makan,Neutral,1,Neutral,0,Negative,0.93095195,0.015837016,0.053211022
1497,Kapan maju Republik ini,Neutral,1,Neutral,1,Neutral,0.0749752,0.8638598,0.06116504
1724,makanya chef sebenarnya enak kita sebagai HC di MBG lebih berkreasi dgn menu yg fariatif tapi banyak batas2nya blm lagi Ag yg kolot bikin Hc gak ada harga nya,Positive,2,Positive,2,Positive,0.006190622,0.0010078228,0.99280155
3789,enak banget. seandainya semua dapur bisa sekreasi gitu,Positive,2,Positive,2,Positive,0.005657685,0.0007653223,0.99357706
3120,mantappp lahan basah pertamigas dilempar ke Kementan dan pangan 😂,Negative,0,Negative,2,Positive,0.006591098,0.008313003,0.9850959
1297,Padahal itu program unggulan yang sangat ditentang masyrakat tapi pemerintah seolah tuli,Neutral,1,Neutral,1,Neutral,0.02673116,0.9269075,0.046361342
2525,yauda ganjar KALO GA ANIS YA GANJAR NGAPAIN OWO 2LOL,Neutral,1,Neutral,1,Neutral,0.05768514,0.8589473,0.0833675
50,"Terimakasih , semangat terus demi anak anak bangsa",Positive,2,Positive,2,Positive,0.004610024,0.0008849482,0.994505
2160,"bukn gk tau tp masa bodo, nmanya jg bagi2 uang rakyat bkas mnutupi kemenangan pilpres kmaren",Neutral,1,Neutral,1,Neutral,0.09314941,0.83806974,0.06878083
5304,@Purbaya Yudhi Sadewa @gerindra pak🙏🙏,Neutral,1,Neutral,1,Neutral,0.035786178,0.8909515,0.07326233
2685,Sesuai sama usn banyakan wrong nya kalo ngomong,Neutral,1,Neutral,1,Neutral,0.060160644,0.85620904,0.08363026
3089,oh gak nanya😹,Neutral,1,Neutral,1,Neutral,0.037588812,0.9124222,0.049988978
1581,para usaha catering di daerah ku dari yang lumayan besar sampai yang terkecil tiba tiba dapurnya disulap jadi dapur MBG dan bbrp restoran langganan aku langsung tutup dan sulap jadi dapur MBG 🗿,Neutral,1,Neutral,1,Neutral,0.06707131,0.8726124,0.060316227
2486,harus beda dong. bumil makan salad yang ada bayinya bisa ccad. anak kecil makan pedes gaboleh karna belum toleransi capcaisin. kalo siswa mah udah bisa cerna semua jenis makanan jadi apapun aman2 aja.,Neutral,1,Neutral,1,Neutral,0.02730123,0.9152885,0.05741031
5051,Sudah ada penguasa 😁,Neutral,1,Neutral,1,Neutral,0.11127186,0.84656334,0.042164873
224,Sebaiknya PROGRAM MBG Di utamakan di Wilayah2 se perti ini...baru terasa sekali MANFAAT nya..😭😭😭,Positive,2,Positive,2,Positive,0.0057844133,0.001112924,0.99310267
4471,🙃benar1000% pabrik tahu di saya mau masuk ajj gak bisa padahal kadang ada menu tahunya.,Neutral,1,Neutral,1,Neutral,0.086916335,0.8175181,0.095565595
1605,makanan enak bgini lohhh kok malah disuruh berenti 😭,Negative,0,Negative,2,Positive,0.004117764,0.0015742336,0.99430805
2905,daerah mana ini bisa jadi percontohan,Neutral,1,Neutral,1,Neutral,0.025576547,0.8901448,0.08427862
5317,"konoha ne boss ,,bubarin dong 🤣🤣🤣",Neutral,1,Neutral,1,Neutral,0.04582226,0.8784489,0.07572892
2983,"cerdas...gak usah jauh"" .di dalam keluarga aja .mau apa"" harus pake duit .kloe ga da duit .ga di jatah..🤣🤣🤣",Neutral,1,Neutral,1,Neutral,0.05835576,0.87193614,0.0697081
4103,"petani setor ke owner mbg,yg ada rugi,blm lgi nti cm dijanjiin dibyarnya utang,wong umkm bny yg nolak pesanan mbg krn minta hrg murah",Neutral,1,Neutral,1,Neutral,0.047905922,0.8959761,0.056117874
3280,"Bagus sekali program ini, petani dan peternak lokal juga ikut terbantu dengan terserapnya hasil panen untuk MBG.",Positive,2,Positive,2,Positive,0.005193231,0.0010238187,0.99378294
3911,Hati hati Nanti ada Gojek Yang jemput 😂😹,Neutral,1,Neutral,1,Neutral,0.040889464,0.8928531,0.06625745
3235,Cc : @Sekretariat Kabinet RI,Neutral,1,Neutral,1,Neutral,0.040966097,0.88093984,0.07809405
346,Ini malah yang harusnya diutamakan bukan anak orang mampu dikasih mbg.,Neutral,1,Neutral,1,Neutral,0.027900655,0.9172701,0.054829147
1135,"Ya memang program cari untung buat kroninya, stunting urusan belakangan. Masa blm pada ngeh",Negative,0,Negative,0,Negative,0.87467045,0.10298112,0.022348473
4095,"bukan kara banyak duit mang,tapi lebih ke punya orang dalam,atau keluarga yg punya dapur itu sendiri 🤭",Negative,0,Negative,1,Neutral,0.04698797,0.88029236,0.07271974
3311,miris bgt 😢😢 gw sih udh gk berharap apa apa skrg pasrah aja udah 😢😢 kali aja masuk surga krn dizolimin tiap hari,Negative,0,Negative,0,Negative,0.9768982,0.0018317023,0.021270137
4206,"Secara keseluruhan, sistem distribusi di beberapa daerah masih semrawut dan makanan sering datang terlambat saat jam istirahat sudah usai.",Negative,0,Negative,0,Negative,0.97759116,0.0017307191,0.020678135
2178,"dg bajet segitu bisa enak kaya gitu Di tempat q paling ayam kadang telor sama ayam kadang anyeb ngga ada rasanya , bersyukur yg dapat MBG dari sppg di situ",Positive,2,Positive,2,Positive,0.0073020514,0.001118009,0.99158
3675,di pantau dulu 🗿,Neutral,1,Neutral,1,Neutral,0.030991368,0.897175,0.071833625
2313,"pingin murah, kualitas harus bagus pembayaran kontra bon, bahkan sekarang uang saya 70 jt di dapur ,dgn alasan blm cair dari pusat 😩",Positive,2,Positive,2,Positive,0.0036964077,0.0008123729,0.9954912
505,Gedung Gedung KDMP dripada ngangur buat MBG bisa bermanfaat .dripada ngangur tiap desa..ngk prlu sewa tempat...,Positive,2,Positive,2,Positive,0.0062653874,0.0010676612,0.992667
2619,"Dari sudut pandang masyarakat, apakah ada panduan khusus bagi siswa yang membawa bekal sendiri dari rumah saat MBG dibagikan?",Neutral,1,Neutral,1,Neutral,0.040052705,0.8810234,0.0789239
3462,ini fakta guys,Neutral,1,Neutral,1,Neutral,0.037610926,0.87994814,0.08244095
3066,Semoga menu yang disajikan selalu bervariasi setiap hari dan tetap memenuhi standar gizi seimbang.,Neutral,1,Neutral,1,Neutral,0.031304035,0.86554635,0.10314963
2889,harus ada orang dalam,Negative,0,Negative,0,Negative,0.98043764,0.0021271715,0.01743517
1813,"apalagi pas perang gini, nyatanya pas perang gini mbg tetep ada tapi subsidi BBM kita masih terkendali, udh baca data JP.morgan belum kalo indonesia masuk no 2 negara yg bertahan dari krisis energi, justru mbg ditengah lagi perang gini supplier atau petani dapet kepastian pembeli dari negara, jadi ekonomi lokal jalan justru mbg ini program produktif karena duitnya muter gak ngendep jadi tai doang",Negative,0,Negative,0,Negative,0.9813399,0.0012692615,0.017390857
1687,Diharapkan ada transparansi data mengenai jumlah sekolah dan siswa yang sudah terlayani MBG hingga saat ini.,Neutral,1,Neutral,1,Neutral,0.07430369,0.8709638,0.05473245
3247,bener banget kang,Neutral,1,Neutral,1,Neutral,0.027468458,0.87025344,0.102278024
873,"Ga heran kenapa banyak oknum orang luar jawa yang rasis ke jawa, soalnya oknum orang kita sendiri malah menjajah tanah yang harusnya memberi makan mereka😢",Neutral,1,Neutral,0,Negative,0.9761738,0.007096974,0.016729232
4971,mbg penuh kkn,Neutral,1,Neutral,1,Neutral,0.057991687,0.8600872,0.08192111
1803,serius ngomong gini tanpa tau lapangannya gimana? banyak orang yang belanja jadi susah karna supply dan prioritas selalu ke MBG dibanding ke penjual sayur kecil atau supplier pasar kaya ps minggu...,Neutral,1,Neutral,0,Negative,0.9069918,0.049745988,0.04326227
673,Karna dananya sudah masuk brangkas pribadi ..untuk istri dan anaknya 😂😂,Neutral,1,Neutral,1,Neutral,0.041933738,0.86475146,0.09331483
35,Kapan pengangkatan pegawai bgn yg belum terdaftar di pppk di berikan,Neutral,1,Neutral,1,Neutral,0.033646405,0.88687986,0.07947366
281,Waduh kaget saya,Neutral,1,Neutral,1,Neutral,0.045666847,0.87448484,0.07984825
586,"""program untuk mencegah stunting"" Tapi yang nikmatin hasilnya di daerah"" kota rata"",blomm lagi kepala dapur yg pasti jadi kaya raya",Neutral,1,Neutral,1,Neutral,0.029338038,0.87253886,0.09812304
546,D sana kalo anggaran 15rb cuma dapat nasi doang seporsi,Neutral,1,Neutral,1,Neutral,0.030905413,0.90391505,0.065179504
1568,"disini lah yg bikin harga bahan pokok naik, karena langsung ""cut"" distribusi/suplay barang, yg awalnya pengecer/warung ambil barang didistributor yg barangnya melimpah tp harus berebut stock sama dapur MBG. hingga barang stock barang/daging/telur pun jd berkurang, hukum ekonomi klo permintaan barang meningkat maka disitulah harga akan naik.😂",Neutral,1,Neutral,1,Neutral,0.11787855,0.78230274,0.099818714
3321,"memang ruwet, bahkan sampai ada juragan tahu yang nggak nyuplai lagi gegara cuma perantaranya dipecat. nggak semua petani beruntung bisa nyuplai. kebahagiaan petani jalur MBG tidak mewakili petani seluruh Indonesia.",Positive,2,Positive,2,Positive,0.4000403,0.04551083,0.55444884
2942,"Harus diakui, bagaimana mekanisme pengawasan distribusi makanan agar selalu tepat waktu sampai ke masing-masing sekolah?",Neutral,1,Neutral,1,Neutral,0.042112518,0.88060206,0.07728544
5166,"Dari sudut pandang masyarakat, sebaiknya menu makanan disesuaikan dengan kearifan lokal dan hasil bumi di masing-masing daerah.",Neutral,1,Neutral,1,Neutral,0.033522442,0.8902527,0.07622487
3820,"@gerindra @Purbaya Yudhi Sadewa ruwet, bisa gak sih dibikin simpel dari petani langsung dapur MBG",Neutral,1,Neutral,1,Neutral,0.03883408,0.8820687,0.079097226
4625,intinya harus ada ordal pak😂,Neutral,1,Neutral,1,Neutral,0.049920935,0.908387,0.041691978
5499,@gerindra @purbaya yudhi sadewa @dedymulyadi.offic0 @KPK_RI,Neutral,1,Neutral,1,Neutral,0.03944104,0.88955057,0.07100834
366,Ohh Tuhan kapan bisa merata beneran pembangunan,Neutral,1,Neutral,1,Neutral,0.028233957,0.88930076,0.08246517
5266,iya mrks cma omon omon,Negative,0,Negative,0,Negative,0.97573245,0.0017030882,0.022564417
4299,semoga cepat diatasi,Neutral,1,Neutral,1,Neutral,0.031746592,0.8928587,0.075394824
291,"Terkait kebijakan ini, harus ada tim ahli gizi yang rutin mengecek kualitas dan kandungan kalori makanan di setiap unit dapur.",Neutral,1,Neutral,1,Neutral,0.035438556,0.8981685,0.06639293
4565,di online banyak,Neutral,1,Neutral,1,Neutral,0.048494738,0.8888959,0.06260937
542,"Menurut saya, sebaiknya menu makanan disesuaikan dengan kearifan lokal dan hasil bumi di masing-masing daerah.",Neutral,1,Neutral,1,Neutral,0.033807717,0.89575857,0.070433654
1730,ngeselin yah chef Hehehe,Neutral,1,Neutral,1,Neutral,0.17316353,0.7401454,0.086691014
4726,kita kala tender..namannya juga proyek,Neutral,1,Neutral,1,Neutral,0.067779526,0.85271895,0.07950158
2205,gaya men bahasa lu korelasi tapi ga ada isi nya 😭 sosoan bet.,Neutral,1,Neutral,1,Neutral,0.039748065,0.89166856,0.06858342
4844,@gerindra @Gibran Rakabuming,Neutral,1,Neutral,1,Neutral,0.032243382,0.9024917,0.065264955
5291,"Jujur saja, perlu diperhatikan ketahanan makanan selama proses pengiriman agar tidak cepat basi saat cuaca panas.",Neutral,1,Neutral,1,Neutral,0.035439964,0.8991649,0.06539512
5132,@Sekretariat Kabinet RI @Teddy Indra Wijaya HQ @gerindra @Purbaya Yudhi Sadewa @kementanri,Neutral,1,Neutral,1,Neutral,0.034640234,0.9006518,0.06470788
3316,"Tentu saja, harus ada tim ahli gizi yang rutin mengecek kualitas dan kandungan kalori makanan di setiap unit dapur.",Neutral,1,Neutral,1,Neutral,0.03869133,0.88839823,0.07291039
927,MBG makan ga gratis 😎,Neutral,1,Neutral,1,Neutral,0.043381084,0.8598397,0.09677926
2243,"ya kalo mau si petani buat izin, bikin koperasi/CV.
gimana dia mau berkembang kalo tidak mau mengikuti peraturan yg ada.
seumur hidup bakal jadi petani terus",Neutral,1,Neutral,1,Neutral,0.025371747,0.86781925,0.10680899
2999,"Harus diakui, sebaiknya menu makanan disesuaikan dengan kearifan lokal dan hasil bumi di masing-masing daerah.",Neutral,1,Neutral,1,Neutral,0.032113943,0.89417136,0.07371467
1954,"Bapakku petani kak,mau beli pupuk subsidi aja susah minta ampun",Neutral,1,Neutral,1,Neutral,0.036995288,0.8933338,0.06967092
875,"Papua bukan tanah kosong. Bumi dirampas tapi hasilnya tidak kembali. Pejabat gonta ganti kendaraan dinas, renovasi rumah dinas, dapat jatah perizinan perusahaan. Ga salah Papua mau independen",Negative,0,Negative,0,Negative,0.48032323,0.4090476,0.110629134
5398,akhirnya sudah ada yanv berani bicara,Neutral,1,Neutral,1,Neutral,0.023156771,0.87836397,0.09847922
390,"Sabar bung apalagi ya udah gencar""nya di bangun masih ada yg nemu duri di tumpukan jerami",Neutral,1,Neutral,1,Neutral,0.03597888,0.90175295,0.062268168
374,"pinter nih pejabat n gurunya disana ya, jawabannya masuk2 semua",Neutral,1,Neutral,1,Neutral,0.030937625,0.90218323,0.06687915
3815,"@Andi Amran Sulaiman
@Menteri Keuangan RI",Neutral,1,Neutral,1,Neutral,0.03818239,0.90040195,0.061415676
5104,Astaghfirullah NAUZUBILLAH kelakuan para penguasa,Neutral,1,Neutral,0,Negative,0.8436355,0.10691444,0.04945004
4977,@gerindra @Purbaya Yudhi Sadewa 🙄,Neutral,1,Neutral,1,Neutral,0.041320134,0.875167,0.08351284
3888,ini baru petani asli .,Neutral,1,Neutral,1,Neutral,0.033697944,0.89340866,0.07289342
213,Minum rumput teki biar bijinya sembuh,Neutral,1,Neutral,1,Neutral,0.035127915,0.8835691,0.08130289
678,"Sudahlah.... Indonesia meminggirkan mereka sampai kapan hidup mereka tidak mampu berubah... Pemimpin kaya raya mengikis harta kekayaan bumi mereka.. MBG sahaja tidak dilaksanakan di tempat yg sepatutnya. .. wahai pemimpin indonesia umur kamu semKin pendek, tiada apa yang mampu memberhentikan masa. CCTV Allah SWT sentiasa memperhatikan dan rakaman akan tersimpan sampai dihari pembalasan.... Andai esok masih mampu membuka mata bantulah mereka...",Neutral,1,Neutral,0,Negative,0.8558651,0.10690481,0.037230074
4218,"harusnya suplayer mbg tuh bukan cuman di satu orang aja, harus nya gantian biar yang lain juga bisa dapet rezeki",Neutral,1,Neutral,1,Neutral,0.043061916,0.87288827,0.08404992
338,"BBC Oke banget,. Yuk di Share, share, share,. Biar semua tau, biar presiden Tdk hanya menerima laporan fiktif",Positive,2,Positive,1,Neutral,0.028801683,0.9095794,0.06161887
1026,MBG bukan untuk rakyat. tapi kontrak politik para elit pejabat.,Neutral,1,Neutral,0,Negative,0.86911,0.08889479,0.041995216
1477,Bangsa ini pejabat²nya pada MALING yaaaa🤣🤣🤣,Negative,0,Negative,0,Negative,0.98066026,0.0022050897,0.017134754
2666,Setuju banget. Lagi juga langsung petani suka lebih mahal pak daripada ke pengepul loh,Positive,2,Positive,2,Positive,0.0071023265,0.0013352546,0.9915624
1123,"Ya karena dipimpin lansia, Jawa ga butuh mbg meskipun saya dijawa",Neutral,1,Neutral,1,Neutral,0.032973595,0.86703557,0.09999085
652,Klo di daerah pedalaman setuju adanya MBG . Tp klo di kota ngak perlu yg makan rata rataorang tuanya.mampu. tp mereka ngak bakalan mau buat mbg di pedesaan karena bahan bakunya sulit . Dan Medan lapangannya juga sulit JD mau korupsi susah .,Negative,0,Negative,0,Negative,0.9761763,0.0013238274,0.022499874
2868,"Miris banget, lekas pulih Indonesia😭",Negative,0,Negative,0,Negative,0.9735107,0.0030618324,0.023427604
5392,"Tentu saja, perlu diperhatikan ketahanan makanan selama proses pengiriman agar tidak cepat basi saat cuaca panas.",Neutral,1,Neutral,1,Neutral,0.03432238,0.8933978,0.072279796
2993,"iya lagi kaya gini, soalnya aku denger langsung dari karyawan toko yang suka suplai susu uht",Positive,2,Positive,2,Positive,0.0061590807,0.0016188823,0.992222
4976,"kemarin apel nya ada ulat kecil , dari luar nya udah curiga sih soalnya belah belah kering gitu, dan mamah ku kasih aku karna takut ade ku keracunan mungkin🙂",Negative,0,Negative,0,Negative,0.97721696,0.0019162148,0.020866811
3,"Kami investor dapur SPPG 3T DAN TERPENCIL Kapan di bayar , BGN RI Komitmen dong, daerah terpencil pun rakyat Indonesia yg memiliki hak yg sama terkait Gizi, jangan tipu kami sebagai investor yg mendukung program @prabowo @prabowo",Negative,0,Negative,2,Positive,0.004033939,0.0038054155,0.9921606
1870,kosrupsi udah mendarah daging di negeri ini,Neutral,1,Neutral,0,Negative,0.9310569,0.04148141,0.027461596
2856,"Tentu saja, bagaimana tindak lanjut pemerintah jika ada sekolah yang belum terjangkau fasilitas pendukung distribusi makanan?",Neutral,1,Neutral,1,Neutral,0.037876002,0.8862538,0.07587018
3439,"Makanan mbg patku sumpah kaya gak niat masak, sayurnya pada lodoh, nasinya mau basi yaallahh program sebagus ini tp ditangan org yg salah😭 jdi aku gpernah ambil mbg lagi",Negative,0,Negative,2,Positive,0.10387264,0.06852175,0.8276056
4931,beli ke petani murah di nota dapur harga ngikuti standar 😁,Neutral,1,Neutral,1,Neutral,0.042615753,0.8948616,0.062522665
5192,bener tu bg,Neutral,1,Neutral,1,Neutral,0.037798915,0.8879913,0.07420976
3223,oh gtu ya mainya...,Neutral,1,Neutral,1,Neutral,0.05127453,0.85617185,0.09255363
4221,emang dia pernah ngomong apa?,Neutral,1,Neutral,1,Neutral,0.07245252,0.8596794,0.06786801
189,"Ini ditahun 2026 yg dimana kota-kota di Indonesia sdh begitu maju, dan msh ada berita sprti, rasanya sakit smpai ke lubuk hati.",Neutral,1,Neutral,1,Neutral,0.056546576,0.8280991,0.115354426
4737,RIP INDONESIA 🥺,Neutral,1,Neutral,0,Negative,0.9336559,0.037089694,0.029254483
4165,mas wapres... @Gibran Rakabuming bisa di cek ke lapangan....?,Neutral,1,Neutral,1,Neutral,0.03227777,0.90403175,0.06369055
1988,Setengah periode aja gimana,Neutral,1,Neutral,1,Neutral,0.046319757,0.8884226,0.06525755
535,Soalnya nda ada mitra SPPG yang invest disana. 😂 termasuk relawan pak Prabowo sendiri.,Neutral,1,Neutral,1,Neutral,0.09951702,0.80951804,0.09096493
1384,"Harus tegas terhadap nyawa kalo takdir anak nya hilang nyawa karna MBG payah tutup lagi, ini aja keracunan",Negative,0,Negative,0,Negative,0.9784268,0.002251296,0.019321866
1162,"betapa dzolimnya pemerintahan prabowo, astaghfirulloohaladziim",Negative,0,Negative,0,Negative,0.9827784,0.002291777,0.014929862
1323,Program yg tdk cocok dg kpntingan murni rakyat harus ditolak karena dpr sdh tdk berpungsi,Neutral,1,Neutral,0,Negative,0.7118797,0.2327235,0.055396825
2536,yg mewakili kamu itu yg nyenyenye,Neutral,1,Neutral,1,Neutral,0.026507638,0.88740844,0.08608393
2027,"Menanggapi hal tersebut, perlu evaluasi berkala mengenai penerimaan rasa dan porsi makan siang yang diberikan kepada para siswa.",Neutral,1,Neutral,1,Neutral,0.044338707,0.8704927,0.08516863
5335,habis viral.. di masukkan bang😁,Neutral,1,Neutral,1,Neutral,0.03515556,0.89504826,0.0697962
2375,"Terkait kebijakan ini, perlu transparansi anggaran yang jelas dan audit berkala agar program ini bisa dievaluasi dengan baik oleh publik.",Neutral,1,Neutral,1,Neutral,0.055286467,0.90167856,0.043034967
2959,"ente sehat😁😁😁😁ini kan program presiden,pimpinan MBG yg nunjuk presiden 😁😁😁",Positive,2,Positive,2,Positive,0.012232376,0.045769185,0.9419984
5404,bukan kaleng kaleng ni abang,Neutral,1,Neutral,1,Neutral,0.042336203,0.8886481,0.06901569
2190,"ikan digoreng kok jadinya chicken, cef..? 😂",Neutral,1,Neutral,1,Neutral,0.03586891,0.8889603,0.0751708
2533,berarti bukan salah presiden salah yang mengelola,Neutral,1,Neutral,1,Neutral,0.040366724,0.8713991,0.08823421
1468,lebih baik program MBG diubah menjadi pendidikan geratis,Neutral,1,Neutral,1,Neutral,0.037886716,0.8732808,0.08883254
1878,namanya juga bisnis,Neutral,1,Neutral,1,Neutral,0.07422848,0.76455677,0.16121477
4219,Denger tu pejabat,Neutral,1,Neutral,1,Neutral,0.077892154,0.84151775,0.08059013
11,Semoga masyarakat ikut mendukung,Positive,2,Positive,2,Positive,0.005123571,0.0007525239,0.9941239
1341,"Tobat wo. Ratusan Trilyun bisa bikin pabrik buat kerja masyarakat, bisa bikin ribuan km jalan, bisa buat naikin gaji guru, dll. Tobat wo, mbg lu banyakan dikorup, ratusan ribu orang jadi pegawai mbg tapi ratusan juta rakyat kena dampak harga naik, kerjaan hilang, ribuan anak anak keracunan gara gara dikasih makanan busuk.",Negative,0,Negative,0,Negative,0.97724336,0.0013960572,0.021360513
2000,"kerja, kerja,, usaha.
di kasi peluang itu di usahakan, bukan nunggu di supain.",Neutral,1,Neutral,1,Neutral,0.029806735,0.9018599,0.06833344
1863,"protein kan bnyk ya ,kalo di sekolah adeku proteinnya ayam sm telor doang ,mana ayamnya di goreng sampe alot 🤣🤣🤣",Neutral,1,Neutral,1,Neutral,0.031044815,0.88858765,0.080367476
3554,Sekarang MBG libur. Harga auto Anjlok semua 🤣🤣🤣🤣,Neutral,1,Neutral,1,Neutral,0.16631688,0.7910867,0.042596467
1140,No 1 sampe tiga itu bisa dilakukan sama pemerintah semua cuman mereka lebih milih uangnya di makan sendiri,Neutral,1,Neutral,1,Neutral,0.040007718,0.88353765,0.07645457
4874,"presiden paling bkin muakkkk, udah bener2 kalah terus malah dikash menang",Neutral,1,Neutral,0,Negative,0.9015971,0.06034223,0.038060647
1651,Divideo sering lewat katanya petani di era wowo pada seneng bang,Positive,2,Positive,2,Positive,0.0057036905,0.000837591,0.9934587
4885,"Jujur saja, perlu ada petugas khusus yang bertanggung jawab memeriksa kelayakan makanan sebelum dibagikan ke siswa.",Neutral,1,Neutral,1,Neutral,0.038888253,0.89085037,0.070261315
310,"its clearly evident that the government doesn't really strategize it effectively and with a professional, whereas I definitely know this country has a lot of stellar minds",Neutral,1,Neutral,1,Neutral,0.027084928,0.67275834,0.30015677
3593,Awas bang nanti ada yang sidak ke rumah pegawai sppg nya haha,Neutral,1,Neutral,1,Neutral,0.043547325,0.8789026,0.07755002
4630,Bagaimana mekanisme pengawasan distribusi makanan agar selalu tepat waktu sampai ke masing-masing sekolah?,Neutral,1,Neutral,1,Neutral,0.03692743,0.8928451,0.07022747
1697,"banyak yang nyalahin presiden,padahal problem di negara ini bukan dari presidennya",Neutral,1,Neutral,1,Neutral,0.23656513,0.679821,0.08361391
5486,"klu stok barang mu enggak habis² bisa tu jadi suplayer,,, asal enggak putus²",Neutral,1,Neutral,1,Neutral,0.02883644,0.89751524,0.07364833
583,"Kalau mendirikan dapur di daerah seperti ini,ga bakalan ada lebihnya dan ga bisa korupsi,modalnya terlalu besar 😂😂😂",Negative,0,Negative,0,Negative,0.98137236,0.0022296484,0.01639797
2358,"iya dapur lo mngkin bener, tapi mayoritas dapur mbg tidak sprti dapur lo, bisa lo jamin semua dapur di daerah bener sprti dapur lo?",Neutral,1,Neutral,1,Neutral,0.043301493,0.8713535,0.085345015
1609,Ini saya yg buat menu bukan ahli gizi,Neutral,1,Neutral,1,Neutral,0.044005655,0.8760185,0.07997575
2853,sangat mewakili ini😂,Neutral,1,Neutral,1,Neutral,0.046478104,0.84164107,0.11188077
1320,"Insan Pendidikan dimuliakan era SBY, dihinakan era Prabowo. Guru gajih 100-500 rbu, harus direpotkan dengan MBG, tanggung jawab keracunan, protes wali murid. Yang gajih super gede pegawe MBG",Negative,0,Negative,0,Negative,0.9793258,0.0015958475,0.019078255
5026,"Melihat fakta di lapangan, perlu transparansi anggaran yang jelas dan audit berkala agar program ini bisa dievaluasi dengan baik oleh publik.",Neutral,1,Neutral,1,Neutral,0.042623192,0.8810314,0.076345496
3618,"maaf teman2, Emang kalian masih percaya sama pejabat konoha ini...?",Neutral,1,Neutral,1,Neutral,0.13543555,0.7951392,0.06942527
544,Orang 3 t.tersiksa terlupakan tertekan dalam ke tidak adilan ekonomi.,Negative,0,Negative,0,Negative,0.98178804,0.0027939063,0.015418069
520,"yg dikota2 mbg mubazir cuma jadi sampah sisa, justru tmpt yg terisolasi malah tidak dpt",Negative,0,Negative,0,Negative,0.98087573,0.0013900812,0.017734207
1136,"Mbg goblog program ga becus, pajak gw bukan buat kenyangin perut pejabat oy",Negative,0,Negative,0,Negative,0.9810127,0.0017089001,0.01727835
4953,Memang benar bahwa pengelolaan sampah sisa makanan harus dipikirkan agar tidak menimbulkan masalah lingkungan di sekolah.,Neutral,1,Neutral,1,Neutral,0.041599162,0.87622607,0.08217483
1686,di dapur gw juga 7 orang. gada tuh keteter karna gw ngasih arahan kerja jelas satu orang satu kerjaan jadi fokus,Neutral,1,Neutral,1,Neutral,0.039768584,0.88450897,0.0757224
3596,NGERI BGT WEH,Neutral,1,Neutral,1,Neutral,0.01711861,0.9021089,0.08077245
3898,"Jujur saja, bagaimana mekanisme pengawasan distribusi makanan agar selalu tepat waktu sampai ke masing-masing sekolah?",Neutral,1,Neutral,1,Neutral,0.03375941,0.8936077,0.072632916
2108,betul bang jujur bgt,Positive,2,Positive,2,Positive,0.0037708213,0.0018732384,0.99435586
3414,"Harus diakui, daripada anggaran fantastis untuk makan gratis, lebih baik diprioritaskan untuk memperbaiki fasilitas sekolah yang rusak.",Negative,0,Negative,0,Negative,0.9789204,0.0015734129,0.019506203
3108,"Melihat fakta di lapangan, pihak dinas terkait harus rutin melakukan uji sampel makanan secara acak di berbagai sekolah.",Neutral,1,Neutral,1,Neutral,0.036778893,0.89632416,0.066896915
1199,Perjuangkan nasibnya Guru sebagai tombak kecerdasan Bangsa,Neutral,1,Neutral,1,Neutral,0.025260659,0.81540596,0.15933335
3059,"Dari sudut pandang masyarakat, senang melihat anak-anak antusias menikmati makanan sehat dan bergizi di sekolah mereka.",Positive,2,Positive,2,Positive,0.00594105,0.0010938831,0.9929651
2737,Sejauh mana kesiapan fasilitas penyimpanan makanan di sekolah agar kualitas nutrisi tetap terjaga sebelum jam makan siang?,Neutral,1,Neutral,1,Neutral,0.03999398,0.88928115,0.07072487
3166,"Menurut saya, perlu ada petugas khusus yang bertanggung jawab memeriksa kelayakan makanan sebelum dibagikan ke siswa.",Neutral,1,Neutral,1,Neutral,0.042351406,0.8815132,0.076135464
1152,"semoga semua SPPG di jawa tetap ada & bertambah, aamiin🤲",Neutral,1,Neutral,1,Neutral,0.029553097,0.8413652,0.12908176
4683,"baik mundur dari sekarang deh, jadi presiden ga layak banget",Negative,0,Negative,0,Negative,0.84277356,0.11337974,0.043846637
2597,buzzer selalu “tetangga saya” “temen saya” gapernah SAYA.. yaelah,Negative,0,Negative,0,Negative,0.9742017,0.0019867013,0.02381166
244,Kasihan sekali negara kita ini... Rakyat disana membutuhkam mbg ternyata program mbg disana tdk seperti yg di gembar gembor kan pemerintah... program mbg banyak salah arah,Negative,0,Negative,0,Negative,0.98266083,0.0014642215,0.01587489
2410,jangankan sama pemerintah sama swasta aja yg namanya pasti payment delaaaaaaii,Neutral,1,Neutral,1,Neutral,0.0497273,0.87996787,0.07030484
847,sekian tahun papua dikeruk emasnya tapi apa yang mereka dapat?,Negative,0,Negative,0,Negative,0.9768635,0.0023974583,0.020739075
2472,"Menurut saya, pihak dinas terkait harus rutin melakukan uji sampel makanan secara acak di berbagai sekolah.",Neutral,1,Neutral,1,Neutral,0.036984853,0.8933493,0.06966584
680,kalau kata wowo n frens kan kurang cuan disono😍,Negative,0,Negative,0,Negative,0.9569032,0.016944991,0.02615176
1754,cheff kepala BGN katanya mengundurkan diri alasan mau berobat keluar negri tapi kagak ada penjelasan dia sakit apa😏😏😏😏😏 kek janggal beritanya,Negative,0,Negative,0,Negative,0.9684018,0.013674299,0.017923936
1437,"ngga heran sih, memang sudah waktunya dijebloskan ke penjara karena banyak projek-projek ngga jelas mulai dari oengadaan laptop, kaoskaki, motor dll",Neutral,1,Neutral,0,Negative,0.98038447,0.006540342,0.013075207
860,prabowo tidaknpernah ambil tahu? kasihan lah dengan warga anda yg serba kekurangan kasihanilah mereka,Negative,0,Negative,0,Negative,0.8424895,0.114828765,0.04268173
3216,"apaam, banyak yg ikut tender malah yg dapat timses kebanyakan. Jangan aneh2 deh",Neutral,1,Neutral,1,Neutral,0.032638386,0.90225834,0.065103315
4756,"Secara keseluruhan, diharapkan ada saluran pengaduan resmi jika pihak sekolah menemukan kendala terkait kualitas makanan MBG.",Neutral,1,Neutral,1,Neutral,0.03769346,0.87777495,0.084531575
1799,"betul, di Desa ku sana bnyk temen2 yang buat bisnis peternakan baru sama perikanan, karna permintaan pasar lagi tinggi2nya dan bagusnyaa lagi ini nyerap tenaga kerja masyarakat sekitar sana.",Positive,2,Positive,1,Neutral,0.029674795,0.842076,0.12824921
357,MBG harusnya bnyk di Papua...si Dadan malah mau buka MBG di Riyadh,Neutral,1,Neutral,1,Neutral,0.04252993,0.91818297,0.039287034
4341,kalau ngomong kok ya benaaaar.....,Neutral,1,Neutral,1,Neutral,0.018293835,0.81871396,0.16299222
5210,@gerindra @Gibran Rakabuming @Purbaya Yudhi Sadewa,Neutral,1,Neutral,1,Neutral,0.03854517,0.8852423,0.076212615
4802,"Sangat bersyukur dengan adanya program makan siang gratis ini, anak-anak mendapatkan asupan nutrisi berkualitas.",Positive,2,Positive,2,Positive,0.006763469,0.0013272193,0.9919093
3636,ko ini enak si menu MBG ny pasti anak2 suka tapi sayang di sekolah anak saya telurrrrrrr always 😏,Positive,2,Positive,2,Positive,0.004438531,0.0006369129,0.99492455
3203,"di negeri Konoha tereliasisasi butuh UUD (ujung ujung duit) pengalaman pribadi..saling untung menguntungkan dalam dunia bisnis..kloe kita pelit.. di acuhkan..tpi jngn pernah main"" bisnis dengan para pejabat Konoha..harus punya modal besar..biar ga tumbang. 😅🤣🤣",Neutral,1,Neutral,1,Neutral,0.2729368,0.558792,0.16827123
2910,"Melihat fakta di lapangan, perlu ada petugas khusus yang bertanggung jawab memeriksa kelayakan makanan sebelum dibagikan ke siswa.",Neutral,1,Neutral,1,Neutral,0.038814276,0.88772005,0.07346565
420,"Iya pasti, harus di pilot project-nya mau g mau dekat dengan Jakarta dulu. Yang agak jauh dari Jawa pasti lebih telat dapat. Jangankan di Papua, lumayan yakin di Maluku dan Ambon g banyak dapur.",Neutral,1,Neutral,1,Neutral,0.03499738,0.90132177,0.063680835
5464,"Terkait kebijakan ini, pihak dinas terkait harus rutin melakukan uji sampel makanan secara acak di berbagai sekolah.",Neutral,1,Neutral,1,Neutral,0.046474293,0.86882854,0.08469717
2715,tpi nawar nya sadis MBG itu kualitas harus bagus ... pembayaran kontra bon.. saya aja 70 jt nyangkut di dapur dgn alasan belum cair dari pusat .,Positive,2,Positive,2,Positive,0.0070965295,0.0013577755,0.9915456
3220,"Koneksi supaya bisa bermain, anda untung saya untung gitu wkwk 😂😂",Neutral,1,Neutral,1,Neutral,0.049217906,0.8611063,0.0896759
1808,"berapa pasar sih yg lu cek ? lu juga make sample terus nyamain semua dengan case lu dan digeneralisir yah gak valid juga argumen kecuali lu udh sampeling di beberapa kota baru lu adu data, nyatanya saat ini penyerapan ekonomi lokal udh terjadi dulu banyak berita petani buang makanan karena demandbya gk ada sekarang ada kepastian pembeli secara teori ekonomi bakalan munculin baru cuman yah sabar pemain baru ini juga perlu modal mangkanya menkeu gencrr bua mudahin pinjaman di bank himbara",Neutral,1,Neutral,1,Neutral,0.1434655,0.7942399,0.062294684
4167,"Melihat fakta di lapangan, pengelolaan sampah sisa makanan harus dipikirkan agar tidak menimbulkan masalah lingkungan di sekolah.",Neutral,1,Neutral,1,Neutral,0.03123381,0.89316916,0.07559696
2730,banyakin koneksi atau banyakin duit?,Neutral,1,Neutral,1,Neutral,0.051707998,0.89269125,0.055600792
1503,"Banyak yang ngusulin koruptor hukum mati. Tapi yang musti di garis bawahi itu yang buat undang undang dpr kawan. Kalo kaga di ketok palu tuh undang undang ga bakal jadi jadi Pa wowo ga bisa lawan dpr sendirian, ini bukan kek solo vs squad. Kata gua mah musti ada demo gede gedean buat desek uu hukum mati koruptor, sita aset koruptor sama pembuktian terbalik kekayaan pejabat publik",Negative,0,Negative,0,Negative,0.9869076,0.0040131877,0.009079177
4311,berarti petani yg terkoneksi orang dalam aj ya.. yg bisa di ajak setting harga,Negative,0,Negative,1,Neutral,0.046674136,0.88222015,0.071105756
4074,Memang benar bahwa diharapkan ada saluran pengaduan resmi jika pihak sekolah menemukan kendala terkait kualitas makanan MBG.,Neutral,1,Neutral,1,Neutral,0.035264667,0.8858927,0.07884268
2353,kuality control ketat sampe keracunan,Negative,0,Negative,0,Negative,0.97555727,0.00174293,0.02269987
464,"Lihat pmrintah hrusnya Papua yg di prioritaskan mbg,yg butuh bnget pemenuhan gizi bukan malah pulau Jawa,pdahal propinsi nya penghasil emas tapi masyarakat hidup susah",Neutral,1,Neutral,1,Neutral,0.04037416,0.8861418,0.07348402
3942,betul. alur dan pelaksanaan anda betul seperti ini. mark up,Negative,0,Negative,0,Negative,0.97797763,0.00173758,0.020284792
2252,"lah kocak lo anying kalau gak sesuai administrasi yang ada pencatatan spj dan pertanggung jawabannya gak jelas jadi para auditor bakal tau kalau ada kecurangan, padahal kecurangan gak ada hanya administrasinya kurang. makanya kalau mau jadi supplyer atau vendor itu butuhnya NIB nomor induk berusaha biar jelas ya🙏🏻",Negative,0,Negative,0,Negative,0.9799431,0.0018286484,0.0182282
2029,"Melihat fakta di lapangan, bagaimana mekanisme pengawasan distribusi makanan agar selalu tepat waktu sampai ke masing-masing sekolah?",Neutral,1,Neutral,1,Neutral,0.03778181,0.91294926,0.049268942
1874,"iya kak... modalnya gak sdkit, pengeluaran 1 bln bisa ratusan sampai M-an.. pdhl duit harus muter kalo di utang? muternya pake apa??",Neutral,1,Neutral,1,Neutral,0.060858436,0.8823246,0.05681707
689,Btw Papua emng masih Indonesia ya??? Kok penasaran aku,Neutral,1,Neutral,1,Neutral,0.036215693,0.89844686,0.06533741
3351,Bisa ga jangan tahu muluuu,Neutral,1,Neutral,1,Neutral,0.027164271,0.8904758,0.08235993
2203,bro blom berpengalaman kerja sama dengan pemerintahan,Neutral,1,Neutral,1,Neutral,0.06067128,0.8565158,0.08281284
921,"KARENA ELIT LOKAL DISANA GAK PEDULI. lihat dapur MBG di pulau2 lain. Semua pemiliknya pasti elit lokal situ yg punya duit modal. Memang mereka dapat cuan sih dari MBG, tp setidaknya karena mereka jugalah dibangun mbg di situ.",Negative,0,Negative,0,Negative,0.515078,0.40867466,0.07624734
2696,"jangan berpikir kritis? itu kalo dilihat sekilas pun orang juga bisa mikir kali ini yang salah juga beliau, tugas nya beliau jadi presiden tuh apa? seharusnya sebagai seorang presiden beliau bisa lebih tanggung jawab dengan tugasnya, seenggaknya beliau bisa mengawasi lah jalannya progam dia ini, apakah rakyat puas atau terjadi masalah. kalo terjadi masalah ya tugas dia sebagai presiden mencarikan dan memberi solusi dan memperbaikinya, ini malah harus di ada kasus dulu dan di demo dulu baru diurus.",Neutral,1,Neutral,1,Neutral,0.05427782,0.67770666,0.2680156
134,Terakhir malah gibran yang ada kunker ke papua.,Neutral,1,Neutral,1,Neutral,0.03969957,0.88714087,0.073159575
1197,rakyat mendukungmu jika perlu di semua daerah melakukan demo juga,Positive,2,Positive,2,Positive,0.0061182943,0.0015133201,0.9923684
904,"Buka dapur MBG di Arab Saudi bisa, buka dapur di Papua susah",Neutral,1,Neutral,1,Neutral,0.056435153,0.8720392,0.0715256
127,Program asal²an ngejalaninnya ya begini..ngraacunin anak orang sampai puluhan ribu.. Gila pelaksananya!!!,Neutral,1,Neutral,0,Negative,0.98027474,0.0018366125,0.0178886
3084,maap bang perihal itu tergantung mental kita berani atau tidaknya karna saya juga salah satu supplai perjuangan saya muter 20 mbg tawarin produk Alhamdulillah dari 20 mbg dapet 3 mbg yang cocok harganya emang semuanya harus di ikhtiar,Positive,2,Positive,2,Positive,0.012197167,0.039453283,0.94834954
686,"Secara keseluruhan, bagaimana tindak lanjut pemerintah jika ada sekolah yang belum terjangkau fasilitas pendukung distribusi makanan?",Neutral,1,Neutral,1,Neutral,0.04584027,0.8635726,0.090587094
2741,"Menanggapi hal tersebut, pengelolaan sampah sisa makanan harus dipikirkan agar tidak menimbulkan masalah lingkungan di sekolah.",Neutral,1,Neutral,1,Neutral,0.040295914,0.87640804,0.0832961
4594,"Menurut saya, harap disosialisasikan secara rinci kepada wali murid mengenai rincian menu dan kandungan nutrisi harian.",Neutral,1,Neutral,1,Neutral,0.0405209,0.87818074,0.081298426
5542,"presidennya pura GK tau ,mau balikin modal yg sudah KLH pemilu kmren²",Neutral,1,Neutral,1,Neutral,0.039725356,0.8853999,0.07487475
2015,ta1 emang tu presiden kita,Negative,0,Negative,1,Neutral,0.03381334,0.90914774,0.05703892
2474,mgkin ksih yg lain aja klo gtu😁,Neutral,1,Neutral,1,Neutral,0.028130792,0.90706825,0.064800985
4506,memang program tujuan korup.. parah x,Negative,0,Negative,0,Negative,0.9805879,0.0015483048,0.017863777
2994,"Secara keseluruhan, bagaimana mekanisme pengawasan distribusi makanan agar selalu tepat waktu sampai ke masing-masing sekolah?",Neutral,1,Neutral,1,Neutral,0.03732877,0.8920424,0.070628844
3420,"bukan kabar burung lagi ya emang begitu sistem nya, pake anggaran negara! dia tuh kayak nyq ga nyampe pikirannya kesana hadehhh",Neutral,1,Neutral,1,Neutral,0.12153188,0.82674944,0.051718745
3666,oh ternyata gitu,Neutral,1,Neutral,1,Neutral,0.047914658,0.8758055,0.07627986
800,MBG bukan untuk anak stunting TPI untuk pejabat bertahan hidup,Neutral,1,Neutral,1,Neutral,0.04395212,0.8960932,0.059954684
4127,Mbg beli nya ke supplier yg harganya murah wkwkwk,Neutral,1,Neutral,1,Neutral,0.048896905,0.868528,0.08257513
1985,"Secara keseluruhan, harap disosialisasikan secara rinci kepada wali murid mengenai rincian menu dan kandungan nutrisi harian.",Neutral,1,Neutral,1,Neutral,0.035984118,0.8892414,0.07477446
40,semoga secepatnya teratasi,Neutral,1,Neutral,1,Neutral,0.030886203,0.8899749,0.07913894
1471,Bagusnya para korup ini di hukum mati,Negative,0,Negative,0,Negative,0.97353697,0.0032282742,0.023234703
2615,Sangat mengkhawatirkan jika program sebesar ini terus dijalankan tanpa ada evaluasi mendalam atas kegagalannya di daerah.,Negative,0,Negative,0,Negative,0.9812164,0.0015881853,0.017195463
3895,wowo harus liat nih jangan omon2 aja,Negative,0,Negative,0,Negative,0.980491,0.0018329122,0.01767609
3214,coba aja.. koneksikan mumet mumet yg ada ..,Neutral,1,Neutral,1,Neutral,0.049847964,0.87279654,0.07735549
767,"the program really inefficient, siapa penerima manfaat program sbrnya",Positive,2,Positive,1,Neutral,0.055677745,0.89155906,0.052763212
575,Ya karena emang bukan itu sasarannya...,Neutral,1,Neutral,1,Neutral,0.057894554,0.8601664,0.08193902
3648,"gak boleh bang biar gak ngerusak harga pasar, harus dari suplayer susu aja gak bisa langsung dari pabriknya ntar makin mahal susu makin langka takutnya masyarakat biasa yg mau beli susu gak bisa belii susu.",Negative,0,Negative,0,Negative,0.98279357,0.0026614964,0.014544977
5036,"Secara keseluruhan, penting untuk memastikan sanitasi peralatan makan dan tempat penyajian selalu dalam kondisi bersih dan steril.",Neutral,1,Neutral,1,Neutral,0.037827067,0.8849513,0.07722167
684,dh bagus di proritas bapk jkowi kemarin. eh lawak yg skrng,Positive,2,Positive,2,Positive,0.0042355265,0.0012785066,0.9944859
2564,Km aja yg gntiin klo bisa 😂,Neutral,1,Neutral,1,Neutral,0.044818256,0.87729603,0.07788572
3224,laporin aja kak,Neutral,1,Neutral,1,Neutral,0.03929483,0.8864486,0.074256584
3011,omon omon rezim konoha,Negative,0,Negative,0,Negative,0.9775833,0.0016882273,0.020728469
5406,Mentri sekarang kerjanya ga ada yang becus,Neutral,1,Neutral,1,Neutral,0.033519704,0.9065023,0.059978027
2594,"Menanggapi hal tersebut, penting untuk memastikan sanitasi peralatan makan dan tempat penyajian selalu dalam kondisi bersih dan steril.",Neutral,1,Neutral,1,Neutral,0.051354997,0.8780438,0.07060125
1733,"Gw bikin menu juga udah dipikirin kemampuan team gw. Jadi kalo ada satu menu ribet, lainnya simple. Yang simple udah beres smua tinggal keroyokan ngerjain yg ribet",Neutral,1,Neutral,1,Neutral,0.029863385,0.8634647,0.10667192
3055,"itulah realita berbisnis,
tapi yahh selama mencetak lapangan pekerjaan sih not bad.
asal kepala BGN nya di ganti woy!",Neutral,1,Neutral,1,Neutral,0.021184416,0.6111903,0.36762524
4868,"Tentu saja, harus ada tim ahli gizi yang rutin mengecek kualitas dan kandungan kalori makanan di setiap unit dapur.",Neutral,1,Neutral,1,Neutral,0.03869133,0.88839823,0.07291039
2457,begini pak...klo petani sendirian emang sebanyak apa & berapa jenis Produk pertanian & peternakan yg Anda miliki.... apakah bisa suplai secara kontinyu??? ... itulah perlunya koperasi atau kelompok tani....begitu lho pak🙏🙏🙏,Neutral,1,Neutral,1,Neutral,0.040448494,0.88618803,0.07336345
3536,coba setiap dapur embege begini kreatif ..pasti pada gak ca ci cu...🙏🙏🙏bisa kali di contoh gass cuma saran jgn di serang.makasih sebelomnya semangat buat semua team @sppg.makasar.pinang.ranti 2,Positive,2,Positive,2,Positive,0.0049838526,0.0007040564,0.99431205
2093,kip bos dll aja masih bisa di korup... negara sudah menjamin sekolah gratis aja masih ada pungli.. apa sih yg ga di korupsi kalo dah berbentuk duit.. itu dunia pendidikan loh.. bhkan agama pun di jadikan tameng untuk korupsi..jadi mau di buatkan mbg atau yg lain g jmin ga ada korup.. tapi setidaknya mbg dah membuka lapangan pekerjaan.. dan kalau pun mau di uang kan.. siapa pula yg mau nalangin untuk biaya perhari nya,Negative,0,Negative,0,Negative,0.977879,0.0018157599,0.02030526
4051,"percaya pak, kepala koprasi bpk, bendahara ibu, ahli gizi anak, koki ponakan, sopir pak lek, pokoknya 1 keluarga",Neutral,1,Neutral,1,Neutral,0.043855097,0.7694764,0.18666841
3788,"sppg di sd anak ku ga jelas bgt menunya, yg masak ibu"" hajatan. menunya gtu"" aja. kata ponakan ku, ngga enak bgt tau tante mbgnya, enakan jg masakan tante sama mamah.",Positive,2,Positive,2,Positive,0.004132782,0.0020848615,0.99378234
750,"kenapa cuma 1% di papua? ya karena tujuan MBG memang bukan buat memberantas stunting, tapi buat bikin lahan basah baru untuk dikorupsi",Negative,0,Negative,0,Negative,0.97632515,0.0017529175,0.02192192
5273,malahan koperasi nya itu pun dari mereka,Neutral,1,Neutral,1,Neutral,0.06473749,0.8542174,0.08104503
5241,Mau ku tag ke akun siapa nih gesss ???,Neutral,1,Neutral,1,Neutral,0.039570335,0.8822283,0.078201324
978,Makanan asli bangsa Papua JAUH LEBIH SEHAT DAN BERGIZI daripada menu MBG. Slakan buktikan sendiri ke Papua dan lihat alasan dibalik superioritas fisik bangsa Papua.,Positive,2,Positive,2,Positive,0.0057060146,0.0008995812,0.99339443
5109,ngk usah lah BG.nnt mamak2 bingung mau crk belanjaan d mn.,Neutral,1,Neutral,1,Neutral,0.04102638,0.87331593,0.08565766
4715,klo mau kasih komisi gampang pak,Neutral,1,Neutral,1,Neutral,0.03184153,0.89445484,0.07370365
4270,Memang benar bahwa perlu evaluasi berkala mengenai penerimaan rasa dan porsi makan siang yang diberikan kepada para siswa.,Neutral,1,Neutral,1,Neutral,0.037486646,0.8804975,0.08201584
4038,padahal ambil ke petani harga lebih murah. dari sini kalian ngerti kan MBG banyak orang dalam ajaa. terus korupsinya luar biasaa di MBG😂😂,Negative,0,Negative,0,Negative,0.9869617,0.002274091,0.010764307
3444,"kemarin mbg anakku ceplok telur dan tahu WORTEL , SEKARANG CEPLOK TELUR TAHU DAN WORTEL , beda dibuah kemarin pisang sekrg jeruk",Neutral,1,Neutral,1,Neutral,0.42309284,0.51702595,0.05988121
707,"Karena MBG untuk bagi-bagi uang, bukan untuk kesejahteraan rakyat. Yang punya dapur MBG kan kebanyakan keluarga pejabat",Neutral,1,Neutral,1,Neutral,0.064896174,0.8675158,0.067588
2900,kalo emang bener bals lah Comenan tu boss 😁😁😁,Neutral,1,Neutral,1,Neutral,0.048365187,0.8693414,0.082293496
1442,Korupsi udah mendarah daging dan berakar di Indonesia hukum seumur hidup aja,Negative,0,Negative,0,Negative,0.9790319,0.0019685084,0.018999511
5069,"mereka gak denger mas
yg penting untung banyak masuk ke kantong mereka",Neutral,1,Neutral,1,Neutral,0.031691864,0.9239959,0.044312205
468,emang aneh pemerintah,Neutral,1,Neutral,1,Neutral,0.07887404,0.86305386,0.05807217
1608,padahal ahli gizi tiap sppg ada kan? kok ga smua kreatif yaa menu nya...😭😂 apakah terbentur peraturan sppg?,Positive,2,Positive,2,Positive,0.0052232854,0.0021144242,0.9926623
1592,"padahal kalau dapur2 mbg nerapin standar yang baik seperti cheff kumink, udah di pastikan program ini sukses besar dan masalah keuntungan udah di jelaskan vt ini
karena maruk aja makanya standar di lapangan banyak yg buruk",Positive,2,Positive,0,Negative,0.94137543,0.006569488,0.05205499
1284,"Klo malah jadi sarang koruptor mending dana nya dipakai sebagai dana gratis pendidikan ( gratis dana baju seragam/tas sekolah/sepatu plus kaos kaki, biaya sekolah dan uang saku sekolah ) buat generasi muda mulai TK sampai Perguruan tinggi setingkat S1",Negative,0,Negative,0,Negative,0.98028004,0.0019867904,0.017733106
3845,doang gak jalan perekonomian pasar sedangkan petani panen 3 bulan sekali masak nunggu lu panen dulu baru masak,Neutral,1,Neutral,1,Neutral,0.04402347,0.8608472,0.09512937
2005,bodo....KLO dari petani langsung susah..apalgi klo petani minta hrga maahall.langsung di tolak..rata2 MBG nyari harga2 yg murah..,Neutral,1,Neutral,1,Neutral,0.3072953,0.64528954,0.04741517
1075,"Ingat ya indonesia itu hanya jawa sedangkan lain nya hanya daerah jajahan, untuk wilayah jajahan seperti papua yang hanya di keruk sumberdaya alam nya gak akan pernah jadi proritas. Itu kata kata orang gila di pasar",Neutral,1,Neutral,0,Negative,0.61685467,0.33570737,0.04743798
2487,"SPPG di daerah gue dari november sampe sekarang hampir 99% menunya selalu ayam dan telor, menu selain ayam dan telor cuma 3 kali doang itu juga ikan pindang sepotong, rendang sekali dan kecil bangettttttt terus sama ikan lele sekali. Di kritik alesannya karena kesegeran bahan, halahh bilang aja biar untungnya banyak.",Neutral,1,Neutral,1,Neutral,0.42340803,0.45043802,0.12615405
3749,"Jujur saja, sebaiknya menu makanan disesuaikan dengan kearifan lokal dan hasil bumi di masing-masing daerah.",Neutral,1,Neutral,1,Neutral,0.032719143,0.9005247,0.06675619
808,Karena gak cuan 🤭,Negative,0,Negative,0,Negative,0.9823446,0.0032742755,0.014381151
1336,Memberi makan rakyat kok di demo ngk ngotak pendemo ini,Neutral,1,Neutral,1,Neutral,0.0404435,0.8944051,0.065151274
3360,Anakku usia 11bln dapat mbg isinya tahu isi mana keras bangeeet😂,Neutral,1,Neutral,1,Neutral,0.035217322,0.8959737,0.06880903
3918,"anyway, gua gatau yg 40rb dan nasi kotak (gua lagian ga ngomong gt) tp gua liat mereka yg demo dukung mbg di jakarta dibayar roti dan uang... gua liat sendiri krn gua ikut demo.. mau data?",Positive,2,Positive,2,Positive,0.005393039,0.0010041973,0.9936028
5204,"Melihat fakta di lapangan, hebat, program ini menunjukkan kepedulian besar negara terhadap generasi penerus bangsa.",Positive,2,Positive,2,Positive,0.0064923717,0.0008230068,0.9926846
5186,Namanya juga program bagi2 dengan system sistematis. Yg kaya tambah kaya🗿,Neutral,1,Neutral,1,Neutral,0.038234707,0.8833902,0.07837513
4688,"Harus diakui, sebaiknya menu makanan disesuaikan dengan kearifan lokal dan hasil bumi di masing-masing daerah.",Neutral,1,Neutral,1,Neutral,0.030412924,0.90805143,0.061535582
257,Setuju. Kita harus mengakui kalau bangsa ini telah mengkhianati perasaan saudara kita di Papua.,Negative,0,Negative,0,Negative,0.9799831,0.0019877576,0.018029219
1141,MBG itu adalah sebuah kutukan bagi para pemimpin nya,Neutral,1,Neutral,0,Negative,0.9253145,0.050670397,0.024015026
4302,"si bos, perlu strategi marketing.",Neutral,1,Neutral,1,Neutral,0.039294627,0.8717728,0.08893253
880,Karna mayoritas Kristen di sana maka nya gak diperhatikan negara..beda kalau palestina negara seiman orang Indonesia tetap akan di kirm semua bantuan..peduli kemanusiaan tidak Peduli karena segama iya,Neutral,1,Neutral,1,Neutral,0.047570396,0.7556816,0.19674803
19,semoga kedepannya semakin sukses,Positive,2,Positive,2,Positive,0.0052845096,0.0024911554,0.99222434
5029,"Dari sudut pandang masyarakat, perlu ada survei berkala kepada para guru dan siswa untuk mengetahui respon dan efektivitas menu MBG.",Neutral,1,Neutral,1,Neutral,0.042828336,0.8776527,0.07951902
1760,Banyakan yang gak enak drpd yang enak.,Positive,2,Positive,2,Positive,0.026116487,0.059635587,0.91424793
3413,Keren lu bang 👍🙏,Positive,2,Positive,2,Positive,0.00578498,0.0017677788,0.99244726
809,"Menjawab thumbnail : mungkin karena MBG sedari awal bukan program untuk rakyat, melainkan program untuk investor. Tapi itu ya mungkin ya, gatau juga",Neutral,1,Neutral,1,Neutral,0.034983546,0.89435375,0.07066272
120,"Merekalah seharusnya penerima prioritas MBG, warga daerah 3T",Neutral,1,Neutral,1,Neutral,0.037346754,0.8949012,0.06775209
2514,itu bawang Bombay ga di kupas? sama kulit nya,Neutral,1,Neutral,1,Neutral,0.04362386,0.87112564,0.085250475
1771,"bisa kok soalnya pake sistem Mitra, tinggal siapin dapur yang sesuai dengan kriteria nya, kurleb 2-3milyar per dapur",Neutral,1,Neutral,1,Neutral,0.03193056,0.89643115,0.07163831
3110,"Terkait kebijakan ini, penting untuk memastikan sanitasi peralatan makan dan tempat penyajian selalu dalam kondisi bersih dan steril.",Neutral,1,Neutral,1,Neutral,0.043556303,0.8843249,0.072118774
756,Harusnya disini perhatian Khusus Program MBG. Tapi ya sudahla.. kita sudah tau semua tujuan Program ini..😢,Neutral,1,Neutral,1,Neutral,0.050661597,0.9005598,0.04877866
1660,"Bisa bang harga asli 3000 tapi ke petaninya 1000 trus notanya di tulis 3000 gtu bang, lancar klo gtu caranya",Neutral,1,Neutral,1,Neutral,0.033519734,0.8258205,0.14065982
4638,MBG lg aj yg disalahin Bg🤣,Neutral,1,Neutral,1,Neutral,0.03727185,0.8848262,0.07790203
1893,investasi terkuat 💯,Neutral,1,Neutral,1,Neutral,0.07164732,0.59457904,0.33377367
5221,@Tempo.co @Deddy Corbuzier @KANG DEDI MULYADI,Neutral,1,Neutral,1,Neutral,0.032859612,0.89384365,0.07329677
2294,nawar dibawah harga pasar .rincian nya harganya wow .emang gudang korupsi,Negative,0,Negative,0,Negative,0.9776325,0.0026621083,0.01970547
1356,presiden & gerindranya bikin masalah,Neutral,1,Neutral,1,Neutral,0.09889161,0.821825,0.07928335
3654,ini baru petani yang demo kemarin mengatasnamakan petani mana,Neutral,1,Neutral,1,Neutral,0.042620435,0.8866732,0.07070635
4373,"ya lu jawab apa solusinya kocak kan lu minta di apus, ok di apus nah solusi nya gmn tuh.",Neutral,1,Neutral,1,Neutral,0.029698119,0.9133042,0.056997664
715,"kemaren kan ada demo besar menolak MBG di Papua, ini harusnya jadi pertimbangan narasi juga, jadi tidak berat sebelah dalam pemberitaan",Negative,0,Negative,1,Neutral,0.33017582,0.552125,0.11769922
5058,"Jujur saja, alhamdulillah program MBG ini sangat membantu meringankan beban pengeluaran orang tua murid.",Positive,2,Positive,2,Positive,0.0055932133,0.0007990767,0.99360776
1000,"woy presiden & pemerintah, tengoklah masyarakat mu ini, jgn kebanyakan jalan keluar muluk tp urusan dalam negeri kgk kau urus! bloq.",Neutral,1,Neutral,1,Neutral,0.29279077,0.65055674,0.05665251
4570,"Bunyi nya doang memanfaatkan hasil tani lokal, pas praktek mah tetep pake sistem pasar bebas yg neken harga petani abis abisan. Capeknya di petani, efisiensi ekonominya cuma dinikmati sm yg di atas. Lagian komenmu aneh bgt tiba tiba ke jaket, pdhl yg lagi dibahas itu program yg katanya bisa memanfaatkan hasil tani lokal dan bikin ekonomi petani kita lebih baik lg tp sampai saat ini pun blm terlihat jelas hasilnya, duh.",Neutral,1,Neutral,1,Neutral,0.036075454,0.54871434,0.4152102
2463,"plisss lahh menu MBG balita hambar semua 🥲, gw paksain makan karena mubazir tapi gk ketelen enekk 🥲.",Negative,0,Negative,0,Negative,0.9803868,0.0014094147,0.018203698
2412,Restoran favorit gw tutup malah ganti jadi dapur MBG 😭😭,Neutral,1,Neutral,1,Neutral,0.32198852,0.5842006,0.093810916
93,Oknumnya jorok2 dan malas cari karyawan yg rajin dan bersih2,Neutral,1,Neutral,0,Negative,0.96078146,0.012410239,0.02680831
472,"MBG mending buat daerah tertinggal deh. Bukan Jabodetabek. Kesel tw ngeliat orang yang harusnya g dpt MBG, tapi dibagi. Di obral lagi. Emosi jadi kenapa kita di suruh patungan ngasih makan anak orang. Padahal bapak ibunya bisa kerja di pabrik dan g kekurangan makanan. Emosi",Negative,0,Negative,0,Negative,0.98219866,0.008990137,0.008811175
184,"Ketika hukum dan keadilan di injak injak demi kepentingan oligarki,. Tunggu saja kehancuran nya",Negative,0,Negative,0,Negative,0.97304237,0.0028292702,0.02412836
1230,"Tentu saja, kesiapan tenaga pengolah makanan di setiap sentra dapur perlu mendapat sertifikasi kebersihan pangan.",Neutral,1,Neutral,1,Neutral,0.03943791,0.8896958,0.07086631
2896,"Harus diakui, banyak pihak mencurigai adanya kongkalikong dalam penunjukan vendor penyedia katering makanan gratis.",Negative,0,Negative,0,Negative,0.976103,0.0022267427,0.021670211
2874,elu siape njirr cukup 1 periode”,Neutral,1,Neutral,1,Neutral,0.06779594,0.83590174,0.09630234
1854,Estetik untuk apa kalo isinya pembodohan publik? Yang diterima PM ga sesuai bentukannya 😁,Negative,0,Negative,0,Negative,0.98659444,0.0026291262,0.010776482
3647,cher ap arti ny busettdeh kacau bet cilaka 12 ya guys ?🙏😅,Negative,0,Negative,0,Negative,0.9677645,0.009093635,0.02314179
400,"miriss, memang harusnya fokus program ini ke daerah"" yang masih sulit buat dijangkau baru ke daerah"" perkotaan, klo begini terus memang pantas trend penurunan kepercayaan masyarakat kepada pemerintah.",Negative,0,Negative,0,Negative,0.98248994,0.0015540638,0.015955936
1951,"bukan petani yang terbantu, tapi tengkulak",Positive,2,Positive,2,Positive,0.019494075,0.023348324,0.9571576
2414,gw suplayer 3dapur 80% gw belanja dipasar,Neutral,1,Neutral,1,Neutral,0.04678845,0.8735054,0.079706125
3450,Jangan sampai anak-anak menjadi korban kelalaian pihak katering yang menyajikan makanan tidak higienis.,Negative,0,Negative,0,Negative,0.9623265,0.0021169141,0.035556547
4119,eits mo cek lapangan pun udah di setting BOSS,Neutral,1,Neutral,1,Neutral,0.03935338,0.873724,0.086922616
4681,"Ya ngapain sulpai dari petani orang makan nya aja kaya jajanan warung, kadang roti warung mana ada gizi nya wkwk klengkeng cuma 3 biji jadi kalian tuh berharap apa si sama program ini? Petani kita makmur? Duh salah besaaarr",Neutral,1,Neutral,1,Neutral,0.038163487,0.8948958,0.066940814
1866,apa bedanya sama bisnis? kan sama aja bg🤗,Neutral,1,Neutral,1,Neutral,0.046221312,0.87566197,0.0781167
1406,INI PROYEK EMANG BERMASALAH ....UANG YG DIPAKAI TIDAK HALAL,Neutral,1,Neutral,0,Negative,0.9762266,0.004537979,0.019235438
1278,"Menurut saya, menu makanan yang diberikan terasa monoton dan kurang segar, sehingga banyak makanan yang akhirnya terbuang sia-sia.",Negative,0,Negative,0,Negative,0.9856603,0.0023516275,0.011988097
1427,Ini gmn negara kyk gini kok cmk orang 2 kurup tor cmk di hukum klo gak di hukum mati percuma pak tlng masyarakat jgn trs di tindas sj 😢😢😢,Negative,0,Negative,0,Negative,0.9826584,0.0019494348,0.015392135
5343,mau kuceritakan bobrok nya dapur MBG disini..tp abang kandungku punya dapur MBG...inti nya proyek pemerintah itu ladang korup,Negative,0,Negative,0,Negative,0.9779483,0.0016619912,0.020389741
476,"Saya Ikhlas Papua MERDEKA,, Dripd Tersiksa Masih jadi WNI..",Neutral,1,Neutral,1,Neutral,0.048906494,0.8888339,0.06225968
5230,@gerindra @Sekretariat Kabinet RI @DPR RI @Gibran Rakabuming @Purbaya Yudhi Sadewa ayo kerja kerja,Neutral,1,Neutral,1,Neutral,0.054327782,0.8489858,0.09668633
3015,salah MBG ladang koptor diciptakan oleh wowo,Neutral,1,Neutral,0,Negative,0.9145551,0.050653126,0.034791753
3684,hrg 10 nota 20 😂,Neutral,1,Neutral,1,Neutral,0.049700838,0.89280576,0.057493463
429,"Kalau buka lahan untuk jalan proyek sangat mudah, beda dengan kepentingan rakyat.",Neutral,1,Neutral,1,Neutral,0.028161077,0.88463026,0.08720866
4822,"Dari sudut pandang masyarakat, perlu evaluasi berkala mengenai penerimaan rasa dan porsi makan siang yang diberikan kepada para siswa.",Neutral,1,Neutral,1,Neutral,0.03615664,0.89406866,0.06977477
4762,Semoga proses pengadaan barang dan jasa untuk program MBG ini bisa dipantau secara terbuka oleh publik.,Neutral,1,Neutral,1,Neutral,0.035168346,0.89928114,0.06555047
4605,semua akan pret pada waktu nya,Neutral,1,Neutral,1,Neutral,0.08582556,0.74239063,0.17178378
5004,"duh, pemerintah daerah nya masih harus di beresin ni",Neutral,1,Neutral,1,Neutral,0.023779366,0.92010516,0.056115393
2050,"ini mau presidennya ganti 50x tp sistemnya masih sama, yaa hasilnya sama. diibaratkan 5x1=5 soalnya yg gagal bukan presidennya, tp sistemnya, meskipun presiden yg sekarang bisa dikatakan gagal, tp diperburuk oleh sistem yg jelek. saya harap paham maksudnya, krn bahasaku yg belepotan 🙏",Negative,0,Negative,0,Negative,0.9749784,0.005062035,0.019959612
4812,"mbg itu lingkaran kang,lingkaran cari cuan yg manut😄😄😄",Negative,0,Negative,0,Negative,0.7486069,0.22102831,0.030364791
5103,Sebaiknya menu makanan disesuaikan dengan kearifan lokal dan hasil bumi di masing-masing daerah.,Neutral,1,Neutral,1,Neutral,0.033241197,0.89510965,0.07164912
1603,Sekeren ini menu nya.. Jangan nyerah dulu ya chep. Keep it up chep🥰,Positive,2,Positive,1,Neutral,0.03592131,0.7196955,0.24438322
1533,Semoga makanan yang di kasih kan sama anak anak semoga anak anak bertambah semanggat belajar,Neutral,1,Neutral,2,Positive,0.00425033,0.0014781816,0.9942715
1826,ya udh ngapain maksa2 bikin program yg pake pajak rakyat kalo hasilnya ga maksimal anjj,Neutral,1,Neutral,0,Negative,0.6229919,0.3275084,0.04949968
2864,realita dilapangan..tp ga akan sampe ke atas,Neutral,1,Neutral,1,Neutral,0.0521979,0.8457461,0.102055915
4266,"@gerindra @Purbaya Yudhi Sadewa @SIDAK BGN @Nanik S Deyang
berita ini hoax.
semua bisa masuk
asal nota 1 ton sayur/daging di tulis 10ton
gitu...
benerkan pak PRESIDEN",Neutral,1,Neutral,1,Neutral,0.064381115,0.83766294,0.097955905
2378,Semoga program mulia ini terus berlanjut dan menjadi contoh bagi program kesejahteraan lainnya.,Positive,2,Positive,2,Positive,0.0057515977,0.00088022515,0.9933682
3206,"setuju betul bang, harus orang dalam. jangan lupa bang kalau ada ordal bantuin, nnti bagi hasil lah",Negative,0,Negative,0,Negative,0.97582066,0.0017985869,0.022380814
4189,Mbg jaya jaya,Neutral,1,Neutral,1,Neutral,0.031172428,0.7884425,0.18038505
4493,"nah bagus boleh speak up.
tapi tolong atur kata² lbih baik lagi.
karna untuk mengatur negara agar sejahtera tapi cukup di kelilingi para tikus berdasi, pemerinta juga butuh speak up data lapangan.",Positive,2,Positive,2,Positive,0.022143902,0.0029222234,0.97493386
4104,"krn anda tidak knl ordal sam itu bukan rahasia lg,harga di trima brp di nota suruh nulis brp",Neutral,1,Neutral,1,Neutral,0.04882268,0.85396546,0.097211845
1060,"HAHAHAHAHAHAHAHA, MIRISSSS MIRISSSS",Negative,0,Negative,0,Negative,0.98343027,0.0018898784,0.014679789
3965,"Tentu saja, kesiapan tenaga pengolah makanan di setiap sentra dapur perlu mendapat sertifikasi kebersihan pangan.",Neutral,1,Neutral,1,Neutral,0.033460196,0.8949666,0.07157312
44,Terimakasi bapaq purabowo untuk mbg nyah bapaqu,Positive,2,Positive,2,Positive,0.0053840126,0.001011705,0.99360424
434,wkt itu gibran ke papua ngapain?,Neutral,1,Neutral,1,Neutral,0.04565191,0.86092645,0.093421735
2508,disini masa roti tawar pake selai kacang kayanya deh terus ada sayurnya acar timun katannya ada tempe gorengnya juga sebiji ada misoa yg dari bihun itu loh ya Allah😂 kemaren ngga di foto lupa😅,Neutral,1,Neutral,1,Neutral,0.039180584,0.891329,0.06949049
5162,bang saya beli sepatu buku n tas untk sekolah anak aj gak bisa beli langsung ke pabrik..,Neutral,1,Neutral,1,Neutral,0.032579653,0.8999684,0.06745197
1637,di sppg chef bikin berapa porsi chef?,Neutral,1,Neutral,1,Neutral,0.047029592,0.8741394,0.078830965
2307,"nah berarti alurnya dr petani-pengepul-koperasi-dapur MBG, gt ya?",Neutral,1,Neutral,1,Neutral,0.038634762,0.8787554,0.082609765
2886,haaah malah pake foto e ritsuki iki,Neutral,1,Neutral,1,Neutral,0.044906802,0.8683968,0.08669642
682,karena tujuannya memang bukan itu,Neutral,1,Neutral,1,Neutral,0.03196422,0.90652746,0.061508313
1455,"perampasan asset sahhhh kan ,,,trussss tembak matiiiiii masok opo oraaaaa",Neutral,1,Neutral,1,Neutral,0.059714034,0.8554117,0.08487415
3058,"Melihat fakta di lapangan, penting untuk memastikan sanitasi peralatan makan dan tempat penyajian selalu dalam kondisi bersih dan steril.",Neutral,1,Neutral,1,Neutral,0.029825049,0.91941124,0.050763793
3160,Malah nyalahin presiden gblk,Negative,0,Negative,0,Negative,0.734038,0.22843233,0.037529644
349,Free meal program should be prioritised on 3T area and Papua are ones of example that they need really help.,Neutral,1,Neutral,2,Positive,0.025700107,0.22764236,0.74665755
4729,"Harus diakui, perlu ada petugas khusus yang bertanggung jawab memeriksa kelayakan makanan sebelum dibagikan ke siswa.",Neutral,1,Neutral,1,Neutral,0.044550065,0.8744622,0.08098783
2200,Justru bagus dia jujur. Sekarang MBG banyak yg protes pemerintah butuh kambing kurban tinggal audit nah nanti pada ketangkep,Positive,2,Positive,2,Positive,0.0053300993,0.00071501057,0.99395496
3043,"gw punya ade yg dapet mbg isinya gw itung² ga sampe 5k jir, karena gw suka belanja ke pasar jadi tau harga². mau ngadu contoh ke kepala sekolah ataupun kades, tapi udah jadi rahasia umum mereka juga pada kebagian kue nya awowkwowk 😹😹😹",Positive,2,Positive,1,Neutral,0.025248257,0.90361416,0.07113751
151,"Bukan dunia gk adil, pemerintahnya yg gk adil",Neutral,1,Neutral,0,Negative,0.981649,0.004843481,0.013507466
2227,"Terkait kebijakan ini, sebaiknya ada formulir evaluasi harian yang diisi guru terkait porsi dan kualitas menu yang diterima.",Neutral,1,Neutral,1,Neutral,0.030471588,0.8878684,0.08166007
1714,itu bawang nya bombay ko gk d kupas mng gtu ya ?,Neutral,1,Neutral,1,Neutral,0.037129447,0.87777877,0.08509181
2076,gila emang..kasian petani,Neutral,1,Neutral,0,Negative,0.6389785,0.31215122,0.048870265
4582,betulll .MBG perlu di kaji ulang deh kayaknya,Neutral,1,Neutral,1,Neutral,0.0411878,0.8810472,0.07776504
3065,"Tentu saja, pemerintah perlu menjelaskan secara komprehensif indikator keberhasilan dari pelaksanaan program MBG ini.",Neutral,1,Neutral,1,Neutral,0.04348439,0.8774166,0.07909899
2385,ya petani jga harus ngikutin lah peraturan2 nyh.mau nyh enak aja.lngsung masukin aja ke dapur mbg.ya dapur mbg mana tau itu cara bayar nyh gmna.mereka cmn khusus masak .gtu aj kgak ngerti.,Positive,2,Positive,2,Positive,0.019765437,0.16590852,0.81432605
4852,Memang benar bahwa pengawasan terhadap vendor katering harus diperketat agar spesifikasi menu sesuai dengan perjanjian awal.,Neutral,1,Neutral,1,Neutral,0.041424505,0.8772295,0.081346
5369,Harus ada tim ahli gizi yang rutin mengecek kualitas dan kandungan kalori makanan di setiap unit dapur.,Neutral,1,Neutral,1,Neutral,0.04271312,0.8836528,0.07363408
1840,Bagaimana skema pembagian tugas antara pihak sekolah dan dinas terkait dalam pengelolaan program makan siang ini?,Neutral,1,Neutral,1,Neutral,0.031914875,0.89492077,0.07316435
3535,@gerindra @sudaryono @Gibran Rakabuming ........ inilah yg diberikan utk anak2 contoh terbaik diapresiasi kami dukung pak.... menuju yg terbaik ..... bisa jadi contoh2 mbg2 sppg di indonesia,Positive,2,Positive,2,Positive,0.006097176,0.000709361,0.99319345
3874,"Dari sudut pandang masyarakat, pengelolaan sampah kotak makan MBG mencemari lingkungan sekolah karena tidak ada tempat pembuangan khusus.",Negative,0,Negative,0,Negative,0.9773685,0.0015947586,0.021036696
3844,Betul sekali bang 🤣🤣,Neutral,1,Neutral,1,Neutral,0.028973972,0.8914509,0.07957517
2582,"aku pernah suplli sayur tomat dan cabai tapi saya ngga sanggup. Menuhin permintaan MBG,, saya petani kecil bisa ko,, asal. kita sanggup Menuhin kebutuhan perminggu MBG😓",Neutral,1,Neutral,1,Neutral,0.023784183,0.89641964,0.079796225
5279,@DPR RI @gerindra 🔥🔥🔥,Neutral,1,Neutral,1,Neutral,0.03263844,0.8788659,0.08849565
5256,koprasi yg pesan 11 datangnya 9 tapi bayarnya tetap 11,Neutral,1,Neutral,1,Neutral,0.03522711,0.88987255,0.074900396
3491,Kesiapan tenaga pengolah makanan di setiap sentra dapur perlu mendapat sertifikasi kebersihan pangan.,Neutral,1,Neutral,1,Neutral,0.050695423,0.89774066,0.05156392
4238,"emang produknya sebanyak apa? knp masuk kopdes dulu? ya sepertinya untuk stok di kopdes, kalo beli ke petani langsung itu kira2 butuh berapa bulan? dan mampu untuk ratusan kilo setiap hari?",Neutral,1,Neutral,1,Neutral,0.044614892,0.8939307,0.06145442
5045,mngkn d tempat abang ajaa.. d daerahq gak tu..sya supplier bang ga lwt koperasi. alhmdulillah lancar pndapatn jg meningkat.mngkn abang kalah saing saja..,Neutral,1,Neutral,2,Positive,0.006078753,0.006466999,0.9874543
1676,mbeg B3 ditempatku chef🫠,Neutral,1,Neutral,1,Neutral,0.037533414,0.89060533,0.07186131
284,"kalau MBG fokus ke daerah ini, saya rasa semua rakyat setuju",Positive,2,Positive,2,Positive,0.0054216683,0.0008360726,0.9937423
2496,hanya yg kenal dengan kader² nya saja😂,Neutral,1,Neutral,1,Neutral,0.03230919,0.8877049,0.07998593
1796,"dianakku telur bulet tp dipanir,,goreng lg
kekmana ini?🤣",Neutral,1,Neutral,1,Neutral,0.047717165,0.85997677,0.09230605
859,Karena tidak cuan 😂,Negative,0,Negative,0,Negative,0.9805165,0.0018022568,0.017681202
1891,"SPPG gua tiap hari menu nya telor diceplok kasih sayur dikit, tempe bacem, buah kurma terus gak berenti2 pdahal udah gak lebaran woiii",Neutral,1,Neutral,1,Neutral,0.06662398,0.84498304,0.08839289
111,"Munkin ini yang di maksud prabowo ""2T/bulan""",Neutral,1,Neutral,1,Neutral,0.03670929,0.8937086,0.06958212
5564,ingin suplay aj harus bayar 😂harus ad uang mandek di sppg😅,Neutral,1,Neutral,1,Neutral,0.07782299,0.87034273,0.051834244
737,"karena orang orang di plosok kan sering gak ikut pemilihan presiden jadi wowo mau fokus ke orang orang kota buat dapetin suara tujuan mbg kan buat cari pemilih dia nanti di pemilihan presiden selanjutnya,dan buat korupsi tentunya",Negative,0,Negative,0,Negative,0.9731863,0.0014493332,0.025364362
4917,Kurangnya sosialisasi dan koordinasi membuat pihak sekolah kewalahan mengatur pembagian makanan setiap hari.,Negative,0,Negative,0,Negative,0.980576,0.0015675104,0.017856482
2426,"bisa aja bang,asal standar gizi nya masih standar dengan standar pemerintah,jadi masih legal.",Neutral,1,Neutral,1,Neutral,0.037384517,0.8965798,0.06603566
819,"🗣️ : ... dengan ini saya katakan bahwa apa yang disampaikan media tsb tidaklah benar!..."" 🧞‍♂️+🤣 : 🪡🪡🪡7️⃣🫢",Neutral,1,Neutral,1,Neutral,0.03183817,0.8946503,0.073511474
4801,"Susah bang soalnya gabisa di mark up, hasilnya buat mereka ga dapet keuntungan 😂",Negative,0,Negative,0,Negative,0.98317564,0.003283144,0.013541221
4552,mereka mana peduli bang ..,Neutral,1,Neutral,1,Neutral,0.025663378,0.93042606,0.04391052
1496,Titipan si jack 😎,Neutral,1,Neutral,1,Neutral,0.0399662,0.89411575,0.065918006
2924,bener pisan euy,Neutral,1,Neutral,1,Neutral,0.04381683,0.8806672,0.07551598
5056,2 KATA LUCU : MEMAJUKAN UMKM🤭,Neutral,1,Neutral,2,Positive,0.037967365,0.4243144,0.53771824
1541,"Progran ini harusnya bertahap, sambil evaluasi jangan ugal2an. Dan di awal harusnya di daerah pelosok dlu. Ini berita harus seimbang kalo perlu dibandingin tu rupiah yg tersalurkan dan terbuang 😊",Neutral,1,Neutral,0,Negative,0.56818056,0.38979137,0.042028066
1335,2029 jngam plih grndra dan prbwo,Neutral,1,Neutral,1,Neutral,0.04139594,0.85031193,0.10829212
4537,dengerin ini @gerindra,Neutral,1,Neutral,1,Neutral,0.036196347,0.86877364,0.09502999
2359,ya makanya di viralin dapur yg gak bener biar dibenerin,Neutral,1,Neutral,1,Neutral,0.05192203,0.89586353,0.052214406
3599,aduh bener banget lagi ☺️YTTA,Neutral,1,Neutral,1,Neutral,0.05309341,0.867234,0.07967255
3816,"Melihat fakta di lapangan, inovasi kebijakan pangan yang sangat dibutuhkan oleh anak-anak di sekolah dasar dan menengah.",Positive,2,Positive,2,Positive,0.0041995314,0.0009637547,0.9948367
3418,"Ya korelasinyaa semua di bidang itu bisa dijadikan proyek, baik mbg maupun mitra, pola pikirnya udah ke distrak bahwa mbg ini bisa menjadi ladang cuann",Neutral,1,Neutral,0,Negative,0.97914475,0.001742428,0.019112859
3475,Buset Markup dana,Negative,0,Negative,0,Negative,0.97514105,0.0018042854,0.023054698
728,"Karena tujuan asli mbg bukan bukan atasi stunting, tp buka lahan korupsi baru buat kartelnya 😂",Negative,0,Negative,0,Negative,0.9796458,0.001555173,0.018798953
4720,"SPPG mana dulu pakk? SPPG saya di Jawa Tengah & Banten meresap seluruh supplier dari petani lokal & pasar. Sekalipun ada warga yg menawarkan hasil panen pasti kami terima. Jgn menyamaratakan gitu pak, kesannya kaya semuanya jelek. Sakit hati boleh, tp jgn beranggapan semuanya sama. Tidak semua Mitra terlahir “lapar dan rakus”.",Neutral,1,Neutral,0,Negative,0.9875497,0.0019642704,0.010485997
3169,"inget bang,sebelum ada prabowo jokowi dulu loh☺️",Negative,0,Negative,1,Neutral,0.049314436,0.8794043,0.07128116
4550,ternyata fakta di lapangan sangat jauh berbeda dengan apa yg selalu di narasikan para buzzer 😂,Negative,0,Negative,0,Negative,0.9833176,0.004326958,0.012355428
5375,Noh pak prabowo uda dengarkan suara petani?masii mau mempertahankan program mu ?🤣🤣🤣🤣,Neutral,1,Neutral,1,Neutral,0.024341907,0.8139437,0.16171436
3254,di kampung ku banyak petani tpi emang GK ada yg ngejual k mbg padahal di kampungku ada tuh gedung mbg,Neutral,1,Neutral,1,Neutral,0.03381378,0.9238542,0.04233195
2862,"Terkait kebijakan ini, sebaiknya menu makanan disesuaikan dengan kearifan lokal dan hasil bumi di masing-masing daerah.",Neutral,1,Neutral,1,Neutral,0.033425998,0.8895672,0.077006824
558,MBG seharusnya hanya untuk derah-daerah dgn prevalensi stunting yg tinggi,Neutral,1,Neutral,1,Neutral,0.043996587,0.8303242,0.12567927
2435,"ahli gizi berkedok ema"" pangilan pas hajatan ga sih ka😩😩",Negative,0,Negative,1,Neutral,0.040820416,0.9061127,0.053066898
2691,Parah bgt mark up ny😭🫠,Negative,0,Negative,0,Negative,0.98054713,0.0015837743,0.017869098
1372,Demo di sarang maling.,Negative,0,Negative,0,Negative,0.9783039,0.0022178777,0.019478114
1804,"lu cek komen bawah apa yg gw omongin udh terbukt juga nyatanya emng bakalan ada pemain baru dari kondisi yg sekarang, kalo case yg lu bilang yah bakalan terjadi emng tapi nanti ada proses pertumbuhan ekonominya",Neutral,1,Neutral,1,Neutral,0.04013738,0.8828151,0.07704751
1350,MBG memakmurken koroptor Meracuni anak sekolah Gak bermanfaat Program sembako murah manaaaa brooo??,Negative,0,Negative,0,Negative,0.9775184,0.0015759068,0.020905698
2583,"mbg nya bukan membantu petani . justru ngejatuhin harga pasar 、harga pisang yg super di daerah saya per sisir 25rb , isinya 15biji sampe mentoknya 20biji , malah di patok harga 1000 perbiji nya , jadi tiap sisirnya saya di ajak rugi 5-8rb wkwkwk",Positive,2,Positive,2,Positive,0.014557893,0.02018366,0.9652584
1361,Kondisi kemasan makanan yang kurang higienis dan menghasilkan banyak sampah plastik yang tidak terkelola.,Negative,0,Negative,0,Negative,0.98432344,0.0020379524,0.013638655
4701,"jangan mau di beli sama org MBG pak, karena bakal ditawar harganya sampe ga masuk akal, untung kaga, rugi iya😌🫣",Neutral,1,Neutral,1,Neutral,0.07048421,0.83932316,0.09019263
2703,ini juga tainya,Neutral,1,Neutral,0,Negative,0.9830147,0.0033430306,0.013642257
1248,Mentingin makanan gratis dari pada pendidikan LOGIKA nya dimana totttt!!!!!! Orang tua anak jg tiap hari ngasih makan mereka,Neutral,1,Neutral,0,Negative,0.8197833,0.11580912,0.064407535
3429,TERJAWAB betul itu saya merasakan.,Neutral,1,Neutral,1,Neutral,0.023588331,0.86636084,0.11005087
2689,"BENER BGT, pengalaman jga di aku MEREKA BELI AYAM POTONG X25PERKILO TRUS DINOTA DISURUH BUAT X28 ANJIR, ga ngotak tuh mereka",Negative,0,Negative,0,Negative,0.97519034,0.0064617456,0.01834785
4670,"Aku melepas cust mbg aku, karena beneran gak sanggup sama tekanan harga. Mereka minta fresh, tapi harga yg murah. Gak sanggup",Neutral,1,Neutral,1,Neutral,0.033174448,0.8941105,0.07271511
801,"Dari presentase provinsi stunting yg disebut tidak ada JawaBarat, dimana JawaBarat malah SPPG nya paling banyak, anomali sekali negeri ini😢",Negative,0,Negative,0,Negative,0.9778863,0.0016029978,0.020510644
2894,"Tentu saja, harap disosialisasikan secara rinci kepada wali murid mengenai rincian menu dan kandungan nutrisi harian.",Neutral,1,Neutral,1,Neutral,0.037428487,0.87290245,0.08966919
3217,😂😂 basi basi,Negative,0,Negative,0,Negative,0.97900325,0.0064491057,0.014547713
1011,namanya nya juga jawanesia bukan indonesia. jawa akan selalu jadi prioritas pertama.,Neutral,1,Neutral,1,Neutral,0.03933314,0.879738,0.08092887
5381,Up trs semoga ada titik terang dr pemerintah,Neutral,1,Neutral,1,Neutral,0.04168552,0.7800263,0.17828822
1480,"telaaat,,, dah byk duit negara ilang karena MBG",Neutral,1,Neutral,0,Negative,0.9119312,0.06530914,0.022759719
4151,izin pak🙏 @Purbaya Yudhi Sadewa,Neutral,1,Neutral,1,Neutral,0.039295945,0.88308126,0.077622786
3210,duit nyet duit 😂🤣,Neutral,1,Neutral,1,Neutral,0.040250286,0.87537897,0.08437071
3318,"Dari sudut pandang masyarakat, langkah maju untuk mencetak generasi muda Indonesia yang sehat, cerdas, dan berdaya saing tinggi.",Positive,2,Positive,2,Positive,0.0028969494,0.0011059258,0.9959971
1725,Atuh keluar cari dapur lain. HC sekarang bnyak dibutuhkan dapur MBG karna susah nyarinya,Neutral,1,Neutral,1,Neutral,0.045599002,0.8639883,0.09041278
1131,Dari sini saya semakin benci dengan Prabowo dan antek anteknya.,Negative,0,Negative,0,Negative,0.9774246,0.0024223684,0.020152943
1781,cape gasih klo gitu mulu,Neutral,1,Neutral,1,Neutral,0.1482484,0.6872288,0.16452284
685,"Krn krn disana bahan pokok mahal dg harga 1 piring segitu ,siapa yg mw pegang ,gak ada keuntungan drpd nombok makanya gak mw pegang dapur 😂😂😂",Neutral,1,Neutral,1,Neutral,0.046711396,0.8882593,0.0650294
260,"Padahal di Jawa kami sudah terus menerus protes supaya program MBG untuk anak-anak kami di stop saja, biar anggaran negara ga boros. Fokuskan ke daerah yang membutuhkan.",Negative,0,Negative,0,Negative,0.9843441,0.001986012,0.0136698345
2761,"lu kalo komen yg masuk akal dong.
1. hasil tani kualitas super pasti masuknya supermaket karna harganya akan lebih mahal.
2. budget mbg itu hanya 10rb/porsi belum dipotong keuntungan dapur. memang ada gituh orang jual barang super tapi harga murah ?. pengusaha gila yg lakuin itu",Neutral,1,Neutral,1,Neutral,0.08287389,0.7995937,0.11753243
2020,"BENER TAII PEMIMPIN KITA, YG MENDUKUNGNYA TAII ASUU",Positive,2,Positive,0,Negative,0.9045592,0.0077205496,0.087720215
5494,mbg itu bisnis,Neutral,1,Neutral,1,Neutral,0.15163389,0.7837996,0.06456655
3839,"chef bunsin cobak, sampai semua sppg itu isinya bunshinnya chef kuming semua 🗿",Neutral,1,Neutral,1,Neutral,0.02721617,0.9014783,0.071305536
1102,yang suka koar-koar MBG Ayoooo jawab.. kenapa ?? ini pake data loh... jawab juga pake data,Positive,2,Positive,1,Neutral,0.051387098,0.86689067,0.08172217
5506,"bener banget omongan bangnya,..",Neutral,1,Neutral,1,Neutral,0.024944296,0.86842245,0.10663328
4154,"Melihat fakta di lapangan, semoga program mulia ini terus berlanjut dan menjadi contoh bagi program kesejahteraan lainnya.",Positive,2,Positive,2,Positive,0.005820456,0.0014994361,0.9926802
4382,nasinya bs d pake referensi d rumah nih 😁😁😁,Neutral,1,Neutral,1,Neutral,0.03052786,0.89259416,0.07687801
5048,Perlu ada survei berkala kepada para guru dan siswa untuk mengetahui respon dan efektivitas menu MBG.,Neutral,1,Neutral,1,Neutral,0.057138387,0.8904259,0.05243572
2135,"saya penjual tahu tempe...sumpah....Harga pabrik tempenya aja dah 9rb.... MBG nawar jd 8,5 rb....bukan untung tapi buntung nombokn..😭😭...setelah dipikir² mening jual sendiri d pasar dengan sedikit untung drpd nombok Mulu...di nota malah harga kayak warungan...10rb per papan tempe
..😭😭",Neutral,1,Neutral,0,Negative,0.9213786,0.047001578,0.031619698
2343,cair 2.5k wkwk,Neutral,1,Neutral,1,Neutral,0.030022966,0.8940251,0.07595203
2823,"ini nih pov yang bener dari seorang pebisnis, nah masalahnya yg terjadi kebanyakan itu malah pov dari koruptor, bukanya ngakalin bahan baku tanpa mengorbankan kualitas, malah sebaliknya korbanin kualitas bahan baku biar untung gede🗿",Negative,0,Negative,0,Negative,0.9793778,0.0017696886,0.018852515
4386,Amanah bgt sppg nya,Positive,2,Positive,2,Positive,0.003427077,0.005338777,0.9912341
4179,sulit kalu tidak menerima kelalahan,Neutral,1,Neutral,1,Neutral,0.028842375,0.8919465,0.07921106
4147,"di saya , prioritas ambil barang di petani lokal",Neutral,1,Neutral,1,Neutral,0.03667537,0.8840265,0.07929807
5100,"Jujur saja, bagaimana mekanisme pengawasan distribusi makanan agar selalu tepat waktu sampai ke masing-masing sekolah?",Neutral,1,Neutral,1,Neutral,0.03534043,0.89552563,0.06913397
1196,"Menurut saya, bagaimana mekanisme pengawasan distribusi makanan agar selalu tepat waktu sampai ke masing-masing sekolah?",Neutral,1,Neutral,1,Neutral,0.032680374,0.9076787,0.059640966
4242,apa iya pak@kementanri ?,Neutral,1,Neutral,1,Neutral,0.035838924,0.88300353,0.081157535
4791,"Jujur saja, pemerintah perlu menjelaskan secara komprehensif indikator keberhasilan dari pelaksanaan program MBG ini.",Neutral,1,Neutral,1,Neutral,0.033377606,0.907751,0.05887141
1329,"MBG itu baru masuk akal kalau pendidikan sudah gratis dan lapangan kerja melimpah. Tapi kalau sekolah masih bayar, fasilitas rusak, gaji guru mengenaskan, dan cari kerja setengah mati, ini bukan solusi—ini salah arah. Uang bukannya diputar untuk membangun ekonomi dan SDM, tapi cuma dihabiskan untuk proyek yang ujung-ujungnya cuma jadi Tai.",Negative,0,Negative,0,Negative,0.9777229,0.0016383764,0.02063876
2872,"Terkait kebijakan ini, kurangnya sosialisasi dan koordinasi membuat pihak sekolah kewalahan mengatur pembagian makanan setiap hari.",Negative,0,Negative,0,Negative,0.97946495,0.0017334314,0.018801557
5034,"justru harusnya bersyukur kang ,,,bisnis dengan pemerintah kebanyakan ujungnya bangkrut,KLO gak bangkrut ya kena tangkap tangan KPK",Negative,0,Negative,2,Positive,0.021742273,0.0026543015,0.9756034
382,sakit bangett hatiku lihat inii🥺,Neutral,1,Neutral,1,Neutral,0.07177997,0.8696629,0.058557242
2271,"emng yg bikin programnya presiden, tapi yg mengelola nya bkn hanya presiden, tapi banyak bawahan jga yg mengelola, dan di antara banyaknya pengelola tidak semua yg memiliki sifat jujur",Positive,2,Positive,2,Positive,0.009493542,0.034935616,0.9555709
1450,Hukum sbrat brat nya.,Neutral,1,Neutral,1,Neutral,0.044160005,0.87725025,0.07858977
368,11:11 sepertinya 40 kota setara jakarta itu cukup realistis untuk bisa mempecepat membangun dapur MBG,Positive,2,Positive,1,Neutral,0.03630306,0.9014383,0.062258646
3558,"Menurut saya, pengawasan terhadap vendor katering harus diperketat agar spesifikasi menu sesuai dengan perjanjian awal.",Neutral,1,Neutral,1,Neutral,0.029896935,0.9167026,0.05340054
424,Saya bagikan di IG saya,Neutral,1,Neutral,1,Neutral,0.03566493,0.8837597,0.08057541
1672,"ibu saya penjual ayam potong, sekaligus suplayer salah stu sppg di daerah saya, mereka itu minta harga yg semurah²nya padahal udah dikurangi 2K/KG dari harga pasar, dan itu masih kurang murah 😔",Neutral,1,Neutral,1,Neutral,0.04234624,0.88407964,0.07357418
2099,katanya membantu umkm terdekat,Positive,2,Positive,2,Positive,0.007690381,0.010016636,0.98229295
2273,"tp tetap presiden harus bertanggung jawab, udh tau bnyk masalah ini progam knp nggk di tutup aja dulu, apakah sedarurat ini negara harus memberi makan anak2????",Neutral,1,Neutral,1,Neutral,0.032833774,0.89553195,0.0716343
5306,GK usah jadi bagian itu. utang dulu baru byr. susah nagih nya,Neutral,1,Neutral,1,Neutral,0.031393744,0.90023583,0.06837043
3956,"Menanggapi hal tersebut, perlu ada survei berkala kepada para guru dan siswa untuk mengetahui respon dan efektivitas menu MBG.",Neutral,1,Neutral,1,Neutral,0.035513144,0.89023143,0.07425543
3367,mulai dari jam berapa hingga jam berapa selesainya chef?,Neutral,1,Neutral,1,Neutral,0.114772104,0.7852824,0.09994545
3808,"dari sejauh yang gua liat ya,, MBG Ama koprasi merah putih, tuh kbnyakan yang kerja + suplayer nya tuh cuma kerabat yang punya doang,,",Neutral,1,Neutral,1,Neutral,0.055531625,0.86970145,0.07476689
4561,dia petani bg bukan gelandangan 😭,Neutral,1,Neutral,1,Neutral,0.12153264,0.8266833,0.051784072
5468,Memang benar bahwa perlu diperhatikan ketahanan makanan selama proses pengiriman agar tidak cepat basi saat cuaca panas.,Neutral,1,Neutral,1,Neutral,0.03135676,0.9046923,0.063951015
419,harusnya papua lah d iterapkan MBG bukan di Seluruh Indonesia,Neutral,1,Neutral,1,Neutral,0.045861095,0.8670199,0.087119095
1105,"Ga ada duitnya soal nya. TUJUAN program ini kasih makan dapurnya, bukan kasih makan anak2. 😂😂😂..",Neutral,1,Neutral,1,Neutral,0.02438027,0.92585975,0.049759965
1475,"Yg lagi asyiiik di KDMP, siap2 ya,,,,😅",Neutral,1,Neutral,1,Neutral,0.04054308,0.8834811,0.075975835
1822,sama kak susu gg pernah di komplain ber xx gg di gubris samsek,Neutral,1,Neutral,1,Neutral,0.034620404,0.8788162,0.08656346
4063,"Sejauh ini baru malut yang bisa melaksanakan program2 dengan adem ayem, di liatnya si orang orang bekerja sesuai tupokainya hasilanya manfaatnya nyebar merata. Tranparansi oke, pengawasan dari berbagai pihak, masyarakatnya melek sosialisasi jadi semuanya jalan selaras",Neutral,1,Neutral,2,Positive,0.0067720064,0.0007426161,0.99248534
3985,"Menanggapi hal tersebut, sebaiknya menu makanan disesuaikan dengan kearifan lokal dan hasil bumi di masing-masing daerah.",Neutral,1,Neutral,1,Neutral,0.038959514,0.9082443,0.052796137
375,"Dijawa ditutup bro,pindahkan ke Papua....😮",Neutral,1,Neutral,1,Neutral,0.06639648,0.8904837,0.043119844
437,Liat ini wok,Neutral,1,Neutral,1,Neutral,0.064928584,0.85388714,0.08118428
3803,bnyk BuzeRp mbg di komen,Negative,0,Negative,0,Negative,0.97352827,0.0035919594,0.022879688
4614,Harap disosialisasikan secara rinci kepada wali murid mengenai rincian menu dan kandungan nutrisi harian.,Neutral,1,Neutral,1,Neutral,0.028247794,0.90341514,0.06833713
1596,Knapa? Anggaran? Wkwk,Neutral,1,Neutral,1,Neutral,0.033667445,0.91256714,0.05376542
4551,"Tentu saja, bagaimana tindak lanjut pemerintah jika ada sekolah yang belum terjangkau fasilitas pendukung distribusi makanan?",Neutral,1,Neutral,1,Neutral,0.039245192,0.8810175,0.07973738
5240,di Konoha Land mah dr dulu jg pola nya adl si Regulator = Player/Seller itu sendiri .....,Neutral,1,Neutral,1,Neutral,0.036407147,0.89699197,0.06660085
3482,jangan mau buat nota yg lurus. nanti kita kena,Neutral,1,Neutral,1,Neutral,0.084913,0.8150094,0.10007757
1098,"ya kan ga dapet ""UNTUNG"", tau sendiri pemerintah kita itu ""BERBISNIS"" pakai uang pajak dan APBN, bukan menjalan kan ""KEWAJIBAN"" sebagai wakil rakyat. BULLSHIT",Negative,0,Negative,0,Negative,0.9833799,0.0027242636,0.013895839
4108,dari awal emang tujuannya untuk mengeruk kekayaan rakyat untuk manusia2 serakah,Neutral,1,Neutral,0,Negative,0.9808764,0.0017231578,0.017400391
3350,cheff mauu mie ayamm,Neutral,1,Neutral,1,Neutral,0.047535412,0.8654049,0.087059595
3208,"Harus diakui, perlu ada survei berkala kepada para guru dan siswa untuk mengetahui respon dan efektivitas menu MBG.",Neutral,1,Neutral,1,Neutral,0.047595333,0.8994569,0.052947756
4943,2 Rumah Tetangga saya di bayarin buat Dapur MBG!!!SEKALI LAGI 2 RUMAH,Neutral,1,Neutral,1,Neutral,0.02961852,0.8925964,0.077785105
5079,mark up kebanyakan di nota ya..,Negative,0,Negative,0,Negative,0.97709113,0.0025842,0.02032468
352,"emang program populis, digunakan untuk menarik suara",Neutral,1,Neutral,1,Neutral,0.054013047,0.89589196,0.050094996
1557,"Purbaya efek, pimpinan mbg kocar kacir pencarian duit triliunan 😂",Neutral,1,Neutral,0,Negative,0.9769438,0.015150145,0.007906108
2400,"Terkait kebijakan ini, harap disosialisasikan secara rinci kepada wali murid mengenai rincian menu dan kandungan nutrisi harian.",Neutral,1,Neutral,1,Neutral,0.03255955,0.8911645,0.07627589
761,Dapur MBG kan dibangun berdasarkan seberapa besar skala keuntungan nya bukan seberapa besar warga membutuhkan. Kalau di papua dapur nya gak menguntungkan. Bahan bahan mahal dan jarak antar sekolah sangat jauh. Gak akan ada untung. Yang ada minus.,Neutral,1,Neutral,1,Neutral,0.22970453,0.6572365,0.113059
1769,chef kumink turunan korea yak makanananya serba korea..enyaaakkk😂,Neutral,1,Neutral,1,Neutral,0.03509739,0.900125,0.06477759
1538,Sekolah ku viral😂😂,Neutral,1,Neutral,1,Neutral,0.034054786,0.8871996,0.07874561
4783,@Purbaya Yudhi Sadewa @@gerindra,Neutral,1,Neutral,1,Neutral,0.030698247,0.898971,0.07033074
1458,Dasar maling wajib d miskinkan d penjara seumur hidup d nusa kambangan,Negative,0,Negative,0,Negative,0.9783804,0.0020806699,0.019538863
4148,"Secara keseluruhan, apakah anggaran MBG sudah mencakup pengadaan tempat makan ramah lingkungan yang bisa dipakai berulang kali?",Neutral,1,Neutral,1,Neutral,0.034739334,0.91267097,0.052589674
2739,koneksi hanya untuk kalangan atas klopun bisa ujung2 nya juga duit...bener kata bapak ini....T41,Neutral,1,Neutral,1,Neutral,0.045531537,0.8840687,0.070399724
1846,Wkwk suruh siapa gw didepak🤣,Neutral,1,Neutral,1,Neutral,0.03975481,0.89272165,0.0675235
4705,"Tentu saja, pemerintah perlu menjelaskan secara komprehensif indikator keberhasilan dari pelaksanaan program MBG ini.",Neutral,1,Neutral,1,Neutral,0.027500613,0.9061196,0.06637976
2598,"gak semua konyol, good for your place then. di banyak daerah semua ini dimanfaatkan oleh oknum oknum",Positive,2,Positive,0,Negative,0.9763129,0.00845962,0.01522749
4346,Mksh bang sdh bersuara @DPR RI @gerindra @Purbaya Yudhi Sadewa @Teddy Indra Wijaya HQ,Neutral,1,Neutral,1,Neutral,0.022382786,0.86957866,0.10803852
1337,DPR pada ngapain????,Neutral,1,Neutral,1,Neutral,0.045973096,0.8935066,0.060520384
5087,"Menanggapi hal tersebut, perlu dipastikan kapasitas produksi dapur umum mampu memenuhi kuota seluruh sekolah di target wilayah.",Neutral,1,Neutral,1,Neutral,0.057722047,0.8919633,0.050314695
2440,cempaka putih ka . jkrta,Neutral,1,Neutral,1,Neutral,0.03592737,0.9098536,0.054219007
2515,ikan dori jadi chicken finger oke mantap? mantap,Positive,2,Positive,2,Positive,0.0051305625,0.0013689421,0.99350053
3651,"emang, kan biar bisa mainin hrga kk😁",Neutral,1,Neutral,1,Neutral,0.044943374,0.8617095,0.09334717
1396,"kenapa tidak ada yang di pidanakan? sudah banyak yang keracunan, atau mengaku uangnya hilang, kena scam?",Negative,0,Negative,0,Negative,0.98022425,0.0028559482,0.016919851
312,Wowo mah takut main kesana,Neutral,1,Neutral,1,Neutral,0.03958745,0.88987976,0.070532836
951,"Yg harus di utamakan mbg Papua,ini mah kebalik",Neutral,1,Neutral,1,Neutral,0.03869115,0.8615164,0.09979241
1791,"Harus diakui, sangat disayangkan alokasi dana pendidikan terkuras untuk program makan siang yang belum terbukti efektivitasnya.",Negative,0,Negative,0,Negative,0.97644114,0.0015814928,0.02197729
401,Mungkin bisa dicoba pendapatan yang diambil dari Papua seperti dari hasil2 tambang nggak usah disetor dulu ke Pusat 1 tahun. Monitor perbaikannya. Lebih baik kah ditangan SDM yang under qualified dibandingkan para perencana2 hebat di pusat ??? Kalau lebih baik jalan kan aja terus.,Positive,2,Positive,2,Positive,0.17604212,0.2895982,0.5343597
220,"Jika program MBG dari awal emang ditunjukkan untuk mengurangi Stunting.. kenapa yang diberi manfaat MBG justru Siswa Sekolah, Bukan para Bayi di Posyandu dan Ibu Hamil?? Pemikiran Tolool macam apa ini ya Allah.. 😭",Positive,2,Positive,1,Neutral,0.04527002,0.76247305,0.19225687
1417,bukan Prabowo yg punya inisiatif mencopotnya wong dia baru dikasih penghargaan kok,Neutral,1,Neutral,1,Neutral,0.049862016,0.8918311,0.05830686
4673,"Secara keseluruhan, bagaimana mekanisme pengawasan distribusi makanan agar selalu tepat waktu sampai ke masing-masing sekolah?",Neutral,1,Neutral,1,Neutral,0.03220799,0.8970058,0.070786215
322,Harus ny prioritas bosss,Neutral,1,Neutral,1,Neutral,0.053066686,0.872636,0.07429727
2734,"Jujur saja, diharapkan ada saluran pengaduan resmi jika pihak sekolah menemukan kendala terkait kualitas makanan MBG.",Neutral,1,Neutral,1,Neutral,0.032619633,0.89321566,0.07416472
1573,hal kek gini aja banyak yg ga ngerti 😂,Neutral,1,Neutral,1,Neutral,0.035947196,0.89446074,0.06959202
1359,Hay pendemo ...percuma kl cuman unjuk rasa ...wowo itu ngak py rasa ....tujuan jd presiden ..itu cuman mai balas budi sama kroninya yg memdukung 4 x capres ....,Negative,0,Negative,0,Negative,0.9787032,0.0025599583,0.01873681
2215,"Jujur saja, kerja sama yang hebat antara pemerintah daerah, sekolah, dan peternak lokal dalam menyukseskan program MBG.",Positive,2,Positive,2,Positive,0.0041184807,0.0015375025,0.994344
1594,"kalian tau gak mbg di sekolah gua dari tahun lalu gak ada susu nya, sekolah orang kok ada susu",Neutral,1,Neutral,1,Neutral,0.03100634,0.8923284,0.07666517
2645,emangnya pusat bakal ngurusin bagian antek antek bawah ?,Negative,0,Negative,0,Negative,0.97807044,0.0061685657,0.015760962
985,"opm aja ga beres2, nanti lagi2 dapur mbg di serang opm",Neutral,1,Neutral,1,Neutral,0.19146442,0.7457342,0.0628014
2970,buat koprasi mbg harusnya merangkul para petani yg ska menjual. murah hasil panennya ketengkulak,Neutral,1,Neutral,1,Neutral,0.030729087,0.89978784,0.0694831
3087,"HAH?? yang salah tuh yang di lapangan kak,program ini kalau yg di lapangan jujur tuh bagus bangettt,jangan apa apa nyalahin presiden",Positive,2,Positive,2,Positive,0.005640115,0.00076235645,0.9935975
3303,selamat anda di notice,Neutral,1,Neutral,2,Positive,0.05827358,0.35871348,0.58301294
316,"Harus diakui, semoga proses pengadaan barang dan jasa untuk program MBG ini bisa dipantau secara terbuka oleh publik.",Neutral,1,Neutral,1,Neutral,0.03423691,0.8913372,0.07442583
3737,enak inimah chep🔥🔥,Positive,2,Positive,2,Positive,0.0039275293,0.0008237791,0.99524873
5353,"gegara proyek MBG.
petani gk jdi ke disko",Neutral,1,Neutral,1,Neutral,0.05695499,0.87453055,0.06851437
5419,MBG adalah bagi2 jatah hasil kemenangan Pilpres kmaren,Neutral,1,Neutral,1,Neutral,0.054485317,0.8634929,0.08202172
4263,"urusan sama pejabat gampang, asala mereka untung aja",Neutral,1,Neutral,1,Neutral,0.050750956,0.88467336,0.06457573
2704,"yang mimpin dan menyetujui kan presiden kocak ,makan nya belajar jangan makan MBG aja wkwk",Neutral,1,Neutral,1,Neutral,0.048016336,0.85679036,0.095193386
1289,"Info loker buzzer, om",Negative,0,Negative,0,Negative,0.9781571,0.0017217114,0.020121196
4061,Ketersediaan bahan baku dari pasar lokal perlu dipetakan dengan baik agar tidak mengganggu pasokan kebutuhan umum.,Neutral,1,Neutral,1,Neutral,0.031371154,0.903628,0.06500087
135,"kasian harta kekayaannya diambil, alamnya dirusak. yang dibangun malah pulau sana. gk heran kalau mereka mau merdeka.",Negative,0,Negative,0,Negative,0.9714632,0.011321391,0.017215498
4217,program presiden saaammmpppaaahhh,Neutral,1,Neutral,1,Neutral,0.050981045,0.8521753,0.09684368
3185,kan ikan chef. Harusnya fish finger dong. Kalo chicken finger mana ayamnya. hhmm🙏🙏😁,Neutral,1,Neutral,1,Neutral,0.047235526,0.87730914,0.07545537
5489,Beli 6juta di note jadi 15juta😂,Neutral,1,Neutral,1,Neutral,0.037046,0.89953905,0.06341494
2725,koneksi dibawah meja.. haha.. ngibul aja lu,Neutral,1,Neutral,0,Negative,0.95642287,0.02401927,0.019557863
191,"Rumah sakit aja ngga ada di sana di Mamberamo ini, padahal tingkat malaria tertinggi di papua, kebanyakan adalah ibu hamil dan anak anak yg terjangkit",Neutral,1,Neutral,0,Negative,0.83607525,0.1125511,0.05137365
3165,jokowi ikut andil,Neutral,1,Neutral,1,Neutral,0.051002298,0.6847134,0.26428428
1948,yah tergantung orng nya mau minta atau gk,Neutral,1,Neutral,1,Neutral,0.030802935,0.8909879,0.078209236
2322,Orang mana abg?,Neutral,1,Neutral,1,Neutral,0.06422381,0.8716722,0.064104006
866,Yayasan MBG (kroni2 partai elit) mana ada yg mau kelola SPPG di luar Jawa. Makanya jumlah SPPG ga rata di tiap pulau per anak2 yg membutuhkan.,Negative,0,Negative,0,Negative,0.98523,0.0020543467,0.012715653
4254,"katanya MBG juga membantu UMKM, iya kah? Omon-omon aja itu mah",Negative,0,Negative,0,Negative,0.9815963,0.0016597168,0.01674399
4367,Buka mata min @gerindra,Neutral,1,Neutral,1,Neutral,0.043572254,0.8895936,0.066834055
3002,fungsinya kan memperdayakan ekonomi bawah,Neutral,1,Neutral,1,Neutral,0.028001344,0.9141308,0.05786791
3063,asli MBG nya mewah ditangan kk,Neutral,1,Neutral,1,Neutral,0.031875286,0.7979149,0.17020977
4580,"Menanggapi hal tersebut, apakah anggaran MBG sudah mencakup pengadaan tempat makan ramah lingkungan yang bisa dipakai berulang kali?",Neutral,1,Neutral,1,Neutral,0.045700815,0.89370745,0.060591687
3290,Bang jangan kmn2 sendirian 😂,Neutral,1,Neutral,1,Neutral,0.044830903,0.9036102,0.051558845
2642,bener banget banyak makelarnya kak. banyak tangan usilnya.,Neutral,1,Neutral,1,Neutral,0.048245423,0.87277853,0.078976035
1778,Iya tinggal bilang ini boleh itu gaboleh. Sertakan alasan kuat. Kalo gapunya alasan yg masuk akal gw debat dulu.,Neutral,1,Neutral,1,Neutral,0.04457367,0.87052023,0.08490607
5322,"Menurut saya, pemerintah perlu menjelaskan secara komprehensif indikator keberhasilan dari pelaksanaan program MBG ini.",Neutral,1,Neutral,1,Neutral,0.033058643,0.8954893,0.07145208
5363,"mungkin klo gak byk ""tangan kotor"", konsepnya bisa bagus, dari petani masuk ke koperasi merah putih, dari koperasi ke SPPG, dan SPPG yang menyuplai MBG ke sekolah di daerah A misalnya, harus ngambil bahan dari koperasi merah putih di daerah A tersebut jg",Positive,2,Positive,2,Positive,0.012600202,0.0052393246,0.98216045
3481,bahkan waktu itu pernah liat di Twitter ada yg jual bahan2 makanan gitu trs pihak mbg nya minta nota yg gk sesuai ke si penjual😳,Neutral,1,Neutral,1,Neutral,0.04670483,0.8690938,0.084201396
39,Semoga sehat selalu Bapak . Dan semakin maju bgn 🔥,Positive,2,Positive,2,Positive,0.0046834718,0.0011791214,0.9941374
2609,Buzzer omon2 🤣🤣🤣🤣,Negative,0,Negative,0,Negative,0.98417896,0.0026142313,0.013206867
230,Nah ini yg perlu banget dapat MBG ...,Neutral,1,Neutral,1,Neutral,0.045030434,0.87542975,0.07953978
4344,"Melihat fakta di lapangan, semoga proses pengadaan barang dan jasa untuk program MBG ini bisa dipantau secara terbuka oleh publik.",Neutral,1,Neutral,1,Neutral,0.035993516,0.8891892,0.07481733
4586,"Secara keseluruhan, perlu ada survei berkala kepada para guru dan siswa untuk mengetahui respon dan efektivitas menu MBG.",Neutral,1,Neutral,1,Neutral,0.042370357,0.88024765,0.07738202
2810,"SPPG desaku malah monoton bgt chef menunya...ampun, kalo gk telur rebus, telur ceplok gosong, tahu gk digoreng gk ada rasa, ayam ky gt terus menunya gk ada rasanya...😳😳😳",Neutral,1,Neutral,1,Neutral,0.063071616,0.8494217,0.08750673
2912,"Harus diakui, harus ada tim ahli gizi yang rutin mengecek kualitas dan kandungan kalori makanan di setiap unit dapur.",Neutral,1,Neutral,1,Neutral,0.03936358,0.8873057,0.073330775
3034,"ohh itu alasannya
kk nya yg sd dpt burger + salad
adeknya di posyandu dpt burger + bakwan😂 karna gaboleh mentah ya sayurnya dibikin bakwan",Neutral,1,Neutral,1,Neutral,0.039269958,0.88731456,0.073415495
3926,"la itu yg demo mendukung MBG petani
yg mana bang",Positive,2,Positive,2,Positive,0.0039271596,0.00093856495,0.9951343
2947,Memang benar bahwa sistem distribusi di beberapa daerah masih semrawut dan makanan sering datang terlambat saat jam istirahat sudah usai.,Negative,0,Negative,0,Negative,0.98001456,0.0017601937,0.018225221
2662,"Saya yakin pak semua petani jg punya keinginan untuk lebih maju dan melek soal prosedur berbisnis yg dimanagemen dengan benar ,tapi fakta dilapanganNya susah pak ,mungkin bapak jg taulah sistem dikita tu kaya giman ..",Neutral,1,Neutral,2,Positive,0.018886827,0.40264702,0.5784661
331,Mungkin krn dsna bahan pokok mahal✌✌,Neutral,1,Neutral,1,Neutral,0.034404557,0.88810694,0.077488475
2841,Nyenyenyenye prabowo nyenyenye,Neutral,1,Neutral,1,Neutral,0.048992444,0.86146903,0.08953855
926,Ya kan proyek untuk 2029,Neutral,1,Neutral,1,Neutral,0.08240491,0.8345376,0.08305744
997,"otaknya di mana pemerintah, seharusnya buat saudara2 di Papua. ngapain juga buka MBG di Jawa",Neutral,1,Neutral,1,Neutral,0.09055531,0.83440524,0.07503937
2315,yh kalau gitu konsep nya jgn banyak aturan .. misal ada harga ada barang 😁,Neutral,1,Neutral,1,Neutral,0.031023225,0.8943077,0.07466908
1881,bener lg . intinya kalo projek pemerintah tuh harus kuat dekingannya biar cair dana nya cuy kalo gak kuat dan orang normal lu akan di belakangin dana nya ibaratkan naro banyak invoice punya lu di kebawain bro wkwkwkw namanya juga indo wkwkw,Neutral,1,Neutral,1,Neutral,0.031053852,0.9088951,0.06005113
5071,min @gerindra tuh sampe in sm mentri ny. jgn cuma ….😂😂,Neutral,1,Neutral,1,Neutral,0.047256403,0.8630987,0.089645
3988,Banyak pihak meragukan efektivitas program ini jika tata kelola anggaran dan audit tidak dilakukan secara independen.,Negative,0,Negative,0,Negative,0.9693582,0.008956847,0.021684846
5524,"Saya coba dulu nanti, klo gak bisa di terima hasil tani kita ya berarti fakta",Neutral,1,Neutral,1,Neutral,0.041663468,0.89131373,0.0670228
1626,"Menurut saya, pengelolaan sampah kotak makan MBG mencemari lingkungan sekolah karena tidak ada tempat pembuangan khusus.",Negative,0,Negative,0,Negative,0.9788079,0.00408312,0.017108995
1095,Wo mohon mbg di alihkan ke papua saja. Kami orang kota gak butuh mbg,Neutral,1,Neutral,1,Neutral,0.092080444,0.8620281,0.04589141
3219,"hahah koneksi,,, orang yang mau untung g akan ngajak² biasanya dia punya cara sendiri",Neutral,1,Neutral,1,Neutral,0.05247705,0.7516317,0.19589122
4308,"ku kira supliernya ya dari petani ke pasar, dari pasar di beli lah sama yg dari mbg, ibu ibu dll...",Neutral,1,Neutral,1,Neutral,0.034230765,0.88825786,0.07751131
3990,"ada fee itu, gak bisa sembarangan🤣🤣🤣🤣",Negative,0,Negative,1,Neutral,0.114885926,0.8315985,0.053515565
4374,"lu ga jelas yang gw nanya, apa jawaban lu balik lagi ke korupsi. lu jawab kalo MBG di apus solusinya apa.",Negative,0,Negative,0,Negative,0.97958195,0.001636956,0.018781131
4005,kan program korupsi nyata,Negative,0,Negative,0,Negative,0.97615564,0.0019395249,0.021904914
2836,"apakah ada dapur mbg didekat perkebunan sampean, kalo ada silahkan tawarkan dg harga yg kompetitif",Neutral,1,Neutral,1,Neutral,0.038571022,0.87535477,0.086074166
610,Tu wo mbg tu pilihin orang yg ky gini. Buatkan mbg .. tu bupatinya kemanaaaaaaaa,Neutral,1,Neutral,1,Neutral,0.04615685,0.8848362,0.06900696
3096,"ga bakal coy, karyawan mbg, kopdes, dll itu calon pemilih dia di periode ke 2😁",Neutral,1,Neutral,1,Neutral,0.04251103,0.87513983,0.08234917
395,Kopdes dan MBG harusnya di utamakan di sana,Neutral,1,Neutral,1,Neutral,0.034224037,0.8946232,0.07115281
439,Biar kabinet bayangan yg pikirin,Neutral,1,Neutral,1,Neutral,0.035306994,0.90444803,0.060244974
735,Daerah yg harusnya menjadi prioritas utama kok malah yg paling di telantarkan.. Mereka tidak mau membangun dapur MBG di sana karena hitung-hitungan bisnisnya kan rugi karena 15rb per anak dengan biaya serba mahal ala Papua gak akan cukup makanya secara bisnis ini tidak menguntungkan dapur MBG,Negative,0,Negative,1,Neutral,0.15717453,0.48677686,0.3560486
3695,adu menu boleh ga sih?? pengen bgt liatin menu kemarin 🤣,Neutral,1,Neutral,1,Neutral,0.020235408,0.8841443,0.09562033
5187,Memang benar bahwa pemerintah perlu menjelaskan secara komprehensif indikator keberhasilan dari pelaksanaan program MBG ini.,Neutral,1,Neutral,1,Neutral,0.025399733,0.91538244,0.059217867
71,evaluasi itu tanda programnya serius dijalankan,Neutral,1,Neutral,1,Neutral,0.03979101,0.903567,0.056641955
1175,Dalam 5 hari Senin sampai Jumat menunya yg di berikan sebenarnya apa saja dan apa yang di bolehkan dan di berikan.,Neutral,1,Neutral,1,Neutral,0.044805493,0.8704849,0.08470967
2195,"lah konyol, dengan pernyataan di atas udah jelas dari mulai pembangunan nya aja udah bobrok berharap apa sama operasional nya. kepala isi nya kok frass smua",Negative,0,Negative,0,Negative,0.97646934,0.0016508246,0.021879833
1126,Jawabannya karna MBG bukan untuk memperbaiki stunting. Tapi program untuk korupsi tim sukses kampanye,Negative,0,Negative,0,Negative,0.9774919,0.0015832604,0.020924827
5379,Bisa pun masuk harganya di anjlok in 😏,Neutral,1,Neutral,1,Neutral,0.027949706,0.90006834,0.07198197
4861,@badangizinasional.ri mohon dilihat,Neutral,1,Neutral,1,Neutral,0.03191826,0.8941933,0.073888436
4959,Sebenarnya semuanya sdh terlihat jelas minusnya tapi kenapa nggk bs diperbaiki,Neutral,1,Neutral,1,Neutral,0.10432073,0.81860125,0.07707796
1685,di dapur ku kayanya bakal keteter soalnya jumlah tim polmak total cuma 7 org,Neutral,1,Neutral,1,Neutral,0.04573752,0.8840285,0.07023392
3551,tp ada yg bela😁,Neutral,1,Neutral,2,Positive,0.0075137545,0.012341969,0.98014426
2180,gua sering dihianati di reallife maupun di media Sampek dititik gua trust isued sama sesama bangsa dendiri😅,Neutral,1,Neutral,0,Negative,0.98011404,0.010643837,0.009242077
3057,dan uang mak gua dimanfaatkan demi pembagian hasil YANG SANGAT SEDIKIT🥀🥀🥀🥀🥀 (mak gua ikut program mbg dan hasil pembagiannya sangat sedikit),Neutral,1,Neutral,1,Neutral,0.04447191,0.85867375,0.096854314
4094,Sejenis pak sappe kah?,Neutral,1,Neutral,1,Neutral,0.045089606,0.8759374,0.07897293
5025,@PRESIDEN PRABOWO @gerindra @PRABOWO SUBIANTO @Basuki Tjahaja Purnama @Purbaya Yudhi Sadewa @🇮🇩 @PrabowoForNation @Pak Soegi @Mahfud MD @Prabowo Gibran,Neutral,1,Neutral,1,Neutral,0.03336736,0.89780897,0.06882366
4324,yang ada harus barangnya dulu. uang belakangan. biasanya gitu,Neutral,1,Neutral,1,Neutral,0.03841014,0.8816531,0.07993687
1980,cie di otaknya cuma anis,Neutral,1,Neutral,1,Neutral,0.050188288,0.8832621,0.066549666
3305,Memang benar bahwa kesiapan tenaga pengolah makanan di setiap sentra dapur perlu mendapat sertifikasi kebersihan pangan.,Neutral,1,Neutral,1,Neutral,0.031446476,0.9029135,0.065640055
4660,"Harus diakui, kesiapan tenaga pengolah makanan di setiap sentra dapur perlu mendapat sertifikasi kebersihan pangan.",Neutral,1,Neutral,1,Neutral,0.039401352,0.88013667,0.08046203
4455,"Menurut saya, penting untuk memastikan sanitasi peralatan makan dan tempat penyajian selalu dalam kondisi bersih dan steril.",Neutral,1,Neutral,1,Neutral,0.034469627,0.887962,0.07756835
248,Karena gak cuan bikin disana.... Mengerikan.,Negative,0,Negative,0,Negative,0.9792588,0.0019113084,0.018829836
3336,curahan hati para petani🥲,Neutral,1,Neutral,1,Neutral,0.043797698,0.8875793,0.068622924
1868,"sama aja, pasti dimainin pihak sekolah kalo gitu. mending distop dananya dialihin ke yg lain",Neutral,1,Neutral,0,Negative,0.98500943,0.0021447877,0.012845725
2072,"tapi yg gw anter bukan dari yg lu maksud, tapi gw ngambil dari super market yg punya droff barang dari luar bandung.",Neutral,1,Neutral,1,Neutral,0.049363274,0.8675057,0.08313099
5315,"Menurut saya, apakah ada panduan khusus bagi siswa yang membawa bekal sendiri dari rumah saat MBG dibagikan?",Neutral,1,Neutral,1,Neutral,0.039471414,0.88754535,0.07298329
4919,pak mampir dngar suara rakyat @gerindra,Neutral,1,Neutral,1,Neutral,0.041224934,0.878802,0.07997299
619,Merdeka aja papua,Neutral,1,Neutral,1,Neutral,0.056896433,0.8852918,0.05781172
279,Terlupakan yang butuh malah,Neutral,1,Neutral,1,Neutral,0.044716876,0.89129573,0.06398732
5098,MBG PROGRAM TAEEE,Neutral,1,Neutral,1,Neutral,0.05014095,0.868923,0.08093603
2584,"to be honest ya, petani2 ini kdg gabisa langsung masok ke pasar/jual sendiri, kadang hasil mereka ini dibeli sama distributor dgn harga rendah, sedangkan distributor masok ke pasar (pedagang) dengan harga yg tinggi, otomatis pedagang juga jual dgn harga tinggi, terlebih kalo masok ke mbg tuh mitra pgnnya dpt harga serendag rendahnya..",Neutral,1,Neutral,1,Neutral,0.040540855,0.87866735,0.080791876
3140,"semoga fyp🙏like,komen share🙏",Neutral,1,Neutral,1,Neutral,0.040729176,0.86582565,0.09344518
1690,Chef bikin telur katsu dong. Telor bulet di tepungin trus di goreng kaya disini wkwkw,Neutral,1,Neutral,1,Neutral,0.034469567,0.91858184,0.046948537
5415,😂😂😂😂 mantapppp abang,Positive,2,Positive,2,Positive,0.005126963,0.00089554675,0.9939774
199,"Setujuuuu... Yg begini MBG sangat perlu, tapi MBG kn buat bagi2 duiittt k pejabat atau politikus negri ini",Neutral,1,Neutral,2,Positive,0.00887469,0.0018560328,0.9892693
4402,bantu taq ya @gerindra,Neutral,1,Neutral,1,Neutral,0.024741363,0.8869601,0.088298425
139,Dulu yg sering kesitu malah pada di bully,Neutral,1,Neutral,0,Negative,0.7496752,0.11837249,0.13195226
5462,"Harus diakui, perlu transparansi anggaran yang jelas dan audit berkala agar program ini bisa dievaluasi dengan baik oleh publik.",Neutral,1,Neutral,1,Neutral,0.030384077,0.91104966,0.05856634
241,lebih baik embege kopedes di jawa distop. hanya kusus papua sja lanjut. jgn buang2 anggaran,Negative,0,Negative,0,Negative,0.9650168,0.016209802,0.01877346
2740,udah dikuasai aparat semua,Neutral,1,Neutral,1,Neutral,0.031883292,0.90163344,0.0664833
3579,"jangan mau lur, nanti klw kena itu toko ente sebagai pemilik juga jd tersangkut",Neutral,1,Neutral,1,Neutral,0.052283004,0.87663335,0.07108362
2839,"AKU AKU MEWAKILI AKU ,KENAPA?",Neutral,1,Neutral,1,Neutral,0.045375273,0.85152423,0.10310045
4508,"yang bilang bisa muterin ekonomi bawah siapaaa???? SIAPA??? udh dua vt tentang petani yang susah masuk ke mbg, pdhl yg kaya gini yg harusnya masuk ke mbg",Neutral,1,Neutral,1,Neutral,0.050538234,0.82463574,0.12482607
4246,nah loohhh piye ikii😂😂😂,Neutral,1,Neutral,1,Neutral,0.040165015,0.8962463,0.063588694
4028,"Melihat fakta di lapangan, pemerintah perlu menjelaskan secara komprehensif indikator keberhasilan dari pelaksanaan program MBG ini.",Neutral,1,Neutral,1,Neutral,0.04026323,0.8987966,0.06094014
694,tolong lihat ini wahai regulator,Neutral,1,Neutral,1,Neutral,0.042506453,0.8817359,0.07575764
4856,Memang benar bahwa kesiapan tenaga pengolah makanan di setiap sentra dapur perlu mendapat sertifikasi kebersihan pangan.,Neutral,1,Neutral,1,Neutral,0.036704574,0.89230704,0.070988365
690,dulu si litha gading bilangnya akan di fokus ke daerah papua kok malah cuman omon omon doang,Negative,0,Negative,0,Negative,0.9814321,0.0014137669,0.01715421
1888,senang berbisnis dengan masyarakat,Positive,2,Positive,2,Positive,0.005427781,0.0013835785,0.9931886
2010,"kalo ini saya setuju banget. program ini jadi sasaran maling secara ugal""an oleh para pucuk pimpinannya.",Positive,2,Positive,0,Negative,0.97894967,0.0014677467,0.01958258
2629,bener jga sih,Neutral,1,Neutral,1,Neutral,0.03789081,0.8394766,0.12263264
5215,betul bg kita petani cm bisa gigit jari,Neutral,1,Neutral,1,Neutral,0.033417933,0.9008738,0.0657082
1055,Program go0oblo0oGg prabowo,Neutral,1,Neutral,1,Neutral,0.061796382,0.8262704,0.11193316
4483,"tulls pak
di sini yg jd supliyer sbako malah seorang dokter padahal banyak toko² kecil laine yg jg butuh pemasukan",Neutral,1,Neutral,1,Neutral,0.019749917,0.9245003,0.055749785
4924,kopdes segera hadir pak,Neutral,1,Neutral,1,Neutral,0.021925742,0.89976805,0.07830622
2256,Enggak kayak gitu.. gk harus punya PT atau CV asal harga lu dipres buanget dan siap menerima returan mah oke aja.. yg penting koperasi untung gede lah,Neutral,1,Neutral,1,Neutral,0.033880606,0.9054007,0.060718782
2046,makanya kemarin ada capres yg mau brantas tengkulak eh malah milih ok gas🤣,Neutral,1,Neutral,1,Neutral,0.041686263,0.89000136,0.06831236
1007,Dengan fakta ini prabodo sepertinya benci indonesia bagian timur,Negative,0,Negative,0,Negative,0.9745959,0.011446507,0.013957624
2334,fakta di lapangan harganya lebih mahalan masuk wc umum di pasar,Neutral,1,Neutral,1,Neutral,0.041049726,0.8868116,0.07213871
4395,"Menurut saya, perlu evaluasi berkala mengenai penerimaan rasa dan porsi makan siang yang diberikan kepada para siswa.",Neutral,1,Neutral,1,Neutral,0.036333557,0.8849383,0.07872813
943,"Liat persentase jumlah penduduk dari total seluruh indonesia dong min,,,,jgn pura pura bego",Negative,0,Negative,1,Neutral,0.27546814,0.65045017,0.07408169
1352,gak masuk akal MBG.. anggaran MBG buat bayar utang indonesia kan lebih enak,Positive,2,Positive,2,Positive,0.013496363,0.0040097027,0.98249394
804,P. PRABOWO ga akan paham soal ini,Neutral,1,Neutral,1,Neutral,0.03160323,0.90682995,0.061566833
625,Ada nya program mbg itu bukan untuk memberikan gizi pada daerah 3 t .yang terjadi di gumingkan hanya perkotaan yang umum berkecukupan di liput media pemerintahan. Salah kaprah dari awal juga.,Negative,0,Negative,0,Negative,0.8565479,0.10249155,0.04096051
4144,pngen cepet ganti presiden,Neutral,1,Neutral,1,Neutral,0.03817679,0.9017784,0.0600448
1711,"yuks didenger nih pak menteri, disaat ada kritik terima perbaiki sistemnya. baru keren",Positive,2,Positive,2,Positive,0.0052496186,0.0010963439,0.993654
2373,sering ketemu orang orang MBG belanja dipasar,Neutral,1,Neutral,1,Neutral,0.046069372,0.87109065,0.082840055
2393,"Asli, tukang roti dan katering disini juga banyak yg ngeluh",Neutral,1,Neutral,1,Neutral,0.2679501,0.5897852,0.14226478
3352,Menurut ku porsi anak tk segitu pas cetak an soal y sayang bgt klo banyak nasi y pasti gk habisss,Neutral,1,Neutral,1,Neutral,0.06387378,0.8498646,0.08626163
3056,"padahal kasih mbg ke anak sekolah ga bisa buat ngatasin stunting. berbagai alasan dibuat untuk mengadakan mbg, padahal ini alasan sebenernya",Neutral,1,Neutral,0,Negative,0.64787954,0.27095604,0.08116439
4633,"gada, semua semangat sekolah",Positive,2,Positive,2,Positive,0.005318855,0.0017772184,0.9929039
598,"salahkan pemerintah! akses pendidikan, kesehatan dipersulit yaallah..",Positive,2,Positive,0,Negative,0.9776948,0.0023466265,0.0199585
907,Kok bisa setiap presiden buta sm kondisi papua,Neutral,1,Neutral,1,Neutral,0.042314846,0.8873227,0.0703624
2305,"Terkait kebijakan ini, pihak dinas terkait harus rutin melakukan uji sampel makanan secara acak di berbagai sekolah.",Neutral,1,Neutral,1,Neutral,0.028720122,0.89431053,0.076969355
188,"sedih banget lihatnya, yaallaah semoga mereka yang di papua segera dapat bantuan dari Allah SWT AMIIN",Negative,0,Negative,0,Negative,0.9800212,0.0019844729,0.017994422
1696,"mertuaku kmren panen wortel, trs harga di pasar lagi anjlok, aku nyeletuk kenapa gak di jual ke dapur mbg, kan tiap hari menu nya wortel, trnyta gk bisa katanya gaess alhasil ya di jual aja ke pasar induk cibitung dg harga serebuuu perak perkilo 😂",Neutral,1,Neutral,1,Neutral,0.03290765,0.9070994,0.0599929
1282,Sossuitt yeess hidup prabowooo pemimpin superr jossss lanjutkan prabowo hancurkannn bareng bareng,Positive,2,Positive,2,Positive,0.010118652,0.0014574109,0.988424
1519,"Kami rakyat miskin GX butuh mbg,yg kami butuh kan pendidikan gratis ,berobat gratis,nampak nya yg bergizi ,yg sehat kepala mbg Dadan si kucing ngarong ,kelas kakap😸😹🙀😾😹😹",Positive,2,Positive,2,Positive,0.0034795399,0.003061055,0.99345934
3441,"Secara keseluruhan, pengawasan terhadap vendor katering harus diperketat agar spesifikasi menu sesuai dengan perjanjian awal.",Neutral,1,Neutral,1,Neutral,0.0400153,0.878885,0.08109981
1312,Dikasih duit 100rb ntr juga nurut ga jadi demo😂,Neutral,1,Neutral,1,Neutral,0.01951795,0.9209495,0.059532553
4397,"bang gua pernah masukin bakso ke dapur MBG
harga baso dari saya 700 ke mitra
mitra ke BUMDES jual 1000
BUMDES ke dapur 1500
hahahahahhaa pak wowo semoga baca",Neutral,1,Neutral,1,Neutral,0.03884176,0.88241845,0.07873977
404,"Menanggapi hal tersebut, perlu dipastikan kapasitas produksi dapur umum mampu memenuhi kuota seluruh sekolah di target wilayah.",Neutral,1,Neutral,1,Neutral,0.038829003,0.90414435,0.05702663
4510,"Lah jual di pasar dulu pak, jngan langsung ke mbgnya,",Neutral,1,Neutral,1,Neutral,0.03753048,0.8641565,0.09831307
5314,"Melihat fakta di lapangan, pengawasan terhadap vendor katering harus diperketat agar spesifikasi menu sesuai dengan perjanjian awal.",Neutral,1,Neutral,1,Neutral,0.036706984,0.8944752,0.0688178
2101,"Secara keseluruhan, pengelolaan sampah sisa makanan harus dipikirkan agar tidak menimbulkan masalah lingkungan di sekolah.",Neutral,1,Neutral,1,Neutral,0.031575814,0.91416496,0.0542592
1474,Min gimana kelanjutan kabar trakhir import mobil MBG dari India ?,Neutral,1,Neutral,1,Neutral,0.03726003,0.88124007,0.081499845
5387,"sepertinya ini bukan ngeluh bang, tapi mengungkapkan fakta lapangan",Neutral,1,Neutral,1,Neutral,0.03087127,0.9054493,0.063679464
4294,"Bener banget pak petani,,,,",Neutral,1,Neutral,1,Neutral,0.033218835,0.88507396,0.081707105
1472,Mikiskinkan sampai kroni 7 turunan biar adil,Negative,0,Negative,0,Negative,0.787726,0.14869116,0.06358289
4226,"Terkait kebijakan ini, pihak dinas terkait harus rutin melakukan uji sampel makanan secara acak di berbagai sekolah.",Neutral,1,Neutral,1,Neutral,0.0522917,0.8657527,0.08195558
4062,lah yg demo mengatas namakan petani.. petani yg mana..,Neutral,1,Neutral,1,Neutral,0.035209164,0.90955526,0.05523557
1910,"menyedihkan gak begini chef itu bola"" isinya cuma tepung di bulet""in di kasih tepung panir😭😭😭",Neutral,1,Neutral,0,Negative,0.98548454,0.0021250513,0.012390404
5329,betul bang 😁,Neutral,1,Neutral,1,Neutral,0.03668627,0.8776454,0.08566839
1160,"Keingat dulu pas koar2 program MBG ga guna, zaman² kampanye yang dibawa² rakyat Papua. Katanya kasian mereka susah makan. Padahal rakyat Papua sendiri ga mau makan pemberian orang asing dan sekarang dapur MBG sedikit sekali di sana. Haha. Cuma orang tolol yang masih dukung program korup Prabowo",Negative,0,Negative,0,Negative,0.9783068,0.0014942861,0.020198915
4651,biasa koprasi mah korup dei mang makana te menang di beli ku daerah sppg harus ke koprasi dulu,Negative,0,Negative,0,Negative,0.9780999,0.0027255532,0.019174473
2262,"jadi kalau di negara ini ada yang korupsi itu salah presiden juga ya bos? jangan lah dikit2 nyalahin presiden,cek juga para petugas mbg nya apakah sesuai dengan program mbg atau tidak,toh apapun program yang ada di Indonesia selalu ada yang bermain dibelakang kan,, makanya aku bilang problem di negara kita ini dari dulu bukan dari presidennya",Negative,0,Negative,0,Negative,0.9753406,0.0017399177,0.022919439
5097,"Tentu saja, perlu transparansi anggaran yang jelas dan audit berkala agar program ini bisa dievaluasi dengan baik oleh publik.",Neutral,1,Neutral,1,Neutral,0.035702076,0.89218366,0.07211421
4881,"Jujur saja, harus ada tim ahli gizi yang rutin mengecek kualitas dan kandungan kalori makanan di setiap unit dapur.",Neutral,1,Neutral,1,Neutral,0.023909356,0.8991079,0.076982796
5529,"kaga bg, dapur mbg itu kepala dapur biasa nya cari UMKM warung sma roti "" biar bisa di tawar murah",Neutral,1,Neutral,1,Neutral,0.04800351,0.8838297,0.06816684
4407,kemaren gw nganter paket DAGING ke dapur sppg 60kg. dan aneh nya yg beli itu calo.. bukan pemilik sppg nya wkwkkww,Neutral,1,Neutral,1,Neutral,0.03557186,0.90431404,0.060114045
3155,"Jujur saja, sangat disayangkan alokasi dana pendidikan terkuras untuk program makan siang yang belum terbukti efektivitasnya.",Negative,0,Negative,0,Negative,0.97928816,0.0015456202,0.019166177
5390,"Secara keseluruhan, pengelolaan sampah sisa makanan harus dipikirkan agar tidak menimbulkan masalah lingkungan di sekolah.",Neutral,1,Neutral,1,Neutral,0.041834477,0.8757967,0.08236882
5214,"nggak usah heran, ini indonesia, sejak kapan urusan rakyat kecil di permudah?
semua urusan kalau yg bersangkutan dengan rakyat kecil itu semua susah,
yg gampang itu urusan dana oleh para pejabat",Neutral,1,Neutral,1,Neutral,0.027545294,0.9059065,0.06654817
4289,"sppg alesannya butuh dlm jumlah bnyak ..
pdhl ambil dari semua petanikan bisa . sedikitsedikit jadi bnyak .
trs hargnya nyekek bgt😭😭",Neutral,1,Neutral,1,Neutral,0.051477436,0.8943553,0.05416727
4583,@gerindra @PRABOWO SUBIANTO kok gak sesuai sama yg digembor²kan?,Neutral,1,Neutral,1,Neutral,0.038961574,0.88924396,0.07179446
4199,"Terkait kebijakan ini, perlu kajian lebih lanjut mengenai efisiensi operasional pengantaran makanan ke sekolah pelosok.",Neutral,1,Neutral,1,Neutral,0.042377915,0.8771744,0.08044776
1242,Terus hasilnya gimana?,Neutral,1,Neutral,1,Neutral,0.04942238,0.8643065,0.08627109
1364,"Mbg berguna hanya untuk manusia kotor Hama, yaitu koruptor",Negative,0,Negative,0,Negative,0.976626,0.0016730153,0.021700935
856,"Pejabat dikit yg tinggel di papua. Tujuan MBG itu korup buat para pejabat, polisi & TNI",Negative,0,Negative,0,Negative,0.9818824,0.0018895842,0.016228136
1964,"di era prabowo harga yang konsisten stabil cuma padi,jagung untuk holti masih naik turun",Neutral,1,Neutral,1,Neutral,0.044879828,0.76195735,0.19316281
5106,"kalo belum ada uang dan koneksi lebih jangan coba"" ber urusan dengan uang dari negara, karna ribet nagihnya kalo rewel🌹",Neutral,1,Neutral,1,Neutral,0.077758975,0.7801017,0.14213921
4400,"Secara keseluruhan, perlu dipertimbangkan variasi buah-buahan lokal yang mudah diperoleh dan kaya akan vitamin.",Neutral,1,Neutral,1,Neutral,0.04827608,0.8769452,0.07477875
2751,Krn udh terbiasa 🫩,Neutral,1,Neutral,1,Neutral,0.035023615,0.8357502,0.12922618
2407,Memang benar bahwa perlu evaluasi berkala mengenai penerimaan rasa dan porsi makan siang yang diberikan kepada para siswa.,Neutral,1,Neutral,1,Neutral,0.039743785,0.8852563,0.074999966
771,"Tentu saja, perlu dipastikan kapasitas produksi dapur umum mampu memenuhi kuota seluruh sekolah di target wilayah.",Neutral,1,Neutral,1,Neutral,0.041557357,0.88223267,0.07620996
4864,"program kebanggaan pk presiden.. tpi minim pengawasan, org2 bawahannya dianggap baik semua oleh beliau,pdhal program kebanggaan beliau jdi ladang korup bawahannya.. yg kaya semakin kaya... yg susah dipersulit.. FAKTA",Negative,0,Negative,0,Negative,0.9750292,0.0013303658,0.023640398
162,Beliau ningrat 🤣,Neutral,1,Neutral,1,Neutral,0.04091176,0.8791624,0.07992592
4197,"sama bang ,ortu saya juga sama harus mencari pasar sendiri ,meskipun ada kopdes dan mbg",Neutral,1,Neutral,1,Neutral,0.03556688,0.88417757,0.08025551
2478,Bang lu pake gambar icon dr flaticon yak,Neutral,1,Neutral,1,Neutral,0.03548988,0.88120335,0.08330676
3289,Yuppp benerrrr bgtttt,Neutral,1,Neutral,1,Neutral,0.04318552,0.8904293,0.06638518
1545,Nahhh.. gini dong beritain yang POSITIF JUGAAA.. jangan CUMAN yang keracunan doaanggg😂😂 Saya dulu pengajar anak kolong jembatan jadi TAU BANGET banyak anak2 Indonesia yang MASIH KELAPARAN.. Jangan berkaca dengan kita yang bisa makan di restoran tiap hariiiii...,Negative,0,Negative,0,Negative,0.98387235,0.0019884263,0.014139105
1100,MBG cocoknya disana. Bukan di wilayah Jawa 🙏,Neutral,1,Neutral,1,Neutral,0.04193036,0.88569176,0.07237789
4348,udah lah pak Prabowo gausah jadi presiden balikan lagi harga petani kek jaman mulyono di mna semua petani di hasil panen nya di hargai rendah gpp 🤣,Neutral,1,Neutral,1,Neutral,0.13115701,0.81086653,0.05797641
781,"Saya lebih rido anak sya ga kebagian MBG,kasihkan saja ke sodara kita di papua,",Neutral,1,Neutral,1,Neutral,0.026215618,0.8837636,0.090020835
5469,"hanya petani tertentu yang dekat dg oknum ketua MBG, klo petani yang lain cuma kebagian nonton aja ketidak Adilan.",Negative,0,Negative,0,Negative,0.9802074,0.0020490435,0.017743584
5037,klo sy jdi president saya akan berikan uang tiap warga negara 1 M/Org setiap Bulan.,Neutral,1,Neutral,1,Neutral,0.024828186,0.88236964,0.09280222
5302,"bisa bang, tapi harus siap ikut aturan mereka. minta barang bagus harga 25-30% di bawah pasar. siap tiba2 barang di cancel atau di reject, pembayaran 1-3 bulan paling cepat, tapi ingat nota 100%...",Positive,2,Positive,2,Positive,0.023877311,0.14522147,0.83090127
3632,ini MBG di mana seperti mewah banget🥰,Neutral,1,Neutral,2,Positive,0.028096303,0.39124897,0.5806547
4546,"ad nama nya rantai pasok
klw kamu petani langsung masuk ke dapur MBg..mmng bisa panen tiap hari?dan smua kamu tanam yg MBG butuhin?",Neutral,1,Neutral,1,Neutral,0.042385932,0.87525064,0.08236335
4639,"gapapa pak, prabowo kan baik",Neutral,1,Neutral,2,Positive,0.029147947,0.0909784,0.87987363
3518,kok ada mbeg anak SD kls 3 di kasih telur balado,Neutral,1,Neutral,1,Neutral,0.033595372,0.8985413,0.06786336
833,"Apakah Prabowo, kepala BGN, para mentri, gubernur, bupati, camat, kades akan menangis melihat ini?",Negative,0,Negative,0,Negative,0.9823278,0.002676078,0.0149961915
5161,Koordinasi antara dinas kesehatan dan dinas pendidikan sangat krusial dalam monitoring gizi program ini.,Neutral,1,Neutral,1,Neutral,0.0353872,0.8721201,0.092492685
4617,serius lo ngomong kaya gini?,Neutral,1,Neutral,1,Neutral,0.041116655,0.8587513,0.100132085
4779,udah 1 periode aja ni presiden kalo bisa sih setengah periode,Neutral,1,Neutral,1,Neutral,0.045896918,0.89702505,0.05707806
3094,"percaya lah pilpres kedepan bakal ada angka suara yg memenangkan pihak ini lagi
lihat dimana jokowi ada",Neutral,1,Neutral,1,Neutral,0.051322877,0.8956744,0.05300268
2171,"aneh nya lagi beneran ad itu menu endog katsu d skolah anak gw tau chef😂...jadilah menolak menu embeg sekolah, emak nya tetep saban ari nyiapin embeg sendiri😂",Neutral,1,Neutral,1,Neutral,0.05965948,0.888541,0.0517995
4253,trus yg kemarin itu yg demo dukung MBG bagaimana ceritanya 😅,Positive,2,Positive,2,Positive,0.0043384484,0.0007958207,0.9948657
5470,Akun Gerindra sudah hilang,Neutral,1,Neutral,1,Neutral,0.11492027,0.80247843,0.08260129
1691,Dibayangin aja udah aneh rasanya.,Neutral,1,Neutral,1,Neutral,0.026229113,0.90261316,0.0711577
2304,"efek supply demand ga seimbang, brati sakarnng normal ya udah murah, brati waktu aktif ada permainan barang jadi langka, wah ugal ugalan",Negative,0,Negative,1,Neutral,0.04570683,0.8623406,0.09195258
2969,"Bagaimana petani bisa punya waktu buat bangun relasi, waktu mereka hbs byk di lahan",Neutral,1,Neutral,1,Neutral,0.04264546,0.9223347,0.035019938
2917,Program MBG sangat bermanfaat untuk mencukupi kebutuhan gizi anak sekolah di berbagai pelosok daerah.,Positive,2,Positive,2,Positive,0.004005807,0.001435038,0.9945591
592,Pemerintah nya kemana bilang langsung sm pk prabowo. Sini pk kampung kami msh tertinggal,Neutral,1,Neutral,1,Neutral,0.039148536,0.881227,0.07962447
1232,Lanjut kita turun berzama,Neutral,1,Neutral,1,Neutral,0.030249368,0.89863,0.07112059
5174,"Tentu saja, apakah ada panduan khusus bagi siswa yang membawa bekal sendiri dari rumah saat MBG dibagikan?",Neutral,1,Neutral,1,Neutral,0.041024312,0.88148576,0.07748991
3780,"mereka udah g peduli masseh.. mereka yg penting program jalan.. kurang duit,uang daerah tinggal pangkas,masih kurang lagi,selagi ada di pajakin,kurang lahi dinaikan lagi pajaknya 😇..",Neutral,1,Neutral,1,Neutral,0.023700597,0.92640483,0.0498946
3734,"disini anak SD rata di kasih telor balado mana pedes lg, ya ga memakan la ama anak-anak",Neutral,1,Neutral,1,Neutral,0.03851181,0.87777114,0.08371706
2204,"baru bangun aja udah korup, nanti udah jalan mikirin balik modal dulu.",Negative,0,Negative,0,Negative,0.98083395,0.0014527871,0.017713279
754,Gk beda jauh kek negara afrika 😢,Neutral,1,Neutral,1,Neutral,0.05067739,0.89379734,0.055525325
1542,"Rumah sekolah jadi rumah makan, keuntungannya pasti dimakan gak dimakan sudah dibayar",Neutral,1,Neutral,1,Neutral,0.050829645,0.8557253,0.09344506
4057,"emng katanya alurnya itu yg sangat ribet, bapa aku juga petani, aku pernah nyaranin masukin aja ke dapur mbg hasil pertaniannya, kata bapa susah banget udah nanya ke orang lain",Neutral,1,Neutral,1,Neutral,0.03637137,0.8776424,0.08598614
612,Ya fokusnya MBG bukan stunting tp PROYEK KORUPSI,Negative,0,Negative,0,Negative,0.976994,0.0016433558,0.021362629
1673,"kata ibu ibu denger di angkot, katanya dia kalo mau masukin beras ke mbg, pihak mbg pengen kualitas yang harga 15.000 sedangkan harganya pengen yang 12.000",Neutral,1,Neutral,1,Neutral,0.034161355,0.8710281,0.09481045
1706,"udah sih bang, tau kok dapet untung banyak dari mbg😂 kamu kan bagian dari mereka. tapi kalo orang ngomongin fakta, kritik mbg, kaga usah dibela segitunya. Bapak itu cerita sesuai fakta kok.",Neutral,1,Neutral,0,Negative,0.5772562,0.31693554,0.10580823
3879,"Jujur saja, langkah maju untuk mencetak generasi muda Indonesia yang sehat, cerdas, dan berdaya saing tinggi.",Positive,2,Positive,2,Positive,0.004408255,0.0007312319,0.9948605
2149,berarti sedekah yaa... untuk MBG😅,Neutral,1,Neutral,1,Neutral,0.040357508,0.8798145,0.07982801
4590,"Jujur saja, pengelolaan sampah sisa makanan harus dipikirkan agar tidak menimbulkan masalah lingkungan di sekolah.",Neutral,1,Neutral,1,Neutral,0.027655173,0.9145127,0.057832174
3662,bro mengungkap fakta sebenarnya 😂,Neutral,1,Neutral,1,Neutral,0.035361797,0.902402,0.062236138
4034,"ga selalu juga si , di daerahku pasokan bahan baku buat mbg rata” dari tempat sekitar kalau ada , kalau ga ada baru ambil dari luar",Neutral,1,Neutral,1,Neutral,0.027393522,0.8893356,0.08327083
1411,Sekalian kamu juga berhenti,Neutral,1,Neutral,1,Neutral,0.089662254,0.8411788,0.069158934
193,terima kasih sudah meliput berita ini,Positive,2,Positive,2,Positive,0.007340282,0.0010603167,0.99159944
5361,fakta di lapangan,Neutral,1,Neutral,1,Neutral,0.04152441,0.901053,0.057422604
5533,"bisa kang asal harganya bagi bagi dengan orang dalam mbg, Teman saya sudah nyoba dan bangkrut🙏🙏",Negative,0,Negative,0,Negative,0.98000205,0.0020684912,0.017929407
1750,"sm kak, aku plog, aku jg ada rencana gini",Neutral,1,Neutral,1,Neutral,0.04730774,0.85445327,0.09823902
4078,Dana miliaran rupiah terbuang percuma jika pengawasan di lapangan tidak diperketat.,Negative,0,Negative,0,Negative,0.9849578,0.0016358342,0.013406313
5117,@Purbaya Yudhi Sadewa,Neutral,1,Neutral,1,Neutral,0.033879142,0.88195944,0.08416145
3423,"itu kan modal awal doang dari pihak swasta/mandiri nanti juga setelah jadi pihak pemerintah MBG memberikan insentif fasilitas senilai Rp6 juta per hari per dapur (SPPG) selama 2 tahun untuk menutupi biaya investasi, yang berasal dari potongan Rp2.000 per porsi dari total anggaran per porsi.
BERARTI ANGGARAN DARI PEMERINTAH DONG BANGK3 🤣",Neutral,1,Neutral,1,Neutral,0.049595695,0.76473194,0.18567233
4472,Ahok dan kdm🫰🏻👍🏻,Neutral,1,Neutral,1,Neutral,0.086714044,0.82222813,0.091057844
2281,"jangan mau, lebih baik cari yg lain aja yg benar2 jujur. mereka itu koruptor semua",Negative,0,Negative,0,Negative,0.97333974,0.0020369317,0.024623325
250,"mereka-mereka tuh juga sering kunjungan ke daerah2 gini, tapi ya full fasilitas. pernah denger menteri pariwisata minta disediain air galon buat mandi? ya kayak gitu realitanya, mana mau mereka ke sana tapi fasilitasnya setara sama warlok",Neutral,1,Neutral,1,Neutral,0.03535205,0.8691729,0.09547505
1128,"Iinilah rezim saat ini, sangat memalukan dan penuh korupsi",Negative,0,Negative,0,Negative,0.9817191,0.0020477697,0.016233169
1231,"Saya mendukung mbg menjadi perusahaan penguasa negara, bila perlu semua anggaran negara alihkan kmb, karena mbg sngat membantu keluarga dirumah, pejabat.",Positive,2,Positive,2,Positive,0.0046022777,0.0006452128,0.9947525
1694,"karna MBG itu memakai anggaran dr pemerintah pusat, dimana setiap pembelian harus ada dokumen SPJ, mulai dari Nota pembelian, stempel, belum harus potong pajak PPN, pph, mengeluarkan faktur pajak. anda kan sebagai petani biasa ngga bs mengeluarkan faktur pajak.
anda pak, jualnya gak bs lgsg suplay ke dapur MBG, anda jualnya ya ke yang CV/PT yang kerja sama dengan dapur MBG",Neutral,1,Neutral,1,Neutral,0.027795214,0.879258,0.09294685
906,"Bentar lagi 17an nih, upacara 17an ini kalian pada hormat bendera gak?",Neutral,1,Neutral,1,Neutral,0.03805223,0.6306358,0.33131197
2136,kak mana keterimanya satu potong tempe yg di itung 5000 per 1 motong. gila gak..,Neutral,1,Neutral,1,Neutral,0.04518527,0.8713332,0.083481506
4182,nah tuh kan. 😂😂🤣,Neutral,1,Neutral,1,Neutral,0.06284339,0.84648764,0.09066888
587,"Gimana caranya video ini sampai ke pejabat tinggi negara, terutama orang nomor 1 RI ...",Neutral,1,Neutral,1,Neutral,0.038329817,0.890959,0.07071123
3050,program yg ga akan diberhentiin sama para aparatur negara walaupun besok kiamat 😂,Neutral,1,Neutral,1,Neutral,0.04514034,0.89355063,0.061309066
4738,"Menanggapi hal tersebut, diharapkan ada saluran pengaduan resmi jika pihak sekolah menemukan kendala terkait kualitas makanan MBG.",Neutral,1,Neutral,1,Neutral,0.025055379,0.9060665,0.068878226
1314,percuma ngk ada gerakan serentak. wlpun viral mereka kebal hukum,Negative,0,Negative,0,Negative,0.98137856,0.0013239818,0.017297449
3537,@SPPG Pesurungan Lor 03 bikin dong min,Neutral,1,Neutral,1,Neutral,0.037525777,0.89075834,0.07171596
2450,"Berarti bukan script, tapi review jujur",Positive,2,Positive,2,Positive,0.008080806,0.000764988,0.9911542
5448,Karna di dalem nya juga di main permainan jugaaa,Neutral,1,Neutral,1,Neutral,0.05064195,0.8647085,0.08464947
1307,Dpr jangan dibubarkan Tapi diganti orangnya Kalau bisa kita gantinya,Neutral,1,Neutral,1,Neutral,0.040151034,0.8784315,0.08141744
4620,petani bukan gembel😭,Neutral,1,Neutral,0,Negative,0.9553354,0.026083035,0.018581534
3001,preet. sok. yg penting harga murah. banyak stabil,Neutral,1,Neutral,1,Neutral,0.027695648,0.7993617,0.17294261
4592,"pak padahal masuk koperasi bagus lo pak. tinggal bapa pilih apakah koperasi tsb menjamin kebun bapak, misal nih naujubillah ya pak, kemarau dan kebakaran lahan, bapak bisa dapat bantuan pinjaman dari keanggotaan koperasi pak. kebanyakan org mau bebas atas usahanya, tapi di balik kebebasan dalam usaha yg kita jalankan, pemerintah gak tanggung jawab.",Positive,2,Positive,2,Positive,0.0076261163,0.0016718877,0.99070203
2064,gantinya sapa lek?.,Neutral,1,Neutral,1,Neutral,0.037764736,0.8880027,0.07423257
5149,Perlu adanya standar operasional prosedur yang ketat terkait higienitas dan pengolahan makanan MBG.,Neutral,1,Neutral,1,Neutral,0.040662855,0.88138825,0.07794887
232,"viralin, ramein, biar tantrum tuh lelaki tua npd, trs marah2 ngata2in media antek asing, londo ireng, trs tim bgn akan cepat distribusi mbg ke papua, krn gw sangat setuju mbg disini",Positive,2,Positive,2,Positive,0.07540074,0.0033130988,0.92128617
890,proyek tidak tepat sasaran... Tujuan baik utk mengatasi stanting...tp caranya MBG kesekolah(lahan basah korupsi bagi vendor kerjasama dgn orang dalam koruptor)... mengatasi stunting mgkin bukan dgn program MBG kesekolah...,Negative,0,Negative,0,Negative,0.9740356,0.0014321374,0.024532212
3994,tengkulak2 yg masuk produk nya,Neutral,1,Neutral,1,Neutral,0.042991456,0.8841426,0.072865926
960,Petugas SPPG nya pada takut bertugas di papua krn ada OPM,Neutral,1,Neutral,1,Neutral,0.03142567,0.894548,0.07402624
4949,"bener bgt , aku yg punya ketringan Kecil2n gni gak smpe proyeknya yg nerima yaa yg punya modal besar adapun di ajak kerjasama ketringan nerima hanya 10rb/ porsi dri 15rb yg di glontorkan pemerintah.😭",Neutral,1,Neutral,1,Neutral,0.036610607,0.89503145,0.06835796
5463,"Hidup jokowi...
ayok mana pekerja yg dbawahnya ini pak dengar ini pak..",Neutral,1,Neutral,1,Neutral,0.039847724,0.88335437,0.076797955
3769,"nahh kann mana nih buzzer MBG, petani asli nih yg ngomong.. oke deh ada petani yg pro dan kontra sama MBG, tapi bukan berarti MBG itu baik, hanya segelintir orang yg dapat menikmati MBG, yg lain?? bisa aja petani yg pro MBG masih ada hubungan sama pihak MBG makannya dibeli barang nya, maksudnya masa MBG pilih2 petani, harusnya kan seluruh petani yg kena dampak bukan ""petani yg dekat dengan oknum"" aja yg di enakin",Negative,0,Negative,2,Positive,0.09903374,0.0022929576,0.89867324
1003,"Klian kn seneng klo cindo bs jd pemimpin, knpa kluan gk minta bantuan sm cindo-2 ksya itu, klian kan pro cindo bahkan Israel dan as, mintalah bantuan sm trump dan netanyahu sono dan minta bantuan sm timles Australi dan png",Positive,2,Positive,2,Positive,0.00975168,0.0012735404,0.9889748
3379,ko ditempat gue ga pernah dpt lauk selain ayam dan telor ya? emang se ga nutup itu ya klo lauknya ikan atau lainnya🤣,Neutral,1,Neutral,1,Neutral,0.035968382,0.8910776,0.07295406
4264,"Harus diakui, sebaiknya ada formulir evaluasi harian yang diisi guru terkait porsi dan kualitas menu yang diterima.",Neutral,1,Neutral,1,Neutral,0.042106368,0.8928005,0.0650931
2753,Kalo bagus boleh berarti masuk ke dapurnya abang?,Positive,2,Positive,2,Positive,0.0050265808,0.00073822733,0.9942352
4499,@belum bapak-bapak kandani oh,Neutral,1,Neutral,1,Neutral,0.04006913,0.8907729,0.06915794
5562,"Lah disini malah sppg menyasar petani langsung, tetangga saya nanem bawang merah dan cabai langsung di tlponin orang sppg. Ada juga yg nanem melon, waktu panen langsung dianterin ke dapur sppg karena udah dibeli sama sppg.",Neutral,1,Neutral,1,Neutral,0.024415234,0.9122006,0.06338412
138,"Yg penting udah jadi presiden, rakyat hanya dianggap fans",Neutral,1,Neutral,1,Neutral,0.03755957,0.86498386,0.09745663
2433,Tag aja bang @gerindra,Neutral,1,Neutral,1,Neutral,0.03079002,0.9071357,0.062074237
414,Kemarin Hari Selasa Tanggal 4 Agustus 2026.. Lebih dari 200 siswa dan Ibu Hamil Keracunan MBG di Distrik Depapre Kota Jayapura!!!,Negative,0,Negative,0,Negative,0.97705317,0.0018197065,0.021127194
5498,intinya inti kalo V cocok pasti masuk,Neutral,1,Neutral,1,Neutral,0.024531543,0.738144,0.23732445
845,"Semoga suatu saat nanti Papua berdikari, kita harus jujur SDA dari Papua dikuras dan baru dimasa Jokowi ada pembangunan infrastruktur.",Positive,2,Positive,2,Positive,0.049101386,0.22459604,0.72630256
3811,@Gibran Rakabuming @Prabowo @gerindra @Narasi byk contohnyaa,Neutral,1,Neutral,1,Neutral,0.04946743,0.89036685,0.060165755
5206,@gerindra @Gibran Rakabuming @Purbaya Yudhi Sadewa @DPR RI @Kementerian Dalam Negeri @Kementerian Sekretariat Negara @Rieke Diah Pitaloka @Sekretariat Presiden @Sekretariat Kabinet RI @#UangKita @Kementerian Koperasi @KemendesPDT @Kementerian Kelautan Perikanan @kementanri @Kementerian UMKM,Neutral,1,Neutral,1,Neutral,0.036525603,0.89659107,0.06688335
3669,Perlu dipastikan kapasitas produksi dapur umum mampu memenuhi kuota seluruh sekolah di target wilayah.,Neutral,1,Neutral,1,Neutral,0.05760176,0.8924297,0.049968544
1718,kok tau chef,Neutral,1,Neutral,1,Neutral,0.04264575,0.8746281,0.082726106
5084,"yg jadi suplayer MBG hrus punya koneksi punya uang atw koneksi kluarga ...
Abang psti dpt kl brang kosong Bru mreka dtng...
mreka gak nyari harga murah mreka nyari suplayer yg bisa membantu atw balas Budi",Positive,2,Positive,1,Neutral,0.03801961,0.79895824,0.16302219
132,"sampe seringnya si kakek keluar negeri ga lihat yg di papua pedalaman, miris negeriku...",Negative,0,Negative,0,Negative,0.9760918,0.0020352153,0.021872923
463,KOPDES MANA KOPDES!,Neutral,1,Neutral,1,Neutral,0.038724102,0.88497984,0.07629599
5328,yg nama nya dalam proyek harus beranj bikin nota yg tidak sesuai dengan asli nya,Neutral,1,Neutral,1,Neutral,0.04426504,0.8642798,0.0914551
1130,MBG dongok MBG sarang koruptor MBG tidak ada guna ny sama sekali MBG progam racun MBG bobrok BUBARKAN MBG....,Negative,0,Negative,0,Negative,0.974721,0.0014182971,0.023860661
636,Jawa dan Pusat Moment,Neutral,1,Neutral,1,Neutral,0.04146614,0.8767851,0.081748754
3503,1 bulan aja seluruh petani jgn tanam..gimna ya,Neutral,1,Neutral,1,Neutral,0.023941316,0.91416806,0.061890632
1887,head kepala ka,Neutral,1,Neutral,1,Neutral,0.062328506,0.8718508,0.06582071
3427,Wkwk ini pasti yang setuju untuk ganti nota kan? 😏,Positive,2,Positive,2,Positive,0.011191676,0.111268654,0.8775397
4699,Pentingnya keterlibatan komite sekolah dalam memonitor penerimaan paket makanan bergizi setiap hari.,Neutral,1,Neutral,1,Neutral,0.030923381,0.8456716,0.12340508
1554,Tapi kualitasnya juga harus terjamin jangan sampai di campur-campur 😂😂,Neutral,1,Neutral,1,Neutral,0.05445387,0.87241393,0.07313219
2179,klo masak dlm porsi byk bisa kak di buat menu enak bagi yg pinter masak,Positive,2,Positive,2,Positive,0.0050113867,0.02653853,0.96845007
4368,Pak Mentri yang mana Bang 😂😂😂,Neutral,1,Neutral,1,Neutral,0.049869765,0.87976086,0.07036939
4682,intinya harus ada relasi sama pengurus mbg nya🤣🤣,Neutral,1,Neutral,1,Neutral,0.034098174,0.89213985,0.073762
2759,iya tgt dpurnya.. kan byk dpurnya... ada yg bagus ada yg jelek..,Positive,2,Positive,2,Positive,0.0052131545,0.00096497586,0.99382186
4708,Pengawasan terhadap vendor katering harus diperketat agar spesifikasi menu sesuai dengan perjanjian awal.,Neutral,1,Neutral,1,Neutral,0.03277141,0.908658,0.058570612
4840,bisa masuk asal bisa main trik😁,Neutral,1,Neutral,1,Neutral,0.033283856,0.88828206,0.07843417
94,Sidak pekerjaan paling enak dan seolah paling disiplin sedangkan cerminan diri dia sendiri lupa dimana letak berantakan yg dia sembunyikan dari sisi pandang seseorang,Negative,0,Negative,2,Positive,0.004499595,0.0010347528,0.99446565
15,Semoga bisa lebih baik dan lebih amanah,Positive,2,Positive,2,Positive,0.005820613,0.0043448196,0.98983455
5566,"Ya, hebat sekali",Positive,2,Positive,2,Positive,0.005085112,0.0031366225,0.99177825
522,"pemerintah gila sih.. di tempat gw kalo ada tempat kosong slalu di ekspansi jd dapur mbg, bahkan ada dapur yg sebelahan. ini di daerah yg malah lebih butuh cm dibangun puluhan doang bahkan ada yg ga sampe sepuluh. mau bangun kodim disana aja bisa bahkan ampe nebangin pohon, giliran bangun dapur mbg alesannya jalurnya susah di lewatin 😢😢",Negative,0,Negative,1,Neutral,0.092160776,0.7199618,0.18787739
4423,itu daerah mana biyar bisa di cek ke valid an nya,Neutral,1,Neutral,1,Neutral,0.051098857,0.8797726,0.06912856
3306,"Terkait kebijakan ini, kesiapan tenaga pengolah makanan di setiap sentra dapur perlu mendapat sertifikasi kebersihan pangan.",Neutral,1,Neutral,1,Neutral,0.03829577,0.8755708,0.086133495
2201,Lah mbg kan swasta 🗿 mau ngarang kah maniez?,Neutral,1,Neutral,1,Neutral,0.0410052,0.88525486,0.073739916
732,"Mbg itu diatas kertas sbnrnya itu program yg bagus. Sama jg dgn kopdes dan sekolah rakyat. Cm eksekusinya amburadul parah krn gaada studi kelayakan yg mendalam sblm diterapkan programnya. Emg dri awal mestinya mbg itu fokus di daerah2 3T dan buat siswa2 dri keluarga kurang mampu dulu. Yg dikasih lbh sedikit tp kualitas makanan yg bnr2 bergizi. kopdes, drpd bikin koperasi baru mending koperasi2 yg sdh berjalan di pedesaan diperkuat permodalan dan dikasih pelatihan bisnis dll buat anggotanya. Sekolah rakyat tu ga perlulah bikin baru lgi klo udh ada sekolah2 sekitar yg kekurangan siswa. Fokus di peningkatan infrastruktur dan kesejahteraan dan kompetensi guru yg sdh ada dulu. Tpi ya gitudeh prabski dan para pemilihnya mental instan doang ga heran taunya cm bikin proyek mercusuar doang",Negative,0,Negative,0,Negative,0.9456699,0.0023032026,0.05202687
486,gimana cara ngetag Prabowo?,Neutral,1,Neutral,1,Neutral,0.041909862,0.8844064,0.0736837
1425,Pendukung nya aja pria solo gimana ga berani coba,Neutral,1,Neutral,1,Neutral,0.036546074,0.8825336,0.08092032
4448,"Hahaha pemerintah pada budek semua, denger ni",Neutral,1,Neutral,1,Neutral,0.15034954,0.7606338,0.08901663
545,"Tuch park bo wo.. perintahkeun anak buahnya buat bangun dapur dsana yg jelas2 membutuhkan, tp jangan dikorup.. *kebiasaan org2 dimarih emang nirempati😢",Neutral,1,Neutral,0,Negative,0.98346865,0.0030758302,0.013455511
2209,pada rakus bgt yak orang2 pmrintah,Neutral,1,Neutral,1,Neutral,0.036772523,0.89871573,0.06451171
4972,"negara gila, supply chain ngalahin halte banyaknya",Neutral,1,Neutral,1,Neutral,0.21561584,0.70524275,0.07914144
2797,emang bapak sehari bisa nelor berapa..??,Neutral,1,Neutral,1,Neutral,0.042204037,0.86053544,0.09726058
329,Innalilahi wainalilahi rojiun,Neutral,1,Neutral,1,Neutral,0.07077609,0.85549957,0.07372431
1539,dewasa Sekai ❤,Neutral,1,Neutral,1,Neutral,0.031752467,0.7590176,0.20922995
1547,Program gk jls,Neutral,1,Neutral,1,Neutral,0.29097474,0.60340035,0.1056249
3858,ini komennya gabisa di posting ulang ya,Neutral,1,Neutral,1,Neutral,0.042899128,0.8931972,0.0639037
1567,Yang nyinyir MBG lihat nih 😂,Neutral,1,Neutral,0,Negative,0.78754735,0.16194716,0.05050542
1534,"Dari sudut pandang masyarakat, kebijakan yang sangat bermanfaat, semoga alokasi anggarannya terus dijaga untuk kebaikan anak bangsa.",Positive,2,Positive,2,Positive,0.0051193475,0.0008953992,0.99398524
5060,"Dari sudut pandang masyarakat, apakah anggaran MBG sudah mencakup pengadaan tempat makan ramah lingkungan yang bisa dipakai berulang kali?",Neutral,1,Neutral,1,Neutral,0.030770384,0.90344095,0.06578869
4297,suplayernya orang2 penting diberbagai tingkat😅😅😅,Neutral,1,Neutral,1,Neutral,0.039427023,0.90158904,0.058983926
3468,"jgn kan pager ayam, tempe pun bgt krn ini kwn ku yg cerita😁😊",Neutral,1,Neutral,1,Neutral,0.043386716,0.8680001,0.08861321
555,Salfok pejabatnya buncit😢,Neutral,1,Neutral,1,Neutral,0.07595126,0.85390687,0.07014183
738,Harusnya Papua ini lah lebih di prioritaskan untuk berdirinya dapur dapur MBG.. Bukan dikota kota besar setiap Gang menjamur dapur dapur MBG..,Neutral,1,Neutral,1,Neutral,0.024671765,0.93623954,0.039088715
4081,"mana yg teriak kasihan petani buah dan sayuran klau MBG di berhentikan,kenyataannya berbanding terbalik😂",Negative,0,Negative,1,Neutral,0.14399284,0.79077274,0.06523443
3868,"betoll,,,mana ada yg punya dapur mau rugi beli bahan baku",Neutral,1,Neutral,1,Neutral,0.11782101,0.83656543,0.045613535
5330,"Secara keseluruhan, perlu transparansi anggaran yang jelas dan audit berkala agar program ini bisa dievaluasi dengan baik oleh publik.",Neutral,1,Neutral,1,Neutral,0.029963076,0.9097363,0.060300708
1934,"Itu buzzer kk, skrg negara kita ini d pecah belah sm buzzer, miris buzer mlh d plihara😔",Negative,0,Negative,0,Negative,0.9792108,0.0015159464,0.01927325
283,"Bisa gk sih pemerintah itu prioritaskan di tahun 2027 untuk perbaikan di papua baik segi kesehatan, pendidikan, ekonomi, insfratruktur dll supaya semua provinsi di Indonesia lebih merata lagi😢",Positive,2,Positive,1,Neutral,0.02427793,0.6114575,0.3642645
247,Mending wowok aja ke papua daripada main rodok mulu di luar negeri 😂,Neutral,1,Neutral,1,Neutral,0.052565128,0.88507324,0.062361673
2217,"yg keras suaranya bang, fakta suka ga kedengeran",Positive,2,Positive,2,Positive,0.0047810534,0.010151531,0.9850675
262,Di jawa juga pada protes MBG setiap hari kok bang. Karena ini emg program paling gk bermanfaat dan ladang basah korupsi,Negative,0,Negative,0,Negative,0.97679055,0.0015217449,0.02168763
3572,nahh ini chef nya kreatif,Positive,2,Positive,2,Positive,0.0067994692,0.09471723,0.8984833
3526,"fak, ditempat gue apalah😭",Neutral,1,Neutral,1,Neutral,0.095552884,0.84344774,0.06099944
5372,"@gerindra
@Habiburokhman
@DPR RI",Neutral,1,Neutral,1,Neutral,0.04066295,0.8820531,0.07728395
3323,"berarti dia sendiri yg gx faham,,,",Neutral,1,Neutral,1,Neutral,0.03654696,0.890575,0.07287808
300,ya Allah sedihnya,Negative,0,Negative,0,Negative,0.74660105,0.17525357,0.07814535
2369,Mink mohon dibalesin noh komennya🤣,Neutral,1,Neutral,1,Neutral,0.03431581,0.8944569,0.07122724
893,"PRABOWO !!! LOE LIAT INI KONDISI SEBENARNYA.. BERANGKAT LOE KE PAPUA.. NANGIS LOE DI SANA, ADA WARGA NEGARA LOE YG KESUSAHAN MAKAN. TOLONG PERHATIKAN YG DI PAPUA SANA AJA DULU. MEREKA JUGA WARGA NEGARA !!!",Negative,0,Negative,0,Negative,0.98162293,0.0019189836,0.016458126
13,Yang penting kualitasnya tetap dijaga,Neutral,1,Neutral,1,Neutral,0.04998293,0.8054994,0.14451766
5073,"Harus diakui, semoga proses pengadaan barang dan jasa untuk program MBG ini bisa dipantau secara terbuka oleh publik.",Neutral,1,Neutral,1,Neutral,0.03423691,0.8913372,0.07442582
1622,itu kulit bawang bombay nya ikut dimasak? 🤔 #cumananya,Neutral,1,Neutral,1,Neutral,0.039516874,0.8908821,0.069601044
90,"Ya Allah!!!ko bisa begitu ya,,herannn😁",Neutral,1,Neutral,1,Neutral,0.033175066,0.8996023,0.06722255
5511,betuuuuuul... pak.. susah masukin ke mbg,Neutral,1,Neutral,1,Neutral,0.032604754,0.898918,0.06847734
1263,maju terusss...sampek mbg dicopot..!!!,Positive,2,Positive,2,Positive,0.016009118,0.030087162,0.9539037
4839,maaf gaya bicara tidak seperti petani...sudah tertata 🙏,Neutral,1,Neutral,1,Neutral,0.033467017,0.89570415,0.070828855
1894,bang gua follow nya tar aja ya kalo di follow jarang lewat fyp😭,Neutral,1,Neutral,1,Neutral,0.026164245,0.84561193,0.12822376
2289,sebaiknya dihindari bu. nanti ibu kasih harga 10rb minta nota 100rb.saat diaudit ibu bisa keseret,Neutral,1,Neutral,1,Neutral,0.14924295,0.77090704,0.079849966
4616,"Jujur saja, kualitas nasi dan lauk yang dibagikan seringkali sudah dingin dan tidak menggugah selera anak-anak.",Negative,0,Negative,0,Negative,0.98056257,0.0014792848,0.017958174
2310,emang bakal tiap hari sama jenis sayur sama?,Neutral,1,Neutral,1,Neutral,0.04334019,0.87498844,0.08167133
3315,tapii yang nomer 1 memang relasi sihh,Neutral,1,Neutral,1,Neutral,0.037127208,0.89950645,0.06336632
1702,"klo memang hrs lwt koperasi krn keperluan administrasi, bisa ga ya dr koperasinya di evaluasi jg supaya menyerap hasil tamam dr petani sekitar?",Neutral,1,Neutral,1,Neutral,0.041666377,0.8892816,0.06905202
3904,"Dari sudut pandang masyarakat, pihak dinas terkait harus rutin melakukan uji sampel makanan secara acak di berbagai sekolah.",Neutral,1,Neutral,1,Neutral,0.040917426,0.8750436,0.084038995
541,Gak suka. Mandi 😂,Positive,2,Positive,2,Positive,0.050053373,0.06095678,0.88898987
3443,betulll dg harga murah lagi,Neutral,1,Neutral,1,Neutral,0.027706226,0.9018313,0.07046244
228,"betul, semya dimulai dari infrastruktur",Neutral,1,Neutral,1,Neutral,0.031651665,0.888165,0.0801834
1825,mau gizi lebih ya beli bukan gratis hadeh😂,Neutral,1,Neutral,1,Neutral,0.055347078,0.8599976,0.08465534
2091,ya Dapur ngambil dari pasar induk bukan pasar tradisional ..barang di pasar tradisional mana bisa org dagangnya cuma pake meja ukuran 1x 2 m mana bisa nutupin kebutuhan 1 kecamatan .,Neutral,1,Neutral,1,Neutral,0.06318761,0.8579001,0.0789123
4203,masih ada ajah yang dangkal,Neutral,1,Neutral,1,Neutral,0.18343158,0.7474935,0.069074996
3523,hah campur kater😭,Neutral,1,Neutral,1,Neutral,0.07045394,0.8507311,0.07881505
2389,ada kak sambil ngopi ketawa2,Neutral,1,Neutral,2,Positive,0.036180288,0.35546902,0.60835063
3544,"Tentu saja, perlu evaluasi berkala mengenai penerimaan rasa dan porsi makan siang yang diberikan kepada para siswa.",Neutral,1,Neutral,1,Neutral,0.042087957,0.87123847,0.08667363
842,"di bps anak"" tercatat 500 ribu dan itu 1% sppg aja udah hampir 900 ribu porsi, jadi masih manuk akal. kalau aja sebenernya 20k sppg 1% itu 200 sppg. masih dapt 600 porsi sih sehari. apa masih kurang ya :cat-orange-whistling:",Neutral,1,Neutral,1,Neutral,0.03112444,0.9028514,0.0660241
3007,iya itu kyk tangkulak belok apa bedanya,Neutral,1,Neutral,1,Neutral,0.047398563,0.88580143,0.06679997
477,Kalau mbg di papua setuju 100% tepat sasaran,Positive,2,Positive,2,Positive,0.0069057206,0.000801052,0.99229324
1810,"tetap bukan kebijakan yang bagus sih😹 gini, MBG dihentikan? langsung mendadak suplier kehilangan banyak penghasilan secara drastis. dilanjutkan? wah bisa bengkak banget nih defisit, ngeri efek dominonya apalagi pas perang gini. emang paling bener gausah ada aja dari dulu",Positive,2,Positive,2,Positive,0.20436724,0.007741624,0.7878911
4926,"Menurut saya, harus ada tim ahli gizi yang rutin mengecek kualitas dan kandungan kalori makanan di setiap unit dapur.",Neutral,1,Neutral,1,Neutral,0.034415077,0.9052797,0.06030519
3958,ga usah bang mending ke pasar aja🙏🙏🙏🙏🙏saya butuh produk abang di pasar soalnya,Neutral,1,Neutral,1,Neutral,0.040017404,0.88235444,0.07762822
674,"Dari sudut pandang masyarakat, kesiapan tenaga pengolah makanan di setiap sentra dapur perlu mendapat sertifikasi kebersihan pangan.",Neutral,1,Neutral,1,Neutral,0.03560981,0.9035225,0.06086762
614,Kata mereka lebih penting koperasi mp..sampe d hutan amazon mereka jabanin..,Neutral,1,Neutral,1,Neutral,0.034141924,0.9021067,0.0637514
3370,"chef langsung komunikasi sama pak dar aja chef,biar bagian masak itu bener2 yang emang ahli tentang masak-memasak...bukan asal2 bisa masak aja....",Neutral,1,Neutral,1,Neutral,0.025163548,0.9015079,0.07332852
3255,Salah yg milih pimpinan.,Neutral,1,Neutral,1,Neutral,0.052859005,0.8461515,0.10098945
829,"Nah, warga sipil sekalian, jadinya pengen MBG STOP apa MBG dilanjut nih 😂😂😂",Neutral,1,Neutral,1,Neutral,0.03698936,0.8897598,0.07325088
3385,kenapa mbg ditempatku gak ada menu yang kreatif begini 😭😭😭 mana itu² mulu menunya 😭,Positive,2,Positive,2,Positive,0.005815763,0.0010733046,0.9931109
2244,walaupun jadi petani seumur hidup kan gapapa wei..apa salah nya bjir ..sinis amat sama pekerjaan pertanian,Neutral,1,Neutral,1,Neutral,0.33922723,0.58563805,0.07513466
253,"lima menit awal ngga tega bgt nontonnya sama kondisi petra, semoga selalu diberikan keberkahan.",Negative,0,Negative,0,Negative,0.68993026,0.20200454,0.10806519
4514,"tolong ya para buzzer, saya mengetahui bahwa mencari uang itu susah. Tapi mau sampai kapan dengan pekerjaan itu, ibaratnya kamu hanya dapat 2%nya dan yg menyuruh kamu bisa berkali-kali lipat dari apa yg kamu dapatkan. Kamu hanya stuck disitu tanpa bisa menjadi orang yg menyuruh kamu 🙏",Negative,0,Negative,0,Negative,0.9800836,0.0013055049,0.018610867
2311,"kalau kegunaan koperasi merah putih aku gak tau om, tapi kalau petani itu emang harus ke pengepul, dipikir lurus jg gabisa kalau ke mbg langsung malah lebih banyak ruginya krna basi semua",Negative,0,Negative,0,Negative,0.98685026,0.0030059281,0.010143794
320,Daerah otonomi khusus dengan kucuran Dana Trillinan tp korupsi pejabatnya bener2 bikin tak bs berkata kata,Negative,0,Negative,0,Negative,0.98094124,0.0017050257,0.017353779
1482,"Sebelum kementerian ham dirombak jangan menegakkan hukum di Indonesia, biasanya yg salah dilindungi yang benar disalahkan itulah Indonesia yg sudah berlaku selama ini.",Negative,0,Negative,1,Neutral,0.08727865,0.8319826,0.08073866
4798,"Menurut saya, semoga ada mekanisme pemilahan sampah organik dan kemasan sisa makanan yang terkelola dengan baik di sekolah.",Neutral,1,Neutral,1,Neutral,0.036702804,0.89402837,0.069268875
2164,"bkn ga tw
tp",Neutral,1,Neutral,1,Neutral,0.048441272,0.81813365,0.1334251
4855,"Dari sudut pandang masyarakat, perlu dipertimbangkan variasi buah-buahan lokal yang mudah diperoleh dan kaya akan vitamin.",Neutral,1,Neutral,1,Neutral,0.05030133,0.8708511,0.07884767
3227,"Menurut saya, semoga proses pengadaan barang dan jasa untuk program MBG ini bisa dipantau secara terbuka oleh publik.",Neutral,1,Neutral,1,Neutral,0.026420344,0.8982487,0.07533089
336,Bu Sherly Tjoanda tolong next ke Papua juga 😭,Neutral,1,Neutral,1,Neutral,0.04379066,0.87274224,0.083467156
2441,aku di Garut jabar ka gk separah itu,Neutral,1,Neutral,1,Neutral,0.03807035,0.8720438,0.08988581
3342,kalo mbg di kampung ku 🍗🥚 setiap hari,Neutral,1,Neutral,1,Neutral,0.032236084,0.8955521,0.072211795
1014,Pengadaan bahan pangan MBG dikhawatirkan memicu kenaikan harga komoditas pangan pokok di pasar tradisional.,Negative,0,Negative,0,Negative,0.9832614,0.0037797478,0.01295884
895,Ini pemdanya kaga melek apasih,Neutral,1,Neutral,1,Neutral,0.04228438,0.8889977,0.06871792
2721,Jgn gt mas kta petani sebelah makmur semenjak mbg bnyak untungnya,Negative,0,Negative,1,Neutral,0.06353414,0.8598268,0.07663902
2202,lingkaran maling semua naudzubillah....jadi penyakit tu uang haramnya,Negative,0,Negative,0,Negative,0.982767,0.0018552975,0.015377723
1929,"enak nya , di sekolah gw sehari ayam , sehari telor gitu terus njir 🗿",Positive,2,Positive,2,Positive,0.008232841,0.0017247513,0.99004245
5487,Perlu transparansi anggaran yang jelas dan audit berkala agar program ini bisa dievaluasi dengan baik oleh publik.,Neutral,1,Neutral,1,Neutral,0.02990825,0.9169532,0.053138584
4243,loh kan ini Indonesia... kok gitu ya,Neutral,1,Neutral,1,Neutral,0.05239634,0.8551681,0.09243556
1704,"sama pak saya peternak ayam petelur dan petani sayuran seperti bapa, merasa di rugikan dgn adanya MBG 😢",Neutral,1,Neutral,0,Negative,0.9636655,0.009132964,0.027201464
1531,semoga pelaksana MBG selalu amanah.,Positive,2,Positive,2,Positive,0.0042656367,0.0035136957,0.9922207
2482,insyaallah yaa wkwk. kata gw mah enak banget. gatau kata mereka yg makan 😂,Positive,2,Positive,2,Positive,0.0036881354,0.0021151113,0.9941968
4610,kebanyakan mkn MBG lu,Neutral,1,Neutral,1,Neutral,0.06318749,0.83931977,0.097492844
628,"❤Kan bagus, MBG dikasih ke kebutuhan, Sekalian berantas OPM karena gampang yang gak nerima MBG walau Butuh, pasti OPM kan❤",Positive,2,Positive,2,Positive,0.007481502,0.00092712016,0.99159133
1959,"Melihat fakta di lapangan, semoga ada mekanisme pemilahan sampah organik dan kemasan sisa makanan yang terkelola dengan baik di sekolah.",Neutral,1,Neutral,1,Neutral,0.034061514,0.8980688,0.06786977
548,Mau nya Indonesia dari sabang ke maruke 🤣,Neutral,1,Neutral,1,Neutral,0.044774793,0.9104801,0.04474509
898,Gue tu setuju MBG ada tp di wilayah 3T. Masa sekolah SD swasta ponakan saya uang daftar ulang tiap tahun 10jt (blm spp tiap bulan) dapet MBG 😂 buat apaaaaaaaaa???? Saya rasa di sekolah ponakan saya orang tuanya dah cukup mampu,Positive,2,Positive,2,Positive,0.0056303637,0.0008739515,0.9934957
905,lah emangnya visi mulia program itu benar2 sejalan dengan kenyataannya? pertanyaannya itu dan jawabannya pun kita smua sudah tau,Neutral,1,Neutral,1,Neutral,0.027189765,0.8953093,0.077500865
2518,siapa yg lebih layak w tanya,Neutral,1,Neutral,1,Neutral,0.07944403,0.84528226,0.07527375
1506,"Harusnya biar ke tanah suci dulu,biar di sana berubah jadi lontong😂",Neutral,1,Neutral,1,Neutral,0.028309735,0.917879,0.053811245
3077,olahan ikan tp sebutannya chiken finger😂 harusnya fish finger😅,Neutral,1,Neutral,1,Neutral,0.03275569,0.8952073,0.072037
4511,"Harus diakui, pengelolaan sampah sisa makanan harus dipikirkan agar tidak menimbulkan masalah lingkungan di sekolah.",Neutral,1,Neutral,1,Neutral,0.030776203,0.91439253,0.05483125
5288,Mbg bisnin para penjabat yg di tutup dengan istilah makan bergizi geratis,Positive,2,Positive,2,Positive,0.0070972056,0.004888999,0.98801386
3198,"Jujur saja, pemerintah perlu menjelaskan secara komprehensif indikator keberhasilan dari pelaksanaan program MBG ini.",Neutral,1,Neutral,1,Neutral,0.033495445,0.89235026,0.07415431
5197,Tolong @Prabowo Subianto tolong di perhatiin. Majukan petani yg di bawah buat maju,Neutral,1,Neutral,1,Neutral,0.027974162,0.8697118,0.10231406
4958,Inilah kenyataan yg presiden indo banggakan a” mbg,Positive,2,Positive,2,Positive,0.034644198,0.28519684,0.680159
3913,Gua bantu lind bang biar lu gatenang🤣🤣,Neutral,1,Neutral,0,Negative,0.81443834,0.12327418,0.06228745
2811,ini baru tepat sasaran,Neutral,1,Neutral,1,Neutral,0.024071518,0.91196483,0.06396367
3070,"mksdnya klo yg gini2 nentang fakta keadaan sbnrnya ga boleh diterima, tapi klo pake media resmi pro pemerintah boleh langsung diterima😂",Neutral,1,Neutral,1,Neutral,0.034873635,0.88207245,0.08305393
3403,ini yang dimaksud menyejahterakan masyarakat?,Neutral,1,Neutral,1,Neutral,0.03081579,0.9191209,0.05006321
1257,sekali layar berkembang surut kita berpantang..selamatkan indonesia dari para koruptor rezim Jokowi dn Prabowo,Negative,0,Negative,0,Negative,0.9817654,0.0023320974,0.015902596
1907,sppg gw distribusi jalur laut. kalo pake cetakan nasi kek gini aman ngaknya nasinya sampe skolah🫠,Neutral,1,Neutral,1,Neutral,0.040215507,0.8642796,0.09550486
485,"Secara keseluruhan, pengelolaan sampah kotak makan MBG mencemari lingkungan sekolah karena tidak ada tempat pembuangan khusus.",Negative,0,Negative,0,Negative,0.97852975,0.0015115095,0.019958675
3584,Astagfirullah. Bisa bisanya korupsi terang terangan dan mark up nya gak kira kira.,Negative,0,Negative,0,Negative,0.97512746,0.0018952608,0.022977265
4906,"bisa asalkan kamu mau diajak sama sama kongkalikong buat nota ganda yg intinya dri hasil panenmu satu ton,harus buatkan nota 10 ton.din harga panenanmu 1000, mka harus dibuatkan nota 25000 ,",Neutral,1,Neutral,1,Neutral,0.10108802,0.78834724,0.110564746
968,"Papua ""kaya raya"" punya free port & bakal jadi lumbung pangan nasional, ngapain harapkan MBG ?",Neutral,1,Neutral,1,Neutral,0.030283613,0.8831357,0.08658073
3976,"Tentu saja, penting untuk memastikan sanitasi peralatan makan dan tempat penyajian selalu dalam kondisi bersih dan steril.",Neutral,1,Neutral,1,Neutral,0.029490348,0.8968072,0.073702365
1473,Yaaaah !! Sbgai masyarakat yg miskin slalu pasrah pada kputusan Allah !! Dlm mnghadapi manusia2 akhir jaman,Neutral,1,Neutral,1,Neutral,0.032483358,0.8960436,0.07147297
4921,Kesiapan tenaga pengolah makanan di setiap sentra dapur perlu mendapat sertifikasi kebersihan pangan.,Neutral,1,Neutral,1,Neutral,0.03803425,0.88286686,0.07909894
5179,"Tentu saja, perlu ada petugas khusus yang bertanggung jawab memeriksa kelayakan makanan sebelum dibagikan ke siswa.",Neutral,1,Neutral,1,Neutral,0.038798586,0.88792634,0.07327511
47,"Tentu saja, semoga program ini berjalan konsisten dan membawa berkah bagi kemajuan pendidikan di Indonesia.",Positive,2,Positive,2,Positive,0.004554834,0.0020066942,0.9934384
2347,"Secara keseluruhan, perlu audit forensik terhadap anggaran pengadaan makanan MBG agar tidak ada manipulasi data penerima.",Negative,0,Negative,0,Negative,0.9793261,0.0016800598,0.018993782
2961,betul yang salah itu rakyat yang milihnya,Neutral,1,Neutral,1,Neutral,0.034136415,0.8970012,0.06886239
4710,@gerindra @Teddy Indra Wijaya HQ,Neutral,1,Neutral,1,Neutral,0.038582228,0.8830162,0.078401536
4129,"Menanggapi hal tersebut, banyak vendor katering nakal yang mengurangi takaran porsi demi meraup keuntungan berlebih.",Negative,0,Negative,0,Negative,0.9787202,0.001417085,0.01986273
5543,@lambe turah official @LambeTani @Jalan Amran tolong cek dilapangan,Neutral,1,Neutral,1,Neutral,0.031607468,0.8875132,0.08087931
1094,Program tidak tepat sasaran hanya melahirkan koruptor ganas,Negative,0,Negative,0,Negative,0.9754954,0.0014294239,0.023075175
1830,"woi andri,sini lu debat ama gw",Neutral,1,Neutral,1,Neutral,0.037831314,0.88154095,0.080627695
965,"jangan hutan doang yg di babat, fasilitas dan kebijakan yg dijanjikan ga merata.",Negative,0,Negative,0,Negative,0.9817146,0.0045110253,0.013774324
5072,"Secara keseluruhan, pemerintah perlu menjelaskan secara komprehensif indikator keberhasilan dari pelaksanaan program MBG ini.",Neutral,1,Neutral,1,Neutral,0.02694782,0.91419363,0.058858544
1069,Itu disengaja supaya warga Papua untuk dibodohi sama Pemerintahan pusat Jawa dan pengusaha China,Negative,0,Negative,0,Negative,0.94777054,0.029485026,0.022744343
28,"Jabar stop dlu apalagi ciamis,sudah terlalu bnyk yg operasional, yg msh pembangunan dan perencanaan hapus saja",Neutral,1,Neutral,1,Neutral,0.14865856,0.77517945,0.07616203
4333,petani mah taunya panen terjual abis gimana caranya...jgn terlalu tinggi berfikir mereka sederhana....panen terjual dgn hg yg sesuai,Neutral,1,Neutral,1,Neutral,0.045423284,0.9131421,0.04143463
1326,Yg demo pro mbg lebih besar😅 ini demo siapa lg yg bayar,Neutral,1,Neutral,2,Positive,0.013095482,0.047974285,0.9389302
3133,mending gak usah bang berbisnis dgn pemerintah banyak minusnya,Neutral,1,Neutral,1,Neutral,0.07401913,0.853863,0.0721179
576,Bagaimana mitigasi risiko jika terjadi keterlambatan distribusi akibat cuaca buruk atau banjir?,Neutral,1,Neutral,0,Negative,0.62939394,0.3087633,0.061842702
5185,up terusss ini fakta,Neutral,1,Neutral,1,Neutral,0.038687855,0.7055635,0.25574866
391,Mbg Indonesia adalah mbg terkorup di alam semesta,Neutral,1,Neutral,0,Negative,0.79292035,0.17821851,0.02886114
2742,tai tai tau egk tai,Negative,0,Negative,0,Negative,0.9812602,0.002172985,0.016566876
1642,"Terkait kebijakan ini, perlu ada survei berkala kepada para guru dan siswa untuk mengetahui respon dan efektivitas menu MBG.",Neutral,1,Neutral,1,Neutral,0.037087467,0.88171774,0.08119482
4325,mksh bang infonya...👍,Neutral,1,Neutral,2,Positive,0.01946132,0.07762845,0.9029102
3310,di era habibi juga banyak yg demo.,Neutral,1,Neutral,1,Neutral,0.2636221,0.6575847,0.0787931
3821,"Setuju pak, harus turun langsung melihatnya",Positive,2,Positive,2,Positive,0.00936958,0.001202173,0.9894282
5290,Ga masuk harganya pak. di maunya murah biarpun kualitas jelek atau busuk. karena MBG buat syarat aja. agar korupsinya lancar,Negative,0,Negative,0,Negative,0.984694,0.0021459758,0.013159959
1661,yang jelas emang gak bisa langsung ke dapur harus lewat tengkulak dulu. alias rekanan MBG itu faktanya. harganya pun murah sekalii. masa ada yang nawar lele 18 rbu per kg tapi dengar dengar nota di atas bisa 28/30 kg ngikutin harga pasar lokal,Neutral,1,Neutral,1,Neutral,0.0395206,0.8968465,0.06363286
2617,lebih rendah lagi klo di pimpin kamu,Neutral,1,Neutral,1,Neutral,0.040698547,0.8824632,0.07683831
3341,"bang ganti lagi bang, gimana ini",Neutral,1,Neutral,1,Neutral,0.032538597,0.8883533,0.07910809
719,"Kalau MBG difokuskan ke wilayah seperti ini, saya menjadi salah satu yang mendukung program ini. Faktanya MBG menjadi ladang gerombolan perampok uang negara berkumpul di Pulau Jawa, dan malah menyisir wilayah yang bisa dikatakan tidak membutuhkan MBG",Positive,2,Positive,0,Negative,0.8560215,0.0031688537,0.14080964
4276,Aku juga kaget ternyata suplyer lewat koperasi mbg😔,Neutral,1,Neutral,1,Neutral,0.05303329,0.8374857,0.109480985
2763,mbg buah nya jelek ²,Neutral,1,Neutral,1,Neutral,0.05424199,0.86168486,0.08407323
2326,Tuntut mas viralin lah,Neutral,1,Neutral,1,Neutral,0.026834486,0.92143327,0.051732153
4356,betul.. kebanyakan langsung dari suplayer besar..🤔🤔,Neutral,1,Neutral,1,Neutral,0.0428418,0.89299095,0.06416723
1381,Koalisi masyarakat sipil adalah klaim sesat gwa saja gak pernah mewakilkan pada mereka. Apalagi tuntutannya gak jelas.,Neutral,1,Neutral,0,Negative,0.97563076,0.007315364,0.017053755
3018,"Menurut saya, perlu diperhatikan ketahanan makanan selama proses pengiriman agar tidak cepat basi saat cuaca panas.",Neutral,1,Neutral,1,Neutral,0.056276187,0.90135884,0.042364936
58,"monitoring kondisi dapur otomatis 24 jam, cek bio",Neutral,1,Neutral,1,Neutral,0.041874405,0.84917915,0.10894636
3614,"bener, biasanya sppg pilih2 suplier",Neutral,1,Neutral,1,Neutral,0.046300203,0.86880547,0.08489431
3818,@gerindra @Purbaya Yudhi Sadewa @Yusril Ihza Mahendra @MENTERI UMKM,Neutral,1,Neutral,1,Neutral,0.035792228,0.8900919,0.07411592
1054,"Mayoritas pemilih di Papua milih Prabowo juga kan, makannya kalau memilih pemimpin itu harus banyak pertimbangan. Apa yang dilihat dari kampanye joget joget gemoy?",Neutral,1,Neutral,1,Neutral,0.027143152,0.891033,0.081823744
5396,@gerindra @Gibran Rakabuming @prabo,Neutral,1,Neutral,1,Neutral,0.0432682,0.8980333,0.058698516
1880,pasti yang punya bukan anak pejabat ya kak 😌,Neutral,1,Neutral,1,Neutral,0.02981906,0.90097636,0.06920455
2995,Apa si sok iye lu korelasi korelasi,Neutral,1,Neutral,1,Neutral,0.09538067,0.8402744,0.06434496
3447,mbg ku mnaa bisa,Neutral,1,Neutral,1,Neutral,0.041771565,0.8563076,0.1019208
1355,Memang benar bahwa pemerintah perlu menjelaskan secara komprehensif indikator keberhasilan dari pelaksanaan program MBG ini.,Neutral,1,Neutral,1,Neutral,0.044296153,0.90564144,0.05006245
462,Kurang sejelas apa lagi kondisi mereka,Neutral,1,Neutral,1,Neutral,0.061492197,0.85898423,0.07952355
790,Apa pemerintah peduli ya😢,Neutral,1,Neutral,1,Neutral,0.04667973,0.84177125,0.11154906
3907,maaf bang cuma bisa nyumbang like 1😂😂,Neutral,1,Neutral,1,Neutral,0.029349191,0.9114458,0.05920498
1918,MBG anakku.. endog mulu..,Neutral,1,Neutral,1,Neutral,0.04088758,0.89347774,0.065634646
3348,"nah ini bener mbg buat anak ga pedes , nah kmren mbg anak saya masa ada sambelnya .buat bumil sama balita sama menunya",Neutral,1,Neutral,1,Neutral,0.02095559,0.8437794,0.1352651
4734,"Tentu saja, banyak sekolah di pedalaman mengeluhkan belum tersentuh bantuan makanan yang layak padahal anggarannya besar.",Negative,0,Negative,0,Negative,0.9796681,0.0054138945,0.0149179455
3559,Perlu evaluasi berkala mengenai penerimaan rasa dan porsi makan siang yang diberikan kepada para siswa.,Neutral,1,Neutral,1,Neutral,0.040124483,0.8941594,0.06571615
5409,Apa yg abang ini sampaikan adalah Fakta👍,Neutral,1,Neutral,1,Neutral,0.034886915,0.89425814,0.07085502
4986,Semoga ada mekanisme pemilahan sampah organik dan kemasan sisa makanan yang terkelola dengan baik di sekolah.,Neutral,1,Neutral,1,Neutral,0.026526934,0.9209521,0.052520975
3923,tutup MBG itu kebijakan yg terbik,Negative,0,Negative,1,Neutral,0.048115417,0.8636089,0.088275634
1862,"semenjak B3 diambil harian, punyaku GK pernah tak ambil 😂",Neutral,1,Neutral,1,Neutral,0.04983669,0.8594237,0.09073952
4694,"Iya kan ruwet banget lho, ini tujuannya tuh mau memakmurkan rakyat apa mau memperkaya sendiri 😡",Neutral,1,Neutral,1,Neutral,0.11477212,0.835009,0.0502188
1373,MBG sangat bagus untuk masyarakat 👍 lanjutkan,Positive,2,Positive,2,Positive,0.0053019063,0.00070239144,0.9939957
5272,"Dari sudut pandang masyarakat, perlu diperhatikan ketahanan makanan selama proses pengiriman agar tidak cepat basi saat cuaca panas.",Neutral,1,Neutral,1,Neutral,0.03834045,0.8823868,0.07927272
3681,"ITU yg bapak""petani yg muji""presiden gimana ya kok g sama",Neutral,1,Neutral,1,Neutral,0.029370448,0.86082226,0.10980734
2327,lagi di proses ...,Neutral,1,Neutral,1,Neutral,0.04964619,0.86630386,0.084049985
3205,ntar di korup ah males,Negative,0,Negative,0,Negative,0.9804795,0.0032692605,0.016251145
38,Pak saya mau jadi mitra sppg boleh tidak tapi sy tidak punya uang,Neutral,1,Neutral,1,Neutral,0.032928765,0.8988235,0.06824777
4177,"Melihat fakta di lapangan, transparansi harga satuan paket makanan sangat diragukan karena kualitas yang disajikan tampak sangat murah.",Negative,0,Negative,0,Negative,0.9810417,0.0018027493,0.017155567
4353,ini real.bukan kaya omongan mentri pertanian.nyata ny di lapangan kaya gini,Neutral,1,Neutral,1,Neutral,0.043375712,0.88703114,0.06959312
3068,Pengawasan terhadap vendor katering harus diperketat agar spesifikasi menu sesuai dengan perjanjian awal.,Neutral,1,Neutral,1,Neutral,0.034989223,0.8983218,0.066689014
4278,apalagi skrg sudh ada koperasi merah putih 🤣 lucuu 😭,Neutral,1,Neutral,2,Positive,0.02555558,0.3956842,0.5787602
2030,"Jujur saja, apakah ada panduan khusus bagi siswa yang membawa bekal sendiri dari rumah saat MBG dibagikan?",Neutral,1,Neutral,1,Neutral,0.035300102,0.8907351,0.07396485
1627,menu Abang enak enak ...menu disekolah anak saya ga enak 😳,Positive,2,Positive,2,Positive,0.0054005873,0.002240353,0.9923591
149,Lebih ikhlas MBG dikasih kan semua kesini😢,Neutral,1,Neutral,1,Neutral,0.034787077,0.894636,0.0705769
721,"3T: Tersiksa, Terlupakan, Terbuang 😭",Neutral,1,Neutral,1,Neutral,0.3613803,0.5452696,0.093350105
1712,"Iya memang benar adanya apa yg di bilang Bapak ini,,",Neutral,1,Neutral,1,Neutral,0.049636602,0.8570002,0.09336324
3763,nah gini klo ada yg bner sppgnya bisa laporkan sprt ini biar dicek langsung,Neutral,1,Neutral,1,Neutral,0.030696817,0.9047507,0.0645524
153,Makanannya yg ga layak dan pemerintah konoha yg gamau merhatiin mereka yg bner2 butuh MBG malah dunia disalahin dunia diblng ga adil BLOG,Negative,0,Negative,0,Negative,0.95438737,0.03012482,0.015487802
2962,lha memang presiden yg bermasalah ngotot mempertahankan program demi 2029,Neutral,1,Neutral,0,Negative,0.9585875,0.01134855,0.030063959
3992,lihatt lihat siapa yang diuntungkan oleh MBG,Neutral,1,Neutral,1,Neutral,0.04121061,0.88489217,0.073897116
2192,"KORELASINYA APA BANGKE😭
YG MESTI DI AUDITNITU MENU MAKANANYA, KALO BANGUNANYA ITU MITRA YG BANGUN",Negative,0,Negative,1,Neutral,0.039335296,0.88024,0.08042464
5424,"Dari sudut pandang masyarakat, kualitas makanan harus diawasi ketat, jangan sampai terulang kejadian keracunan makanan atau sajian yang basi.",Negative,0,Negative,0,Negative,0.9819256,0.001903005,0.016171508
4113,bubarin aj mbg,Neutral,1,Neutral,1,Neutral,0.028944666,0.926889,0.0441664
2672,"Hadehhh katanya mbg selain untuk gizi juga di maksudkan motong rantai tengkulak, jadi barang dari petani nggak ditekan,,, kalo ujung ujungnya lewat cv dulu,, ya berarti sama aja,,, si cv yg bakal jadi tengkulak, harga juga pasti ditekan karna cv juga pasti ambil untung lagi",Neutral,1,Neutral,1,Neutral,0.04739477,0.869125,0.08348023
367,Keadilan sosial bagi seluruh rakyat indonesia??,Neutral,1,Neutral,1,Neutral,0.054807004,0.873514,0.07167901
243,"Aduh sesak nafasku melihat ini . Ya Allah semoga dilihat oleh Team Presiden Prabowo dan beliau Gercap ambil tindakan agar disini bisa cepat ditanggai pak presiden buat saudara"" ku ini . Tolong pak Presiden sy mohon segera team bpk .❤ Anggreso mereka bagian dari kita jg .",Negative,0,Negative,1,Neutral,0.14498426,0.78556347,0.06945223
2646,bisaa saja abang ni,Neutral,1,Neutral,1,Neutral,0.03468155,0.8733596,0.09195877
3601,"wah ,waaah ,waaaah udah ane screenshot yaaa",Neutral,1,Neutral,1,Neutral,0.034720108,0.88466525,0.08061473
3689,"berarti selama ini rakyat dibohongi donk,, katanya bahan pangan nya diambil dari para petani..",Negative,0,Negative,0,Negative,0.97155243,0.0067174286,0.021730164
1177,"Puluhan Siswa SD di Prambanan Sleman Alami Keracunan, Diduga Penyebabnya karena Sajian MBG....... 24 Siswa hingga Guru Diduga Keracunan MBG di Dramaga Bogor, Alami Mual hingga Dilarikan ke RS......... baru dua berita hari ini 🤣🤣🤣🤣",Negative,0,Negative,0,Negative,0.97965413,0.0017370449,0.018608807
3097,"kalo bisa ga usah selesai 1 periode,",Neutral,1,Neutral,1,Neutral,0.04616839,0.88667136,0.067160286
4548,"Menanggapi hal tersebut, perlu dipertimbangkan variasi buah-buahan lokal yang mudah diperoleh dan kaya akan vitamin.",Neutral,1,Neutral,1,Neutral,0.0393794,0.8847039,0.07591676
2665,ya tapi harga asli sama nota jangan kek lantai satu vs lantai 15 juga🤣🤣🤣🤣,Neutral,1,Neutral,1,Neutral,0.04212636,0.89207876,0.065794855
5236,BMBHMM barang mau bagus h mau murah😂,Positive,2,Positive,2,Positive,0.0057688938,0.00075729244,0.9934738
1949,"petani mana yg di maksud?
petani yg di sekitar lingkup mereka itu mksdnya",Neutral,1,Neutral,1,Neutral,0.040935967,0.8880011,0.071063004
2675,"buktikan dong.. akun saja fake, apalagi omongan",Neutral,1,Neutral,0,Negative,0.9240899,0.036708176,0.039201885
1667,udah bang ga bakal di dengerin,Neutral,1,Neutral,1,Neutral,0.048397247,0.8665627,0.08504005
4502,lah katane petani pada makmur jaman prabowo?,Neutral,1,Neutral,1,Neutral,0.07811766,0.84670424,0.07517814
2255,"terus korporasi sama tengkulak pada intinya sama ya ,cuma beda di birokrasinya saja ya ? ,",Neutral,1,Neutral,1,Neutral,0.07753085,0.86159855,0.06087057
5133,@DPR RI @gerindra @KompasTV @KPK_RI @kangdedimulyadi @Mahfud MD @Purbaya Yudhi Sadewa @Gibran Rakabuming,Neutral,1,Neutral,1,Neutral,0.037313044,0.8968105,0.06587647
3625,nah kann... kemarin petani sebelah beda bg bilangnyaa...,Negative,0,Negative,1,Neutral,0.031012606,0.9017129,0.06727454
2791,"itulah alasan kenapa BGN menunjuk pihak ketiga karena aliran dana pemerintah memang di kucurkan bertahap pak,...maaf kalau salah 🙏🙏",Neutral,1,Neutral,1,Neutral,0.03877554,0.8817296,0.07949482
4927,"abangnya berani buat statement gitu,mohon maaf apakah ada bukti nyata? karena saya liat dibeberapa sumber banyak petani dan nelayan lokal bersyukur bisa menjadi suplier mbg .kenapa bisa bapak ga dipilih ? coba mungkin di produk sayur bapaknya ada yg kurang dan ga memenuhi standar mereka .",Positive,2,Positive,2,Positive,0.012880414,0.0008465799,0.986273
4380,"org org wiken, halan2... chef mumet setoran menu seminggu ke ahli gizi 🙄",Neutral,1,Neutral,1,Neutral,0.0451112,0.8688134,0.086075366
5165,MBG jadi ladang korupsi,Negative,0,Negative,0,Negative,0.9804633,0.0020911312,0.017445607
4941,benar bang.ribet saya dari dulu k bandar aja kadang k pasar induk aja meski harga di bawah tapi cefet di belinya,Neutral,1,Neutral,1,Neutral,0.058602206,0.8587058,0.08269189
1693,"bisaa abang, asal berani aja barang 1 ton tapi nota jadi 10 ton. harga harus turun 20-30% tapi di nota harus naik 50%.",Neutral,1,Neutral,1,Neutral,0.04312057,0.86848736,0.08839213
5460,dengarkan TOLONG...dengar @gerindra,Neutral,1,Neutral,1,Neutral,0.036849994,0.89029604,0.072853886
4250,presiden terparah pak wooo...setuju 👍👍👍,Positive,2,Positive,2,Positive,0.012826451,0.0011442889,0.9860292
954,"karena gak laku, suara buat 2029 terlalu sedikit, ongkos politiknya besar dibanding suara yang didapat",Neutral,1,Neutral,1,Neutral,0.14622657,0.7524049,0.1013685
2614,"Menanggapi hal tersebut, pihak dinas terkait harus rutin melakukan uji sampel makanan secara acak di berbagai sekolah.",Neutral,1,Neutral,1,Neutral,0.046527244,0.87113893,0.08233379
925,"program ngawur, gak tepat sasaran, pendidikan diabaikan dan jadi ajang korupsi besar besaran",Negative,0,Negative,0,Negative,0.97405803,0.0018142166,0.024127739
5407,"@Gibran Rakabuming @gerindra , mas tolong program mu dipantau",Neutral,1,Neutral,1,Neutral,0.042947154,0.87401545,0.08303748
2744,"sekedar saran,koneksinya minimal tentara/polisi.harga murah pasti masuk",Neutral,1,Neutral,1,Neutral,0.037104633,0.8939572,0.06893816
5144,"TUJUAN PAK PRANOWO PASTI BAIK HANYA PELAKSANAANNYA YANG BELUM SESUAI HARAPAN KITA SEMUA.
TETAP BERPRASANGKA BAIK.",Neutral,1,Neutral,2,Positive,0.011060279,0.06355245,0.92538726
994,"BBC Indonesia kenapa gak ada membahasa tentang kekejian OPM ya? sebagai branch dari media asing, coba membahas bagaimana intervensi dan sabotase dari negara asing membuat sekian banyak pertumpahan darah di tanah Papua.",Neutral,1,Neutral,0,Negative,0.92040074,0.055088855,0.024510393
981,Bobrok....!!! Tujuannya sudah melenceng...,Negative,0,Negative,0,Negative,0.97079563,0.002204572,0.02699981
4612,apa ente terlalu sering keracunan mbg ?,Negative,0,Negative,0,Negative,0.9812676,0.0022387602,0.016493687
3035,kapan sppgku begini 😂,Neutral,1,Neutral,1,Neutral,0.03500706,0.88105553,0.08393743
2522,"jujur, 1 periode pun gue gak tahan sebenernya😭",Positive,2,Positive,1,Neutral,0.23242211,0.67648625,0.09109165
448,how come indo??????????,Neutral,1,Neutral,1,Neutral,0.07612593,0.8762885,0.047585536
4361,pret lah ekonomi kerakyatan... PRETT!!!!!,Neutral,1,Neutral,1,Neutral,0.04858245,0.86334866,0.08806886
1113,"Memang pemerintah biadab sekali. Tetap ingin Papua bagian NKRI (OPM diberantas), tapi kesejahteraan warga, infrastruktur, fasilitas sangat tertinggal. Asumsi saya, pemerintah tidak ingin Papua, pemerintah HANYA INGIN EMAS DI PAPUA",Negative,0,Negative,0,Negative,0.98230445,0.0021382424,0.015557327
3864,minimal sekil 1 dulu om jangan langsung ULTI 😭,Neutral,1,Neutral,1,Neutral,0.032018207,0.9148794,0.053102367
2303,setuju kak.. beberapa komoditas mulai turun harga..,Positive,2,Positive,2,Positive,0.009367159,0.0018400543,0.98879284
1111,"g o o o b l o k p e m e r i n t a h i n d o n i a p a g a k m e l e k m a t a n e k a t a n j a n e g r i i n d o k a y a r a y a k o k masih a d a r a k y a t k e l a p a r a n d i p a p o a h a i m e l e k m a t a n e p a r a p e j a b a t s e m o a, 😮😮😮😮😮😮😮😂😂😂😂😂.",Neutral,1,Neutral,1,Neutral,0.045293994,0.87433755,0.0803684
2207,wah ini perlu di laporkan,Neutral,1,Neutral,1,Neutral,0.027883701,0.91321665,0.058899634
5501,"Terkait kebijakan ini, semoga ada mekanisme pemilahan sampah organik dan kemasan sisa makanan yang terkelola dengan baik di sekolah.",Neutral,1,Neutral,1,Neutral,0.038431507,0.8825691,0.078999504
5199,program korup masal masih aja pada didukung,Negative,0,Negative,0,Negative,0.9806173,0.0023436341,0.017039102
1963,beda urusan dungu.,Negative,0,Negative,0,Negative,0.8550775,0.11337733,0.03154521
3786,andai smua sppg menu nya layak nya sperti ini bang nyata sedih klo liat menu nya,Negative,0,Negative,0,Negative,0.9777231,0.008808479,0.013468472
1051,"Bobroknya Pemerintah Konoha, cuman makan uang rakyat doank",Negative,0,Negative,0,Negative,0.97542167,0.0019425538,0.022635752
2687,"kan di bilang ladang korup wkwk tapi buzzer Sono mah mana mau mikir kestu, yg di pikirin makan makan doang ujung2 nya jadi 💩",Negative,0,Negative,0,Negative,0.9780212,0.0016800138,0.020298738
1812,terus tim ses mau dikasih apa? kita udah inflasi jabatan Mentri dan stafsus😂,Neutral,1,Neutral,1,Neutral,0.0377311,0.88439906,0.07786984
1419,Kok berani juga dan tega BGN untuk masyarakat di gunakan proyek dan dikorupsi oleh mereka. Dan pelaku korupsi tenang seperti tidak ada masalah. Hati hati Pak Prabowo di dalam kabinetnya. Terima kasih kejaksaan tinggi sudah menangkap koruptor. Dan mohon di Hukum Mati sebagai efek jerah bagi kejahatan kejahatan lainnya.,Negative,0,Negative,0,Negative,0.97516656,0.001796891,0.02303657
3499,"Saya ditawarin jadi supplier buah, disuruh supply buah ke salah satu dapur MBG, dia mintaa harga masaa dibawah harga pasar!!?? gilee ga tuh, udah gw yg ngeluarin modal, dia yg ngambil untung gila2an.. gw jawab ajaa “langsung ajaa mba ambil di pasar, makasih..”",Positive,2,Positive,2,Positive,0.036588706,0.41663006,0.5467813
2926,"wortel sekilo 12rb malah di up jadi 22rb, kalau belinya seton jadi berapa untungnya hahaha",Neutral,1,Neutral,1,Neutral,0.08999776,0.8406332,0.06936905
3642,kulit bawang bombaynya ikut masuk kak? 😂,Neutral,1,Neutral,1,Neutral,0.03743691,0.8845019,0.078061245
5357,"Melihat fakta di lapangan, bagaimana mekanisme pengawasan distribusi makanan agar selalu tepat waktu sampai ke masing-masing sekolah?",Neutral,1,Neutral,1,Neutral,0.037117444,0.89219034,0.07069224
3793,menu embeg balita 22 juli 2026,Neutral,1,Neutral,1,Neutral,0.031242633,0.8770196,0.091737725
600,"Mau komen pendapat, tapi takut di teriakin londo ireng",Neutral,1,Neutral,1,Neutral,0.054453086,0.87555736,0.06998964
3167,setiap pergantian presiden jga pasti akan ada yng komen kaya gni,Neutral,1,Neutral,1,Neutral,0.04419148,0.8822856,0.07352301
4097,"kentang kq tinggi bener pakek penyangga dr bambu.
emang cara tanem kentang begitu ya🤔",Neutral,1,Neutral,1,Neutral,0.034074422,0.8880042,0.07792136
4139,"Harus diakui, pemerintah perlu menjelaskan secara komprehensif indikator keberhasilan dari pelaksanaan program MBG ini.",Neutral,1,Neutral,1,Neutral,0.026267976,0.91350144,0.06023055
5276,"Padahal Alur negara ini bagus lho ga perlu ribet, sayur dr petani, beras dr petani, susu dari peternak .. naahh kurang apa, yg bikin bingung itu ga bisa korupsi",Negative,0,Negative,0,Negative,0.96371895,0.0016757068,0.03460537
3735,buset sppg gw tiap sayuran always dpet timun 3 potong yg sangat amat tipisssss😂😂😂😂😂😂😂😂😂😂😂😂😂😂,Neutral,1,Neutral,1,Neutral,0.05352566,0.8417576,0.10471663
2772,lapor kemana yaa🙄🙄,Neutral,1,Neutral,1,Neutral,0.04986514,0.85716105,0.09297387
2349,"ibarat lu punya usaha/gudang dalam jumlah banyak,,,ga asal terima pemasok bang,,harus ada prosedur,,sama hal nya dlu gw masukin sayur ke perusahaan buat catering nya,,lumayan ribet buat gw yg ga begitu mengerti soalnya cuman lulusan SD ,tapi gw mau belajar supaya ngerti,,perihal pembayaran dan kemampuan kita memasok barang berapa dan gimana supaya ga dua kali tangan,,atau ada penalti dll,,",Neutral,1,Neutral,1,Neutral,0.047885578,0.8636212,0.08849324
3838,Sistem distribusi harus diperhitungkan dengan matang agar makanan tetap segar saat dikonsumsi oleh siswa.,Neutral,1,Neutral,1,Neutral,0.035393525,0.89700687,0.067599654
1179,"Hentikan MBG dan kopdes demi kebaikan bangsa ini,,MBG dan kopdes program ngaco dan amburadul serta boros",Negative,0,Negative,0,Negative,0.9801139,0.0016574413,0.01822857
4458,"kenyataannya di lapangan wortel aja di beli 700 perak ,yang ada menyengsarakan rakyat",Neutral,1,Neutral,0,Negative,0.66283077,0.2805074,0.056661855
2956,"coba liat jajaran BGN siapa bang, apa sejalur sama latar belakang mereka? masa polisi, tni, wartawan, ahli serangga masuk jajaran BGN, namanya juga kan Badan Gizi National (BGN) masa gaada ahli gizinya samsek? harusnya yg punya program ikut mengawasi dong yg handlenya ahli gizi bukan aparat atau ahli serangga",Neutral,1,Neutral,1,Neutral,0.03976471,0.88423693,0.075998396
2296,"byk saya dengar darivorg sekitar, kerjasama dgn pemerintah bknny untung, malah rugi. pemerintah utangnya lamaaaaa, lunasinnya seperti kita yg utang sama dia",Neutral,1,Neutral,1,Neutral,0.1683599,0.7521964,0.07944373
1429,"Menurut saya, sangat positif untuk pemerataan gizi anak-anak dari berbagai latar belakang ekonomi keluarga.",Positive,2,Positive,2,Positive,0.005303731,0.0007893964,0.9939069
1966,"nohh....lu denger kan kata anaknya, sumber terpercaya",Positive,2,Positive,1,Neutral,0.041218333,0.8696061,0.08917567
3533,@shofiyasf_ enak ini saus nya hahahahaha,Positive,2,Positive,2,Positive,0.0037860142,0.0015610144,0.994653
2003,aku pake cv,Neutral,1,Neutral,1,Neutral,0.03349743,0.86730456,0.09919797
3200,"Tentu saja, dampaknya luar biasa bagi kesehatan anak-anak dan sekaligus menggerakkan perekonomian para petani lokal.",Positive,2,Positive,2,Positive,0.0044910205,0.0009314827,0.9945775
4209,"harusnya suatu pimpinan mentri ya turun klapangan .
langsung ke seluruh indonesia
tugasnya koo",Neutral,1,Neutral,1,Neutral,0.038030174,0.91091156,0.051058244
3232,Duitnya ga seberap dosanya yee berat wkwk,Neutral,1,Neutral,1,Neutral,0.11222044,0.8153625,0.072417006
2888,kalau mau kudeta presiden minimal muka asli itu di pasang,Neutral,1,Neutral,1,Neutral,0.040574342,0.8819242,0.077501476
1184,Udah tayang @BeritaSatuChannel,Neutral,1,Neutral,1,Neutral,0.044731077,0.86179286,0.09347607
5373,Fasilitas sanitasi di sebagian sekolah belum memadai untuk mendukung program makan bersama dalam skala besar.,Negative,0,Negative,1,Neutral,0.35578582,0.4098328,0.23438136
1220,Tadi siang kok sy gak lihat ada demo,Neutral,1,Neutral,1,Neutral,0.051151376,0.89029557,0.058553036
922,"80% MBG berpusat di jawa, tutup SPPG yang ada di jawa fokus didaerah luar jawa",Neutral,1,Neutral,1,Neutral,0.07934361,0.8458064,0.07484996
5249,apa yang kau harapkan dari pemerintah sekarang 🤣🤣🤣🤣🤣🤣🤣,Neutral,1,Neutral,1,Neutral,0.07838051,0.8655889,0.05603066
4068,harus melalui koruptor,Negative,0,Negative,0,Negative,0.97579104,0.001890555,0.02231836
1143,Presiden omon-omon nggak bisa kerja,Negative,0,Negative,0,Negative,0.97773355,0.0018858515,0.020380603
1010,"daripada sampah makanan yg numpuk dari program MBG yg diarahkan kepada kaum yg sebenarnya ga ada kebutuhan MBG, mending lgsg ke target programnya aja kali, pemerintah macam apa coba ini??? definisi konkret bodoh. ga habis mikir.",Negative,0,Negative,0,Negative,0.98049873,0.0013996571,0.01810156
788,"Gak usah kaget, namanya kerajaan jawa ya pasti yang difokus di jawa lah 😂",Neutral,1,Neutral,1,Neutral,0.03496983,0.89136374,0.073666506
3436,Rungokno kui woo 🤣,Neutral,1,Neutral,1,Neutral,0.1024389,0.85311097,0.04445007
2499,"beruntung bgt sih yg dpt chef kumink
pasti pd suka
makanannya menarik semua
gini nih klo pake chef beneran makanannya keren²",Positive,2,Positive,2,Positive,0.0042392276,0.0008138649,0.9949469
4444,ini yang kata nya memakmurkan petani ya kak?,Neutral,1,Neutral,1,Neutral,0.039341807,0.88587487,0.07478333
2840,"afa iyah?? oh iyah YAH
HAHAHAHAHAHAH",Neutral,1,Neutral,1,Neutral,0.023453379,0.91608083,0.06046578
2635,rame bang 🤣🤣🤣🤣,Neutral,1,Neutral,1,Neutral,0.04100111,0.88008356,0.07891542
3258,"Menurut saya, inovasi kebijakan pangan yang sangat dibutuhkan oleh anak-anak di sekolah dasar dan menengah.",Positive,2,Positive,2,Positive,0.0037404837,0.0015847519,0.9946748
2953,buzzer pemerintah pasti orang miskin,Negative,0,Negative,0,Negative,0.9710236,0.0058681807,0.023108168
4557,"baca komen²nya min @gerindra program bagus buat perbaikan gizi malah jadi lahan basah buat pelaku korupsi 😭
semoga segera disidak semua orang² yg memanfaatkan program ini.",Negative,0,Negative,0,Negative,0.975837,0.001946163,0.022216873
2769,km bilang mah bebas buat jual ke spa sja bebas... trs ngapain org ini ngomel2 d video...km blng bnyk petani lngsung d jual lngsung ke warga yg butuhh... itu panen skala kecilll.... klo panen padi misalnya siapa warga yg butuh panen ben ton2... yg beli psti pedagang besar...,Neutral,1,Neutral,1,Neutral,0.0830633,0.87648576,0.040450953
4135,"kalau petani bisa masuk ke koperasi langsung susah bang, nggk kooperatif. jadi harus ada pengepulnya dulu pak, ya yg disebut bos tadi",Neutral,1,Neutral,1,Neutral,0.042038314,0.8891829,0.06877875
4213,"Harus diakui, perlu transparansi anggaran yang jelas dan audit berkala agar program ini bisa dievaluasi dengan baik oleh publik.",Neutral,1,Neutral,1,Neutral,0.03433666,0.895128,0.070535325
1403,"Gak ngaruh!!! Bubarkan MBg . Rakyat butuh lapangan Pekerjaan, buka MBg. Liat tuh ASN...gak ada anggaran buat gaji mereka!!!!",Negative,0,Negative,0,Negative,0.9538719,0.018960629,0.027167445
2184,maaf chef jadi fish finger,Neutral,1,Neutral,1,Neutral,0.035221003,0.89136124,0.073417716
1883,kan emang program ini bukan buat UMKM tapi buat uang punya modal besar yang punya spend uangnya besar. jadi kalo di awal program ini bilang untuk UMKM itu hoax karena sangat tidak logis,Neutral,1,Neutral,0,Negative,0.55268955,0.34558907,0.101721294
4846,"inilah konoha,lagu lama itu 😅😅😅😂😂",Neutral,1,Neutral,1,Neutral,0.09915867,0.8417265,0.059114877
1286,MBG ( makan beracun geratis.) harus segera di hentikan. Alihkan sepenuhnya ke pendidikan dan kesehatan.itu baru sehat pak prabowo,Negative,0,Negative,0,Negative,0.9721581,0.0023453273,0.02549666
3981,@gerindra @Gibran Rakabuming,Neutral,1,Neutral,1,Neutral,0.052287694,0.87994736,0.06776487
5452,"Hidup pak prabowo, lanjutkan MBG nya pak",Positive,2,Positive,2,Positive,0.0043547726,0.0010204867,0.9946247
4992,@gerindra @PRABOWO SUBIANTO,Neutral,1,Neutral,1,Neutral,0.041568052,0.87242335,0.08600857
4044,"Dari sudut pandang masyarakat, perlu diperhatikan ketahanan makanan selama proses pengiriman agar tidak cepat basi saat cuaca panas.",Neutral,1,Neutral,1,Neutral,0.033126224,0.88808525,0.078788616
5146,"Melihat fakta di lapangan, kesiapan tenaga pengolah makanan di setiap sentra dapur perlu mendapat sertifikasi kebersihan pangan.",Neutral,1,Neutral,1,Neutral,0.036614697,0.9044729,0.058912393
2298,"jangan kasih biarkan mereka nanam sendiri emang langsung jadi tuh hasil tani gak perlu proses ,belum obat belum pupuk dan tenaga",Neutral,1,Neutral,1,Neutral,0.076317914,0.8449071,0.078774974
850,Semoga pemimpin yg zalim dan anak keturunnya segera mendapatkan adzab.,Negative,0,Negative,0,Negative,0.97875136,0.0021345858,0.01911407
2125,"Halo kak, kebetulan saya seorang anak pertanian yg telah lama melakukan pendekatan kpd petani dari tugas2 lapang saya. Menurut analisa saya kegagalan sistem terjadi karena kita tidak mengerti. Banyak petani bilang tidak memiliki akses pasar, tapi sebelum itu perlu diperjelas, apakah sudah tau tentang alur pemasaran itu seperti apa?. Untuk bapak yang di video ini saran saya, mulailah membentuk kelompok2 petani yang memberlakukan harga sama (serentak) hal ini bertujuan untuk menghindari dominasi tengkulak2 yg tidak bertanggung jawab. Ketika dalam suatu kelompok serentak memberi harga sama, maka tengkulak tidak akan lagi memberikan harga rendah yg relatif semena2",Negative,0,Negative,0,Negative,0.9762691,0.0014161549,0.022314755
566,"mungkin, di papua sedikit sekali pengusaha rekanan, sedikit pejabat, dan sedikit yayasan milik pejabat, jadi ya ngapain bikin disama . mungkin itu 😅",Neutral,1,Neutral,1,Neutral,0.042623553,0.8847579,0.072618596
2891,ngomong apa sih ???,Neutral,1,Neutral,1,Neutral,0.047548052,0.8847607,0.067691304
4321,Memang benar bahwa perlu dipertimbangkan variasi buah-buahan lokal yang mudah diperoleh dan kaya akan vitamin.,Neutral,1,Neutral,1,Neutral,0.05341629,0.8697693,0.07681444
3364,"pliss, jangan nyengir banggg. takut di gigit😭🤣",Neutral,1,Neutral,1,Neutral,0.047122017,0.8778589,0.075019084
3615,"emank harus semua hasil petani di beli sama MBG 😁, susah ngejelasinx adalah pokokx",Neutral,1,Neutral,1,Neutral,0.035002917,0.90291923,0.06207783
1932,itu bukan petani itu buzzer,Negative,0,Negative,0,Negative,0.98036766,0.0026547182,0.01697769
2505,"gue ga percaya, lebih percaya omongan yg punya dapurnya soalnya untung lebih dr yg lu bilang",Neutral,1,Neutral,1,Neutral,0.0257955,0.85073864,0.12346592
4819,@gerindra @Gibran Rakabuming,Neutral,1,Neutral,1,Neutral,0.04280439,0.87277544,0.084420115
2056,saya setuju dgn pemikiran anda,Positive,2,Positive,2,Positive,0.004772068,0.0010981279,0.9941298
1681,"menunya mantep"" dah, disini ytta",Neutral,1,Neutral,2,Positive,0.012641944,0.17431407,0.81304395
4392,berharap sama pemerintah😂,Neutral,1,Neutral,1,Neutral,0.08512423,0.8535127,0.061363135
2829,gk pegang hp,Neutral,1,Neutral,1,Neutral,0.039996993,0.87086636,0.089136705
1692,ni mbg akaku tahu asem ayam 2 potong kecill wkwkw,Neutral,1,Neutral,1,Neutral,0.029704705,0.90977967,0.060515568
621,MBG nya diadakan di sini pak Presiden. Ini daerah kurang gizi.,Neutral,1,Neutral,1,Neutral,0.042393044,0.8804656,0.07714137
1716,ok ..trimksh. kan jadi tau soal nya baru lihat😂,Neutral,1,Neutral,1,Neutral,0.026132366,0.8360876,0.1377801
1285,10 agustus dari sumatra 30 bus masyarakat siap berangkat jakarta titik kumpul gedung dpr,Neutral,1,Neutral,1,Neutral,0.03297744,0.89819837,0.068824105
4202,sulit klo rakyatnya kaya lu smua yg ada bnran bubar konoha,Neutral,1,Neutral,1,Neutral,0.058817845,0.8975753,0.04360677
4914,@gerindra min uppp,Neutral,1,Neutral,1,Neutral,0.036154114,0.89317876,0.07066722
782,Sedih lihat warga Papua😢 di mana rasa keadilan anda Prabowo Gibran?.? Anda jangan menutup mata lihatlah mereka saudara2 kita di Papua.. mana keadilaaan?. Tanah kaya tp rakyatnya menderita,Negative,0,Negative,0,Negative,0.97848994,0.0015331313,0.019976923
451,Dapur dipapua biar emak2 sana olah aja. Jd dapur atau kantin. Bs skalian bantu dirumahnya ada makanan. Rata2 penduduk sana jg byk makan sayur mayur dan buah2an. Bs skalian larisin. Uda rampok tambang dan sawit.. yg gitu la hai pejabat dan bumn pengusaha dan pemerintah,Neutral,1,Neutral,0,Negative,0.97641546,0.0076594097,0.01592504
2870,bener pisan eta teh da,Neutral,1,Neutral,1,Neutral,0.033792976,0.8681202,0.098086886
2346,gw cmn nanya sumber aslinya???,Neutral,1,Neutral,1,Neutral,0.045191217,0.87785053,0.076958306
4342,kan dah ku kate ni program buat ladang bisnis para circle wowo,Neutral,1,Neutral,1,Neutral,0.19766511,0.72530514,0.0770297
993,Karena MBG adalah proyek korupsi,Negative,0,Negative,0,Negative,0.9799397,0.0020346737,0.018025653
4830,pak Prabowo kasih kesempatan buat mereka2 yg mau merasakan korupsi kecil kecilan ya... makanya gak di usut2.,Negative,0,Negative,0,Negative,0.9796704,0.0022557785,0.01807379
4487,"sebenernya gampang bang, asal siap main juga",Neutral,1,Neutral,1,Neutral,0.052350365,0.73644453,0.21120512
4460,begitulah di Konoha,Neutral,1,Neutral,1,Neutral,0.040768977,0.89053804,0.06869296
4080,"ada calonya ada makelarnya pak, kalau hrga mahal g dipakai, yng murah dan teman dri makelarnya ya bisa,",Neutral,1,Neutral,1,Neutral,0.070885204,0.84900874,0.08010612
2539,ga bakal nyampe ke mentri apalagi ke presiden ga mungkin😂,Neutral,1,Neutral,1,Neutral,0.03266487,0.88436025,0.08297487
3866,Disini yg boleh cuma nasi putih tok,Neutral,1,Neutral,1,Neutral,0.051826905,0.85466343,0.093509644
4641,heran masih ada yang mau kerjasama sama pemerintah😁,Neutral,1,Neutral,1,Neutral,0.031879004,0.9017649,0.06635607
5337,"Harus diakui, perlu dipertimbangkan variasi buah-buahan lokal yang mudah diperoleh dan kaya akan vitamin.",Neutral,1,Neutral,1,Neutral,0.05198853,0.8745319,0.07347949
699,Kocak2.. bintang semua pengurus nya..malah sekolah2 elit dapet😂,Neutral,1,Neutral,1,Neutral,0.02689163,0.8949375,0.0781709
1968,"dengerin sampai habis kak, sudah dijelaskan jg 🙏",Neutral,1,Neutral,1,Neutral,0.0413922,0.895351,0.063256815
5289,Bagaimana skema pembagian tugas antara pihak sekolah dan dinas terkait dalam pengelolaan program makan siang ini?,Neutral,1,Neutral,1,Neutral,0.043145727,0.887532,0.069322206
5435,Memang benar bahwa harap disosialisasikan secara rinci kepada wali murid mengenai rincian menu dan kandungan nutrisi harian.,Neutral,1,Neutral,1,Neutral,0.044696566,0.87215227,0.08315125
2955,"Terus siapa lagi yang bisa merubah, presiden punya semua sumber daya kalau memang serius",Neutral,1,Neutral,1,Neutral,0.05704977,0.5514211,0.3915291
4210,kemaren ada yg bilang petani makmur dgn adanya mbg,Neutral,1,Neutral,1,Neutral,0.040617518,0.8929323,0.06645017
2366,harga 1000 nota nya 10000 ribu kan bang,Neutral,1,Neutral,1,Neutral,0.041863356,0.86234355,0.09579308
2370,g semua bang,Neutral,1,Neutral,1,Neutral,0.03417714,0.88999367,0.07582913
3750,@gerindra benar kah kata bro ini . tolong di jawab wahai admin wakil rakyat ?,Neutral,1,Neutral,1,Neutral,0.034712248,0.89400864,0.07127913
3207,Memang benar bahwa pengadaan bahan pangan MBG dikhawatirkan memicu kenaikan harga komoditas pangan pokok di pasar tradisional.,Negative,0,Negative,0,Negative,0.9698298,0.0089779915,0.021192173
3722,"mbg anakku isinya telor rebus,ayam goreng,telor kukus goreng,ayam kecap..dah muter aja kayak gitu..",Neutral,1,Neutral,1,Neutral,0.029127758,0.9161248,0.054747406
1088,Emang negara kocakkkk daerah 3T dan terdampak bencana malah kagak dapet embegeh program tololll,Negative,0,Negative,0,Negative,0.9803397,0.002119193,0.017541047
4475,semangat yaaaa pak! 💐🥺💖,Positive,2,Positive,2,Positive,0.005153499,0.0021458506,0.9927006
3825,@Chep Kumink selalu kesukaan anak2.....boleh yg lain niru tuh biar anak2 suka🥰🥰,Positive,2,Positive,2,Positive,0.004471266,0.0016177992,0.9939109
3891,stop aja mbg,Neutral,1,Neutral,0,Negative,0.9774684,0.0018934654,0.020638177
5465,"nah bner tuh, pasti harus lobi2,",Neutral,1,Neutral,1,Neutral,0.039396167,0.8662319,0.09437191
2819,terpantau tidak ada bajer wowo,Negative,0,Negative,0,Negative,0.9556008,0.011911377,0.03248781
2971,"Harus diakui, kesiapan tenaga pengolah makanan di setiap sentra dapur perlu mendapat sertifikasi kebersihan pangan.",Neutral,1,Neutral,1,Neutral,0.051602278,0.8946669,0.053730804
3264,"mbg itu kalau ga di monopli sebagian orang pasti dampaknya bagus baget ke petani kecil dan umkm,",Positive,2,Positive,2,Positive,0.007381615,0.001077083,0.9915413
1261,Jurnalis saat ini udah jauh dari sosok pejuang kebenaran dan keadilan karena takut menyuarakan suara rakyat,Neutral,1,Neutral,0,Negative,0.6764559,0.2520193,0.07152475
4601,Yang penting dikasih uang jajan banyak pasti masuk pak 😭,Neutral,1,Neutral,1,Neutral,0.028783575,0.82562697,0.14558946
3460,kakk hati hatii,Neutral,1,Neutral,1,Neutral,0.03717186,0.82749295,0.13533516
4200,@Anies Rasyid Baswedan gmn ini Mas anies,Neutral,1,Neutral,1,Neutral,0.034184728,0.8946987,0.071116544
2760,mbg kualitasnya bagus ya ?? sampai keluar ulatnya terus banyak yang keracunan 😬😬😬 ini petani ngomong apa adanya,Negative,0,Negative,0,Negative,0.97743285,0.0017623698,0.02080488
1357,Jangan mudah terprovokasi soal mbg Kita sbg rakyat sedang di adu domba dgn presiden kita sendiri Bubarkan DPR tk ada guna..,Neutral,1,Neutral,0,Negative,0.9852335,0.0033132846,0.011453294
1509,pantas az tiap hari sembelih sapi,Neutral,1,Neutral,1,Neutral,0.032592397,0.91085804,0.05654953
69,Cuih low iq semua,Neutral,1,Neutral,1,Neutral,0.065552145,0.8942974,0.040150497
1946,Yg demo sebenar nya bukan petani. Tapi orang2 mbg dan bazerr,Negative,0,Negative,0,Negative,0.9797361,0.0025291156,0.017734788
1228,Tau gak sih klo dia sudah buta dan tuli,Neutral,1,Neutral,1,Neutral,0.04743703,0.8839082,0.06865476
2306,"dari awal jg hrsnya pakai pengepul om, mana bisa jadi supplier yg tb tb datang ngasih sayur mayur di pikir jg kocak mana bisa instant kyk tiap hari ada aja",Neutral,1,Neutral,1,Neutral,0.05091948,0.8625134,0.086567074
5325,yang kaya tambah kaya,Neutral,1,Neutral,1,Neutral,0.08746828,0.8451155,0.06741621
5563,"MBG ngabisin duit negara gilaaa, hentikan ajalah",Negative,0,Negative,0,Negative,0.9808945,0.0060051056,0.013100331
2181,"Fix Mbg Hanya Menguntungkan Bagi yang kaya, dan menjadikan tambah kaya,, Yang setuju dengan VT ini like",Positive,2,Positive,2,Positive,0.02274744,0.0036854716,0.97356707
2088,"entah mbg beli langsung ke petani atau pasar, itu menyebabkan stok menipis. dengan stok yang sedikit dan permintaan yang banyak, harga bisa mahal.",Neutral,1,Neutral,1,Neutral,0.27852052,0.64616036,0.07531903
2078,"bner ka harus lewat tengkulak klo langsung dri petani suplai,,,kacau pasar,,,
pngen saya malah harus belanja kepada byar ngerasain semua yg d pasar",Negative,0,Negative,0,Negative,0.9828435,0.0017903006,0.015366146
4150,"Tentu saja, apakah anggaran MBG sudah mencakup pengadaan tempat makan ramah lingkungan yang bisa dipakai berulang kali?",Neutral,1,Neutral,1,Neutral,0.031680625,0.8997543,0.06856514
2432,"Harus diakui, pengawasan terhadap vendor katering harus diperketat agar spesifikasi menu sesuai dengan perjanjian awal.",Neutral,1,Neutral,1,Neutral,0.03000701,0.9033037,0.06668925
1226,"Saya heran melihat org yg demo MBG,,tapi makanannya masih dia makan,,keluarganya makan MBG,,tetangganya makan MBG,,org2 susah bnyk yg terbantu dgn MBG,, Munafik banget Rakyat konoha ini,, Semua presiden dihujat,,kapan bisa presiden bekerja dgn baik kalau belum ap2 semua programnya dihambat terus,, Dia suruh prabowo mundur,,supaya gibran naik jadi presiden,, Wahai rakyat indonesia,,,cerdaslah sedikit,,ini semua politik jgn pernah terprovokasi,,biarkan prabowo memimpin sampai selesai,, Ingat diluar sna masih bnyk yg berdampak positif terhadap kebijakan prabowo,, Anak2 desa yg tidak mampu sangat terbantu salah satunya MBG",Positive,2,Positive,2,Positive,0.0069691306,0.00089346746,0.9921374
3029,jadi mau dimasakin chef😅,Neutral,1,Neutral,1,Neutral,0.049343366,0.8767386,0.07391802
5159,pantes sekarang semua serba mahal petani aja GK di hargai apa lagi kita🥺,Neutral,1,Neutral,1,Neutral,0.044903286,0.8779991,0.077097625
1610,mbg anakku kayanya udah keabisan ide ini😭,Neutral,1,Neutral,1,Neutral,0.033434566,0.88163006,0.084935375
5334,@Lita Official🌷 @Sekretariat Kabinet RI @gerindra @Gibran Rakabuming @PrabowoForNation @Agung Surahman @Purbaya Yudhi Sadewa,Neutral,1,Neutral,1,Neutral,0.03469758,0.90894353,0.056358814
5137,"bisa, asal mau ""bermain"" 😂🤣",Neutral,1,Neutral,1,Neutral,0.036288977,0.886234,0.077476986
4795,"Makanya gua rada skeptis waktu ada yang bilang kalau MBG diberhentikan bakalan pengaruh ke petani, peternak, konyol. Jangan naif lah, program pemerintah gak mungkin lewat 1 pintu, pasti ada lewar vendor atau pihak lain.",Neutral,1,Neutral,0,Negative,0.8338262,0.11181818,0.0543557
3686,lhooooo gak bahaya ta.......,Neutral,1,Neutral,1,Neutral,0.050544012,0.8809465,0.068509385
573,BANYAKIN SPPG LAH DI DAERAH STUNTING KYK GINI BARU BENER 🤡,Neutral,1,Neutral,1,Neutral,0.045786727,0.88231677,0.07189659
4023,"Pemda nya yang bermasalah, petani disini alhamdulillah banyak bantuan dr pemerintah",Positive,2,Positive,1,Neutral,0.03142787,0.87764114,0.09093092
2484,Ya menunya terbatas disitu wkwk. Ini menu ikan aja mahal banget anggarannya😂,Neutral,1,Neutral,1,Neutral,0.044638444,0.8782496,0.07711201
611,Karena gak menarik jumlah suara nya kali untuk Partai yang putih-putih itu.,Neutral,1,Neutral,1,Neutral,0.03897606,0.8854512,0.075572744
4295,LET HIM COOK,Neutral,1,Neutral,1,Neutral,0.02414784,0.89437693,0.081475236
2128,belum dimakan sama sekali ya mau lauk atau anggurnya juga,Neutral,1,Neutral,1,Neutral,0.04328544,0.872589,0.08412564
1941,buzzer didengerin wkwkw,Negative,0,Negative,0,Negative,0.98080266,0.001998275,0.017199066
3294,😁 betul itu,Neutral,1,Neutral,1,Neutral,0.03740799,0.87573016,0.08686175
1365,MBG tu sudah seharus nja di bubarkan . di berhentikan GA usah keras kepala Wowo bubarka,Neutral,1,Neutral,0,Negative,0.75498545,0.20163111,0.043383416
2923,Sebetulnya enga juga bang.alhamdulilah saya ngisi mbg juga meski sedkit.semua tergantung usaha kita.meski saya pengusaha kecil.semua tinggal bagaimana kita menawarkannya dan alhamdulilah harganya juga normal nga ada di bawah harga jual...malah ada yg lebih tinggi,Neutral,1,Neutral,2,Positive,0.00663115,0.0076972656,0.9856716
5257,@gerindra bingung mau ngadu ke siapa,Neutral,1,Neutral,1,Neutral,0.043246273,0.8695123,0.08724141
5394,Sangat sangat betul,Neutral,1,Neutral,1,Neutral,0.030469373,0.7547316,0.21479893
4543,@Partai Solidaritas Indonesia @gerindra,Neutral,1,Neutral,1,Neutral,0.035676576,0.6311726,0.3331509
165,"""LGBT adalah ancaman militer"" said a man whose son is literally part of the queer spectrum",Neutral,1,Neutral,1,Neutral,0.05032832,0.88499784,0.06467385
4482,Program buat orang dalam aja,Negative,0,Negative,0,Negative,0.76829296,0.17404814,0.05765888
4634,"yesss, jadi MBG bukan solusi untuk anak sekolah,,,, lebih bermanfaat kalok ortunya yg dikasih uang, ibu nya lebih tahu apa yg anaknya suka makan,,",Positive,2,Positive,2,Positive,0.0051787496,0.00072555733,0.9940957
2086,"betul bang, anak buah minta apbn 5m di kasih 10m juga termasuk mark-up bang 😁, dengan dalih merasa hebat 😅",Negative,0,Negative,0,Negative,0.9758766,0.001657565,0.022465859
3694,"ibu hamil emg dpt mbg yaa , aku udh 5 bulan hamil ga dpt mbg padahal ngiler bgd 😂😂",Neutral,1,Neutral,1,Neutral,0.034787484,0.59466773,0.37054482
816,"Mbg ladang cuan, bukan buat kemanusiaan.",Negative,0,Negative,0,Negative,0.98134136,0.0019914773,0.016667234
4181,Tag prof gema,Neutral,1,Neutral,1,Neutral,0.03718995,0.89505285,0.067757286
3093,berat beban presiden selanjutnya dong ya 😭 tp kalo ga ganti bakal makin bobrok 😭,Negative,0,Negative,0,Negative,0.98504806,0.001631647,0.013320372
1498,Ternyata maling negara,Negative,0,Negative,0,Negative,0.97618526,0.0018412921,0.02197345
4845,thats why pengusaha yg buka dapur mbg auto kaya 😂,Neutral,1,Neutral,1,Neutral,0.052980844,0.8984177,0.048601385
3905,kayak bener ya,Neutral,1,Neutral,1,Neutral,0.045314323,0.8783328,0.076352924
4428,jangan2 yg bilang petani enak itu org2 bayaran😔🙏,Positive,2,Positive,2,Positive,0.011277891,0.0118540935,0.97686803
1529,"Pak Prabowo ini memang keras kepala, banyak yang mengkritik program ini, tapi beliau jalan terus karena ini baik bagi siswa❤",Neutral,1,Neutral,2,Positive,0.004138534,0.0011491779,0.99471235
1614,"itu dapatkah yg katanya modal 10rb ,,smua bahan2nya nga mahal kah",Neutral,1,Neutral,1,Neutral,0.04463372,0.8850848,0.07028145
4736,"please tiap menteri2 atau kepala lembaga tu sering2 cek ke lapangan deh. gausa percaya laporan anggota kalian. laporan tu bisa dibikin2. jgn mau enak terus di ibu kota. terjun ke lapangan, ke desa2. cape banget aslik liat pola pemerintahan skrg :(",Positive,2,Positive,1,Neutral,0.119656816,0.634806,0.24553719
528,Semoga pak Prabowo tau ini,Neutral,1,Neutral,1,Neutral,0.026432786,0.84022164,0.13334553
487,Di daerah tertinggal dan di daerah terluar di indonesia yang utama untuk MBG,Neutral,1,Neutral,1,Neutral,0.027078113,0.9049676,0.06795429
2503,"Tentu saja, pengelolaan sampah kotak makan MBG mencemari lingkungan sekolah karena tidak ada tempat pembuangan khusus.",Negative,0,Negative,0,Negative,0.9780682,0.0014540575,0.02047774
5421,"kalau bersedia menandatangani bon yang 50% lebih besar dari uang yg bapak terima, bisa kali jadi supplier.",Neutral,1,Neutral,1,Neutral,0.036612272,0.8778951,0.0854926
4227,"Tp sekarang saya masarkan lele mudah lho.tentu ke pedagang pasar,trus pihak Mbg yg beli ke pedagang dipasar..Dulu susah,soale pengepulnya kurang laku,jadi kagak beli banyak.Skr pengepul laku keras,jadi kekurangan lele,tentu kami peternak kecil sangat terbantu.Kalau gak ada Mbg lele gak cepet terjual.Ngerti gak sih maksud saya😁",Positive,2,Positive,2,Positive,0.006098618,0.001264012,0.9926374
4404,mana yg ngomong petani lagi makmur???,Neutral,1,Neutral,1,Neutral,0.024822436,0.8954816,0.07969603
3580,lebihnya 10jt😂 kasian pak purbaya🥺,Neutral,1,Neutral,1,Neutral,0.1671173,0.73459315,0.09828954
3131,benar banget ini,Neutral,1,Neutral,1,Neutral,0.031357184,0.8796101,0.08903263
1845,chef disini kangen masakan kamu loh chef.,Neutral,1,Neutral,1,Neutral,0.03896601,0.533439,0.42759502
2066,yang jujur siapa si,Positive,2,Positive,2,Positive,0.0051191766,0.021696728,0.97318405
5124,Yang penting bapaak jagoo marketing paakk sama relasi bapak,Neutral,1,Neutral,2,Positive,0.007129249,0.11286841,0.8800023
302,Di kampung gw ada sppg tapi ga berjalan padahl udah lama di resmikan 😂,Neutral,1,Neutral,1,Neutral,0.025625288,0.9090063,0.06536844
1183,"Untuk Memperbaikinya, Kalian BUBaR dulu, ganti dengan Tunai Ke Ortu.... Ngak akan Loe bisa Perbaiki.... Bagaimana Loe bisa Memperbaiki, Pemilik Dapur Polisi, TNI....... OMDO",Neutral,1,Neutral,0,Negative,0.9844689,0.00406697,0.011464242
5183,nggak juga bang temen ku jualan ayam dia masuk kirim ke 4 dapur,Neutral,1,Neutral,1,Neutral,0.040981233,0.88230443,0.076714374
1485,Kararehed memeng kudu di jejelan babadotan,Neutral,1,Neutral,1,Neutral,0.02924644,0.872081,0.098672554
798,Karena egonya malah daerah yang terpelosok tidak dapat jatah 😮‍💨,Neutral,1,Neutral,1,Neutral,0.095191516,0.8277235,0.077084996
2302,"Harus diakui, perlu transparansi anggaran yang jelas dan audit berkala agar program ini bisa dievaluasi dengan baik oleh publik.",Neutral,1,Neutral,1,Neutral,0.04409106,0.8859836,0.069925345
2336,buat apa ke agen lagi....kan fungsinya untuk mensejahterakan UMKM....kalau dari agen ya dia aja sendiri yang kaya....petani juga bisa supply secukupnya per dapur.,Neutral,1,Neutral,1,Neutral,0.03450213,0.8858247,0.07967321
210,"Yg kayak gini nih, yg bikin rakyat suka darting. Tp koq yo ra digubris pak pak, sedih rasane liat saudara papua yg tertinggal jauh dr daerah laen.",Negative,0,Negative,0,Negative,0.96417004,0.0026343612,0.033195633
1641,susu?aku tidak dapat susu sejak sekitar 6 bulanan🗿,Neutral,1,Neutral,1,Neutral,0.04837984,0.857043,0.09457708
186,"Pak pimpinan BGN yg baru tolong saudara kami disini prioritaskan disini Membrami .mereka inilah yg musti diutamakan MBG masuk secepatnya spya anak"" disini tertolong . Tolong bapa"" di pusat segera 😮❤",Neutral,1,Neutral,1,Neutral,0.026503973,0.9058755,0.06762046
3363,lah tadi aku dapet telor di tepung panir beda beda setiap daerah,Neutral,1,Neutral,1,Neutral,0.049118917,0.86788523,0.082995936
1652,Tetangga saya pernah ditawarin buat jual harga beras yang aslinya di toko Rp16.000 tapi MBG mau belinya Rp12.000. Kaget sekali,Neutral,1,Neutral,1,Neutral,0.051432583,0.8921604,0.056406956
3129,"gk ada namanya program
yang ada hanyalah bisnis",Neutral,1,Neutral,1,Neutral,0.064730115,0.8730396,0.06223027
1499,Di thnnya mstinya mskin kndng singa,Neutral,1,Neutral,1,Neutral,0.05259094,0.8546209,0.09278826
2980,koneksi harus pake duit,Neutral,1,Neutral,1,Neutral,0.08655999,0.8519505,0.061489556
5336,@DPR RI @PRABOWO SUBIANTO @badangizinasional.ri @Gibran Rakabuming @RN Generator @mesin aer @gerindra @CNN @CNN Indonesia @Narasi @Tribunnews @detik.com,Neutral,1,Neutral,1,Neutral,0.041589033,0.8861252,0.07228578
549,dukung MBG di Papua,Positive,2,Positive,2,Positive,0.0050752894,0.0007577102,0.994167
5342,"Harus diakui, perlu kajian lebih lanjut mengenai efisiensi operasional pengantaran makanan ke sekolah pelosok.",Neutral,1,Neutral,1,Neutral,0.029068133,0.90627694,0.064654976
441,Ya tuhan kasihan ya .kalo bisa puskesmas di bangun dan MBG ya harus pedalaman Papua .ayo dong pemerintah . berikan bantuan,Negative,0,Negative,0,Negative,0.5459913,0.37366438,0.080344334
34,BERITA KERACUNAN SETIAP HARI BERITA KERACUNAN SETIAP HARI BERITA KERACUNAN SETIAP HARI BERITA KERACUNAN SETIAP HARI BERITA KERACUNAN SETIAP HARI BERITA KERACUNAN SETIAP HARI BERITA KERACUNAN SETIAP HARI BERITA KERACUNAN SETIAP HARI BERITA KERACUNAN SETIAP HARI BERITA KERACUNAN SETIAP HARI BERITA KERACUNAN SETIAP HARI BERITA KERACUNAN SETIAP HARI BERITA KERACUNAN SETIAP HARI BERITA KERACUNAN SETIAP HARI BERITA KERACUNAN SETIAP HARI BERITA KERACUNAN SETIAP HARI BERITA KERACUNAN SETIAP HARI BERITA KERACUNAN SETIAP HARI BERITA KERACUNAN SETIAP HARI BERITA KERACUNAN SETIAP HARI BERITA KERACUNAN SETIAP HARI BERITA KERACUNAN SETIAP HARI BERITA KERACUNAN SETIAP HARI BERITA KERACUNAN SETIAP HARI BERITA KERACUNAN SETIAP HARI BERITA KERACUNAN SETIAP HARI BERITA KERACUNAN SETIAP HARI BERITA KERACUNAN SETIAP HARI BERITA KERACUNAN SETIAP HARI BERITA KERACUNAN SETIAP HARI BERITA KERACUNAN SETIAP HARI BERITA KERACUNAN SETIAP HARI BERITA KERACUNAN SETIAP HARI BERITA KERACUNAN SETIAP HARI BERITA KERACUNAN SETIAP HARI BERITA KERACUNAN SETIAP HARI BERITA KERACUNAN SETIAP HARI BERITA KERACUNAN SETIAP HARI BERITA KERACUNAN SETIAP HARI BERITA KERACUNAN SETIAP HARI BERITA KERACUNAN SETIAP HARI BERITA KERACUNAN SETIAP HARI BERITA KERACUNAN SETIAP HARI BERITA KERACUNAN SETIAP HARI BERITA KERACUNAN SETIAP HARI BERITA KERACUNAN SETIAP HARI BERITA KERACUNAN SETIAP HARI BERITA KERACUNAN SETIAP HARI BERITA KERACUNAN SETIAP HARI BERITA KERACUNAN SETIAP HARI BERITA KERACUNAN SETIAP HARI BERITA KERACUNAN SETIAP HARI BERITA KERACUNAN SETIAP HARI BERITA KERACUNAN SETIAP HARI BERITA KERACUNAN SETIAP HARI BERITA KERACUNAN SETIAP HARI BERITA KERACUNAN SETIAP HARI BERITA KERACUNAN SETIAP HARI BERITA KERACUNAN SETIAP HARI BERITA KERACUNAN SETIAP HARI BERITA KERACUNAN SETIAP HARI BERITA KERACUNAN SETIAP HARI BERITA KERACUNAN SETIAP HARI BERITA KERACUNAN SETIAP HARI BERITA KERACUNAN SETIAP HARI BERITA KERACUNAN SETIAP HARI BERITA KERACUNAN SETIAP HARI BERITA KERACUNAN SETIAP HARI BERITA KERACUNAN SETIAP HARI BERITA KERACUNAN SETIAP HARI BERITA KERACUNAN SETIAP HARI BERITA KERACUNAN SETIAP HARI BERITA KERACUNAN SETIAP HARI BERITA KERACUNAN SETIAP HARI BERITA KERACUNAN SETIAP HARI B A N G S A T K A L I A N,Negative,0,Negative,0,Negative,0.69165033,0.24979466,0.05855496
4935,Pengelolaan sampah sisa makanan harus dipikirkan agar tidak menimbulkan masalah lingkungan di sekolah.,Neutral,1,Neutral,1,Neutral,0.03274491,0.91525686,0.05199824
5458,paling orang dalem yg masuk,Neutral,1,Neutral,1,Neutral,0.11095033,0.7891884,0.099861234
1928,"niat bgt bang, di aku cuma tempe nuget, roti tawar, telor ceplok sama selada kol wortel 🤣",Neutral,1,Neutral,2,Positive,0.019484848,0.28683716,0.693678
2755,maaf sy ga punya dapurr mbg. ada jg dapur d rumah..,Neutral,1,Neutral,1,Neutral,0.039493024,0.9075447,0.052962225
2680,berani banget 🥺🥺,Neutral,1,Neutral,1,Neutral,0.030030115,0.8534444,0.116525434
2448,"Lapor kmn.? polisi ada dapurnya, TNI ada dapurnya, DPR ada dapurnya, siapa yg mau proses.! solusinya cuma firalkan",Neutral,1,Neutral,1,Neutral,0.034475867,0.8871211,0.07840311
2028,emang P TAI,Negative,0,Negative,0,Negative,0.9840009,0.002192076,0.013807076
1153,Ya iyalah kalo bikin video itu pakai otak bisa gak masak mbg di Papua mana bisa jadi ladang korupsi lah org sekolah aja disana sedikit anak anaknya banyak yg gak sekolah juga ya mana bisa buat dapur mbg kecil lah pendapatannya,Negative,0,Negative,0,Negative,0.97577953,0.0016805866,0.022539781
3409,"Melihat fakta di lapangan, diharapkan ada saluran pengaduan resmi jika pihak sekolah menemukan kendala terkait kualitas makanan MBG.",Neutral,1,Neutral,1,Neutral,0.040814932,0.90626144,0.052923653
200,"Jujur saja, sebaiknya menu makanan disesuaikan dengan kearifan lokal dan hasil bumi di masing-masing daerah.",Neutral,1,Neutral,1,Neutral,0.03828251,0.88817024,0.07354729
3892,saya GK yakin ini petani asli..,Neutral,1,Neutral,1,Neutral,0.030842995,0.9082457,0.060911242
2390,ini memang negara demokrasi tapi yg di dengar bukan suara rakyat tapi suara uang,Neutral,1,Neutral,1,Neutral,0.09531749,0.84424514,0.06043738
882,Presiden wowo merem lihat ini,Neutral,1,Neutral,1,Neutral,0.04538049,0.90075946,0.05386008
987,KAMI mendukung PROGRAM MBG mu WOWO tapi SALAH cara Eksekusinya,Positive,2,Positive,2,Positive,0.008319118,0.0021005839,0.98958033
3831,@nyopp |ahli gizi𐙚 gaweke iki nyops,Neutral,1,Neutral,1,Neutral,0.041053493,0.888493,0.07045349
2071,di shope ada kelompok petani yg jual hasil tani ny. sysering belanja sayur kentang wortel & sayuran lain di shope,Neutral,1,Neutral,1,Neutral,0.029256705,0.895686,0.07505728
1611,"keren chef, menu nya setiap hari ganti"".. klo d sekolah anak aq menu nya cuma telor ceplok, telor rebus, ayam kecap.. 😩",Positive,2,Positive,2,Positive,0.003377145,0.0010497866,0.99557304
369,sebelum koruptor di Hukum Mati Indonesia tidak akan pernah maju,Negative,0,Negative,0,Negative,0.97760415,0.0022437617,0.020152071
5426,"Jujur saja, kesiapan tenaga pengolah makanan di setiap sentra dapur perlu mendapat sertifikasi kebersihan pangan.",Neutral,1,Neutral,1,Neutral,0.037507165,0.90180326,0.060689565
3705,anggarannya sama tpi knpa masakan mbg disini kaya pakan bebek🥱,Neutral,1,Neutral,1,Neutral,0.057828512,0.8853029,0.056868527
1264,"STOP MBG Berlakukan UU perampasan aset koruptor. Kalau hendak memperbaiki sikon negara, kita semua hrs lakukan penataan ulang aturan perundangan sedemikian sehingga betul² dpt menuntun seluruh bangsa menjadi entitas yg MAKIN & makin BERADAB; gugurkan UU & aturan² berbau tailor-made; tegakkan supremasi hukum; arahkan gerak langkah negara sesuai skala prioritas yg senyatanya dibutuhkan rakyat jelata; hilangkan pengaruh oligarki; berantas habis korupsi kolusi nepotisme dinasti; debirokratisasi total & permanen; berlakukan zero tolerance code of conduct di kalangan aparat; permudah investasi asing; permudah ijin usaha; berantas habis pungli; musnahkan premanisme; stop MBG; stop KDMP; stop pajak berganda; hapus keringanan pajak bagi kalangan tajir; stop danantara.",Negative,0,Negative,0,Negative,0.9755651,0.0016491463,0.022785675
2043,"betul kak, saya dengernya beras macem apa 12k buat di ksh anak"", katanya program pemerintah tp kog belinya 12k, kalau di daerah ku beras harga 12k/kg itu beras yg udah panen lama banget, warna nya udah nggak putih. akhirnya tiap kali lihat mbg, jadi seleksi itu nasi warna putih apa burik, itu putih asli ap di oplas, itu berasnya yg harga brp an, lauknya itu yg kwalitas sewajarnya apa yg murah banget, trus itu sayur nya, buahnya, susunya merk apa, kandungan susu murninya brp. Alhamdulillah jd teliti banget & jd ahli gizi dadakan ngalah""in ahli gizi yg kerja di sppg nya 😅.",Positive,2,Positive,1,Neutral,0.0346495,0.8792459,0.08610463
4761,"Terkait kebijakan ini, pengelolaan sampah sisa makanan harus dipikirkan agar tidak menimbulkan masalah lingkungan di sekolah.",Neutral,1,Neutral,1,Neutral,0.0392024,0.87808436,0.082713254
2109,Emang bener begini di lapangan,Neutral,1,Neutral,1,Neutral,0.046517167,0.8975325,0.055950377
2041,"semua bahan MBG itu harganya minta di bawah dari harga pasar, tapi notanya minta di up 🤣🤣
gua pemasok ayam potong sekali digituin
trus gua ga mau lagi 🤣🤣bgsat emang",Neutral,1,Neutral,1,Neutral,0.07509299,0.8612,0.06370699
653,Sppg byk melibatkan TNI polri..giliran Papua pd gak mau..,Neutral,1,Neutral,1,Neutral,0.026702622,0.90813416,0.065163225
3628,"jangan bohong pak, bapak sering liburan keluar negri kan",Negative,0,Negative,1,Neutral,0.22960053,0.5526455,0.21775393
778,jatah 15 ribu per porsi dapat apa di papua? satu Indomie?,Neutral,1,Neutral,1,Neutral,0.03925765,0.86923295,0.091509484
3430,Btul Bang.... itu kenyataan di lapangan,Neutral,1,Neutral,1,Neutral,0.042217843,0.9026741,0.055108074
4993,@gerindra @Prabowo untuk Indonesia @PRABOWO SUBIANTO,Neutral,1,Neutral,1,Neutral,0.034659073,0.84679836,0.11854258
2367,"Terkait kebijakan ini, semoga ada mekanisme pemilahan sampah organik dan kemasan sisa makanan yang terkelola dengan baik di sekolah.",Neutral,1,Neutral,1,Neutral,0.0379155,0.87984765,0.08223696
4890,@Purbaya Yudhi Sadewa,Neutral,1,Neutral,1,Neutral,0.038779147,0.8861411,0.075079665
4494,"dari dulu juga petani mah gitu gitu aja, yang makin sejahtera (kaya) mah tengkulak, tengkulak beli dari petani dengan harga murah tapi tengkulak ngejual ke pasar dengan harga yang cukup tinggi",Neutral,1,Neutral,1,Neutral,0.058640406,0.8972754,0.04408413
655,"Klo Papua, pemerintah tutup mata. Coba klo Palestina, gercep sekali kasih bantuan.",Neutral,1,Neutral,1,Neutral,0.4316289,0.44262347,0.12574759
1017,kan MBG emang proyekk bisnis timses nya pak wowo.. di sana mungkin kurang menguntungkan secara ekonomi dan politik.. Maaf sodaraku.. Mana nih yang 58,Neutral,1,Neutral,1,Neutral,0.10341222,0.855854,0.040733796
1713,minta harga murah tapi di nota minta harga di naikin? 😂,Neutral,1,Neutral,1,Neutral,0.026495392,0.9048703,0.06863431
3857,semoga bisa terdengar sama telinga imut Buna Tedi dan bisa menyampaikan sama sang suaminya...cemiiwiiiw ah,Neutral,1,Neutral,1,Neutral,0.023531048,0.89185905,0.08460994
1574,"MBG itu bukan program tapi proyek, karena tujuan utamanya adalah mencari keuntungan",Negative,0,Negative,0,Negative,0.6442419,0.3028646,0.05289344
1189,"Bilang ma siapa? Sama wowo? Mana dengar dia, Sama DPR sama juga antek2 nya tuh😂",Negative,0,Negative,0,Negative,0.9827685,0.001952055,0.015279541
208,"Astaghfirullah. Sampe merinding baru baca judulnya aja. Harusnya mereka2 ini yg lbh diperhatikan dan lbh butuh. Bukannya anak2 di sekolah perkotaan yg orangtuanya bisa ngasih makan enak. Apalagi sekolah swasta ditawari embege ""yo Podo wegah wong tuo ne"". Makanan bekal mereka lbh bergizi dan lbh mengenyangkan ketimbang embege. Alhasil banyak makanan yg mubazir. Coba dikasih daerah pelosok. Gak akan tuh makanan jd mubazir. Makin miris sumpah kepemimpinan negeri ku sekarang.",Negative,0,Negative,0,Negative,0.9769657,0.0014523508,0.021581937
397,"Hrs diedukasi buat makan IKAN.. Disana ikan banyak, itu protein tinggi bgt",Neutral,1,Neutral,1,Neutral,0.025446352,0.86116046,0.11339318
578,Disana Gak banyak untung buat pejabat yg punya SPPG buat korupsi 😂😂😂,Negative,0,Negative,0,Negative,0.984665,0.002151837,0.013183199
1016,"Aneh, di pulau Jawa banyak makanan MBG kebuang sia2. Ini malah di Papua ga kebagian. Pantas saja mereka minta pisah dr NkRI",Neutral,1,Neutral,0,Negative,0.9735425,0.015638696,0.010818752
4697,"Bener!! Jujur aku bukan iri tpi heran kok yg kerja di MBG bru 1 bln lebih udh beli mobil, motor dll, syok bgt",Positive,2,Positive,1,Neutral,0.27557462,0.5546146,0.16981079
1096,Target MBG adalah rampok duit rakyat untuk carikan makan kawan politik. Bukan mengatasi stunting. Ini memang program bagi-bagi kue.,Neutral,1,Neutral,0,Negative,0.82425684,0.1527152,0.023027904
502,Sebenarnya harus merata Tapi harus berpikir berapa kali klo ada dapur mbg di daerah konflik Yg ada pada mati petugas sppg nya,Neutral,1,Neutral,1,Neutral,0.16514927,0.76228106,0.07256968
1911,"enak chef selera bumil sama balita kan pasti beda, tempat saya sama persis gk di bedain, jadi monoton",Positive,2,Positive,2,Positive,0.0062615406,0.0015025625,0.99223584
3819,"@gerindra
di copy semoga di teruskan ke Pak Prabowo dan menteri Pertanian",Neutral,1,Neutral,1,Neutral,0.029187461,0.8540331,0.11677943
3828,"Hayyahh, lu org bnyk bct looooo, dkng  mbg kya nyembah sesautu",Neutral,1,Neutral,1,Neutral,0.024516718,0.8823456,0.093137674
435,"yang dikejar cuman kuantitas bukan kualitas, tetapi itu juga yang masyarakat Papua pilih kan?",Neutral,1,Neutral,1,Neutral,0.043134242,0.82845557,0.12841024
3610,"Melihat fakta di lapangan, perlu transparansi anggaran yang jelas dan audit berkala agar program ini bisa dievaluasi dengan baik oleh publik.",Neutral,1,Neutral,1,Neutral,0.029998722,0.91032654,0.059674684
2110,percuma om kagak di dengerin.🙏,Negative,0,Negative,0,Negative,0.98086953,0.0024334365,0.016697105
1518,omong kosong memajukan umkm,Negative,0,Negative,0,Negative,0.9768048,0.0044375663,0.0187576
3116,baco adik @primA77K.store,Neutral,1,Neutral,1,Neutral,0.024407204,0.8751696,0.10042321
4750,"Gw supply bawang ke mbg, cuman bisa nyebut, harganya minta nggak wajar, yg penting semurah mungkin even bawangnya busuk juga nggak papa, kualitas paling rendah serendah rendahnya. Nggak tega mending buat orang lain aja tawarannya 🙏",Negative,0,Negative,0,Negative,0.9798139,0.0035644525,0.01662167
4904,kenapa sih sebenarnya Indonesia,Neutral,1,Neutral,1,Neutral,0.05634272,0.8681067,0.07555055
1415,hentikan aja mbg alihkan dana ke hal yg lebih penting,Neutral,1,Neutral,0,Negative,0.97411865,0.010317414,0.015563937
3008,iya kk..biar enak mark up harganya🤣,Negative,0,Negative,0,Negative,0.97196895,0.0023498451,0.025681276
5536,@gerindra @Teddy Indra Wijaya HQ,Neutral,1,Neutral,1,Neutral,0.038031872,0.87653434,0.08543371
2943,"Terkait kebijakan ini, semoga program ini berjalan konsisten dan membawa berkah bagi kemajuan pendidikan di Indonesia.",Positive,2,Positive,2,Positive,0.004074275,0.0037458797,0.9921799
1281,"Apapun yang di tuntut pengunjuk rasa , tanpa pengesahan RUU perampasan aset koruptor dan hukuman mati bagi koruptor percuma tetap tidak akan maju meskipun ganti presiden 100 kali",Negative,0,Negative,0,Negative,0.9794378,0.0014311601,0.019131064
5057,"Secara keseluruhan, perlu dipastikan kapasitas produksi dapur umum mampu memenuhi kuota seluruh sekolah di target wilayah.",Neutral,1,Neutral,1,Neutral,0.039725367,0.88595927,0.074315384
2485,nah ini bener nih chet....balita ibu hamil sekolah dibedakan menu nya ...ditempatku balita makan lele terbang ditepungin😁😁....tempe .oseng buncis ..kmren ada lagi sayur asem sambel ....ikan lele😁 tempe,Neutral,1,Neutral,1,Neutral,0.026801027,0.89782417,0.07537486
1394,Pemerintah perlu menjelaskan secara komprehensif indikator keberhasilan dari pelaksanaan program MBG ini.,Neutral,1,Neutral,1,Neutral,0.0600988,0.88750625,0.052394975
836,"Ogah, nggak ada ciannya, kata pengelola mbg",Neutral,1,Neutral,1,Neutral,0.036684267,0.90518343,0.058132324
4497,"mau diganti siapapun presidennya bakal ttep ada protes/ketidaksukaan dari rakyat nya. gaakan ketemu klo cari orang yg layak di semua kalangan, apalagi klo buat sekedar coba2 mimpin negara yg penduduknya sangat bnyak dg pemikiran & latarbelakang yg beda2.",Neutral,1,Neutral,1,Neutral,0.3206653,0.56139743,0.11793727
1984,sange sm anis ya ?bawa anis terus,Neutral,1,Neutral,1,Neutral,0.030725945,0.8686117,0.10066244
5096,"Harus diakui, bagaimana tindak lanjut pemerintah jika ada sekolah yang belum terjangkau fasilitas pendukung distribusi makanan?",Neutral,1,Neutral,1,Neutral,0.037286304,0.8867544,0.07595927
1801,udah liat kantin² tutup?,Neutral,1,Neutral,1,Neutral,0.054576926,0.8542235,0.091199584
648,"MBG tu utk orang kek gini terlebih yg busunglapar dan badan tinggal tulang.kasih jangan sekali sehari kalau perlu3*makan berat 2 * makan ringan plius susu 3*sehari.ayo kompas tampilkan ini yg busung lapar Papua di halaman koran terdepan,biar langsung dapat bantuan ke sana.makanya Indonesia iklas uang MBG utk bangun jalan ke sana mah ..",Neutral,1,Neutral,1,Neutral,0.088885486,0.80691767,0.104196854
246,Si Gibran suruh ngantor di Papua....ngurusin MBG...daripada di Jakarta-Solo mulu😂😂😂,Neutral,1,Neutral,1,Neutral,0.059170876,0.8706082,0.070220895
2821,"selain mbg ini,apakah dulu ada juga yg mirip kah mas?tentang ""bisnis dgn pemerintah""? pengen tau aja😔",Neutral,1,Neutral,1,Neutral,0.05263286,0.8866347,0.06073241
299,"proud of u BBC, trimakasih sudah mengangkat berita2 yang tidak diberitakan media mainstream!",Positive,2,Positive,2,Positive,0.0067614275,0.0013775438,0.991861
1858,“di kacau cilaka 12“ akhirnya tau lirik asli,Negative,0,Negative,0,Negative,0.7564017,0.1876516,0.055946644
1219,Berita ini yg harus dinaikkan,Neutral,1,Neutral,1,Neutral,0.037688527,0.8823015,0.08000995
3660,"Dari sudut pandang masyarakat, perlu dipastikan kapasitas produksi dapur umum mampu memenuhi kuota seluruh sekolah di target wilayah.",Neutral,1,Neutral,1,Neutral,0.03332434,0.8998109,0.066864714
2806,"mau nanya cep, itu kenapaa, kulit bawang Bombay nya gak di buang",Neutral,1,Neutral,1,Neutral,0.047109935,0.89646494,0.05642511
3307,"bicarain gaji kryawan2 mbg aja mereka gmw (malah p, dibandingin aja sm gaji pekerjaan lain gitu , yah intinya bs dblg hal yg mereka bakal balas buat ngejawab topik ttg mbg pasti ke hal bersyukur² gitu sih",Positive,2,Positive,1,Neutral,0.03550936,0.63745147,0.32703918
5076,"permainan nota , misal harga 10ribu ditulisnya 100ribu..itulah dunia kecil dipemerintahan 🗿👍",Neutral,1,Neutral,1,Neutral,0.03942503,0.8819229,0.07865211
1004,Koplak emang konoha ini. presidennya harus segera di pecat,Neutral,1,Neutral,0,Negative,0.9865528,0.0034515858,0.009995631
1979,"Gak apa-apa bukan Anis, yg penting jangan GIBRAN aja atau anteknya JOKOWI, karena kalo mereka hasilnya pasti sama seperti sekarang. Gitu ya mul..!!",Negative,0,Negative,0,Negative,0.9060749,0.06715439,0.026770743
1238,Asikkk negara bangkrutttt alhamdulillahhhhh,Negative,0,Negative,2,Positive,0.20356001,0.025948444,0.77049154
2630,"Setuju.. dia cuma diam . Dia merasa karna anak senang dengan mbg, semua sudah berjalan dengan lancar. Padahal 10 orang senang 1000 orang menjerit",Positive,2,Positive,2,Positive,0.0067089526,0.0007560056,0.992535
1187,"Justru tribun ini lah yang paling banyak menyebar berita hoax,jangan bodoh2 amat la jadi manusia",Negative,0,Negative,0,Negative,0.9262373,0.031477883,0.04228487
5413,sama AQ masukin hasil semangka aja d tolak pdahal sudah AQ turunin dr harga pasar,Neutral,1,Neutral,1,Neutral,0.037805744,0.89637613,0.06581811
2569,siapapun presidennya sama aja,Neutral,1,Neutral,1,Neutral,0.05600959,0.88458425,0.059406135
2040,"Kan emang, udah banyak pengusaha yg spill kelakuan dapur mbg, terutama pengusaha roti. Mereka beli maunya dikasih murah, alesannya ngeborong, tapi di kwitansi maunya ditulis harga normal.🤣",Neutral,1,Neutral,1,Neutral,0.22699586,0.72049433,0.05250984
125,"Karena program ini bukan untuk mengatasi masalah stunting, melainkan memberi jatah orang ""SINTING""",Neutral,1,Neutral,0,Negative,0.9756588,0.006071438,0.018269755
3834,@SPPG JOGLO 2 bang bikinin kayak gini song biar gak telor telor mulu,Neutral,1,Neutral,1,Neutral,0.048065033,0.8763738,0.07556115
3984,"Harus diakui, hebat, program ini menunjukkan kepedulian besar negara terhadap generasi penerus bangsa.",Positive,2,Positive,2,Positive,0.0046523297,0.0011777938,0.99416995
4879,d uangkan mbg LBH manfaat,Positive,2,Positive,2,Positive,0.010815246,0.013044533,0.9761402
2344,udh dikasih fakta aja masih denial 😂,Neutral,1,Neutral,1,Neutral,0.0825562,0.8197702,0.09767357
3142,"Terkait kebijakan ini, pengelolaan sampah sisa makanan harus dipikirkan agar tidak menimbulkan masalah lingkungan di sekolah.",Neutral,1,Neutral,1,Neutral,0.028644022,0.89506257,0.07629339
864,Karena proyek niatnya bukan murni untuk mengatasi stunting,Neutral,1,Neutral,1,Neutral,0.055007305,0.88570446,0.059288327
2668,"Lhaaa yang koar² juga cm dia doang, yang lain mah kaga ada😂 lagian dia pengen lgsg suplay ke dapur MBG, mana bisa😂😂",Neutral,1,Neutral,1,Neutral,0.03829656,0.88908917,0.07261425
1085,Di pulau Jawa makanan nya malah di buang buang negara paling aneh emng Indonesia,Neutral,1,Neutral,1,Neutral,0.03339134,0.90266573,0.06394289
2363,"naaah ini pelaku MBG asli, bukan settingan...",Neutral,1,Neutral,1,Neutral,0.22456817,0.71168387,0.063747905
3975,"Secara keseluruhan, program ini terkesan dipaksakan dan belum matang dari segi kesiapan infrastruktur dapur serta logistik distribusi.",Negative,0,Negative,0,Negative,0.9827681,0.0024512564,0.014780655
2628,Wowo tai besar,Negative,0,Negative,0,Negative,0.9818527,0.001932214,0.016215045
187,"saya akan sangat setuju dapur MBG diutamakan di daerah terpencil yang butuh. Dan saya akan sangat rela, gaji saya dipotong pajak jika dapat digunakan membantu saudara2 yang membutuhkan.",Positive,2,Positive,2,Positive,0.007279886,0.0010733689,0.9916468
333,"Melihat fakta di lapangan, perlu dipertimbangkan variasi buah-buahan lokal yang mudah diperoleh dan kaya akan vitamin.",Neutral,1,Neutral,1,Neutral,0.043436866,0.8800942,0.076468974
117,"saya pikir bgtu pas awal2, dari yg paling butuh dulu dibangunya.. eh tau nya kampret..",Neutral,1,Neutral,1,Neutral,0.032691155,0.92354983,0.04375893
3381,blm pernah sepengen ini dikasih mbg klo ini mahhhh,Neutral,1,Neutral,1,Neutral,0.05503456,0.8671989,0.077766545
169,Perlu ada survei berkala kepada para guru dan siswa untuk mengetahui respon dan efektivitas menu MBG.,Neutral,1,Neutral,1,Neutral,0.03864114,0.8875075,0.0738514
5195,ada yg percaya bapak ini petani?,Neutral,1,Neutral,1,Neutral,0.041880645,0.87289006,0.085229315
3452,"Dari sudut pandang masyarakat, perlu ada petugas khusus yang bertanggung jawab memeriksa kelayakan makanan sebelum dibagikan ke siswa.",Neutral,1,Neutral,1,Neutral,0.034718096,0.89852184,0.06676011
1383,"Bagus pak, semoga tetap amanah dan selalu dalam lindungan Allah",Positive,2,Positive,2,Positive,0.004363391,0.0010495443,0.99458706
5175,nah loh kan,Neutral,1,Neutral,1,Neutral,0.040822584,0.88679546,0.07238197
2952,Kok bdh sih 😅,Neutral,1,Neutral,1,Neutral,0.09399091,0.82413274,0.081876434
2558,"prosedurnya gini buk, @Ton.:bisaa abang, asal berani aja barang 1 ton tapi nota jadi 10 ton. harga harus turun 20-30% tapi di nota harus naik 50%. klo pernah kerja ke pemerintah, kebanyakan di markup alias korup😁",Negative,0,Negative,0,Negative,0.977071,0.0016505881,0.0212784
2699,"jgn bodoh lah boss,di konoha ini sudah tau banyak pejabat bejatnya knp masih di adakan MBG,lebih bagus kasih uangnya langsung stiap bulan kpd ibunya biar smua kluarganya bisa menikmati uangnya,itu lebih manfaat untuk smuanya,gk lama lagi bakal jadi perang sudara ni konoha.",Positive,2,Positive,0,Negative,0.9780869,0.0024568671,0.019456292
4823,Sistem distribusi di beberapa daerah masih semrawut dan makanan sering datang terlambat saat jam istirahat sudah usai.,Negative,0,Negative,0,Negative,0.9757781,0.0016283834,0.022593534
3980,"Menanggapi hal tersebut, kualitas lauk dan sayur yang diterima siswa di beberapa sekolah sangat minim dan jauh dari ekspektasi makanan bergizi.",Negative,0,Negative,0,Negative,0.97905856,0.001347249,0.019594168
2379,"di Bali mahal banget barang-barang nya sekarang, karena lagi ada upacara besar😭",Neutral,1,Neutral,1,Neutral,0.0510152,0.87003106,0.0789537
2425,"emang lu bisa ngilangin, udah normal disini 😂",Neutral,1,Neutral,1,Neutral,0.058362957,0.8295555,0.112081535
4098,kentang varietas tertentu emang gtu bos.... kalau gak percaya datang aja ke dieng pasti ada kentang yg kaya gtu,Neutral,1,Neutral,1,Neutral,0.040167823,0.87786126,0.0819709
2626,"Terkait kebijakan ini, perlu ada petugas khusus yang bertanggung jawab memeriksa kelayakan makanan sebelum dibagikan ke siswa.",Neutral,1,Neutral,1,Neutral,0.04200234,0.87781817,0.080179445
2059,Harus ada tim ahli gizi yang rutin mengecek kualitas dan kandungan kalori makanan di setiap unit dapur.,Neutral,1,Neutral,1,Neutral,0.0402914,0.891672,0.068036534
4816,"Jujur saja, perlu kajian lebih lanjut mengenai efisiensi operasional pengantaran makanan ke sekolah pelosok.",Neutral,1,Neutral,1,Neutral,0.043249354,0.9036904,0.053060252
5138,@gerindra udah tau blom?,Neutral,1,Neutral,1,Neutral,0.043535803,0.8755886,0.08087565
2517,Km aj sal jdi presiden,Neutral,1,Neutral,1,Neutral,0.079323255,0.84982353,0.07085324
1241,"Lanjut MBG..!! ""Keadilan sosial bagi seluruh rakyat Indonesia..!! Org kota selalu makan bergizi.. waktunya saudara yg Plosok merasakan itu..!! Udah, org GK usah banyak bacod..!! Makash..🙏👍 gas poll MBG..!!",Positive,2,Positive,2,Positive,0.012573289,0.0020989622,0.9853277
4286,"satu orang yang mengalaminya sendiri, lebih nyata dari pada yang koar2 bermain narasi",Neutral,1,Neutral,1,Neutral,0.3016289,0.57685196,0.12151912
513,"Karna secara politik pulau kaya itu cuma di peras alamnya , dan suaranya kecil jadi mbg di fokus kan di jawa agar dpt suara yg banyak pas pemilu di konoha",Neutral,1,Neutral,1,Neutral,0.03264108,0.8870193,0.08033962
3667,"bisa ae lu bang,tapi iye jugak si😁😂",Neutral,1,Neutral,1,Neutral,0.0380237,0.8859803,0.07599596
2257,"Berarti klaim membantu petani se indonesia gugur yah, karena yg diambil itu hasil tani dari mereka yg punya usaha perkebunan bukan petani biasa 🙏🏻",Positive,2,Positive,2,Positive,0.0048808805,0.0007651199,0.994354
2602,"Abang sendiri gak tau ya, yang jadi suplayer sendiri yang punya yayasan bapak😂🤣🤣",Neutral,1,Neutral,1,Neutral,0.050651584,0.8654848,0.08386374
805,Tujuan utama program mbg bukan untuk penanganan stunting tetapi program bagi2 duit buat para royalis secara legal. Jadi jangan heran kalo dipapua sppg jarang.,Neutral,1,Neutral,1,Neutral,0.032918226,0.9141472,0.052934524
1027,"Bagi yang belum paham,,MBG dan kopdes itu program yang sekaligus untuk suara pemilu 2029,,🙄🤔",Neutral,1,Neutral,1,Neutral,0.041001618,0.8792442,0.07975414
3696,kalo menu MBG tiap hari kaya gini mah tenang hati emak²😂😂😂,Neutral,1,Neutral,1,Neutral,0.030481389,0.75501543,0.21450321
3915,anj malah makin rame. Gua titip bumi ke kalian bro..,Neutral,1,Neutral,1,Neutral,0.046999183,0.89719296,0.05580785
4065,semua ujung ujungnya duwit ya bang,Neutral,1,Neutral,1,Neutral,0.035008393,0.914425,0.050566643
2126,"Lhoh kan emang semua adaprosedurnya, petani langsung kedapur itu hanya sebagian. Kebanyakan itu ditampung kemana dulu nanti baru disetor kedapur”",Neutral,1,Neutral,1,Neutral,0.040955056,0.8713279,0.087717116
1418,Mao gimanah cara nya kejahatan pasti Alloh SWT buka yg bikin susah rakyat,Neutral,1,Neutral,0,Negative,0.9796978,0.0051513645,0.01515083
924,Kekayaan papua tak terhitung tp pemerintah hanya mengeruk kekayaanya utk pribadinya dan tak peduli masyarakt papua MBG hanya utk jalan memuluskan korupsi,Negative,0,Negative,0,Negative,0.97523767,0.0015761233,0.023186252
2906,"ah masa ,spill desanya bang",Neutral,1,Neutral,1,Neutral,0.031092525,0.9012864,0.06762106
1322,ANEH ....KOK PEMERINTAH NGOTOT SEKALI MEMPERTAHANKAN PROYEK MBG....ADA APA DENGANMU???,Neutral,1,Neutral,1,Neutral,0.12984203,0.81678957,0.05336836
3932,"MBG, nyari barang nya yg termurah semurah murahnya.",Neutral,1,Neutral,1,Neutral,0.040264618,0.8839693,0.0757661
675,"Bagi Wowo,Papua tdk membutuhakn MBG dan KMP,yg dibutuhkan oleh Papua adlah Emas dan Tembaga dijual lalu uangnya dikasihkan ke Wowo utk biaya MBG dan KMP di daerah lain dn utk di Korup......smga sodaraku di Papua ttp bersabar sampai Mujizat Tuhan dinyatakan utk memberkati Papua",Negative,0,Negative,0,Negative,0.9787083,0.0014801171,0.01981156
1246,mbh wajib di audit secara tranparan jka idak berarti membiarkan maling berkedok gizi di lindingi.,Negative,0,Negative,0,Negative,0.9831576,0.0019752122,0.014867203
627,"MBG tu ladang korupsi, perkara soal perataan gizi itu cuma kedok",Negative,0,Negative,0,Negative,0.977999,0.0016437594,0.020357342
2123,"positip,, dua jempol untukmu kang",Neutral,1,Neutral,2,Positive,0.033375226,0.30942845,0.65719634
509,"Dulu saya pikir karena membawa narasi stunting, yang mana memang banyak kasusnya di Indonesia bagian timur maka akan dibangun SPPG di daerah timur terlebih dahulu. Faktanya saat ini sudah berapa ribu saja SPPG yang malah berdiri di Jawa dan jarakknya saling berdekatan.",Neutral,1,Neutral,1,Neutral,0.03531364,0.8914533,0.07323294
5339,tapi di pasar induk Kramat jati banyak mobil parkir mbg pada belanja,Neutral,1,Neutral,1,Neutral,0.05055371,0.86494046,0.08450579
5113,pemerintah mah tau nya nipu doang bang,Neutral,1,Neutral,0,Negative,0.9766716,0.004699472,0.01862889
3935,Perlu adanya standar operasional prosedur yang ketat terkait higienitas dan pengolahan makanan MBG.,Neutral,1,Neutral,1,Neutral,0.034448147,0.8876325,0.077919304
4964,"Melihat fakta di lapangan, apakah anggaran MBG sudah mencakup pengadaan tempat makan ramah lingkungan yang bisa dipakai berulang kali?",Neutral,1,Neutral,1,Neutral,0.03389503,0.901065,0.06503993
4042,"Tentu saja, sebaiknya menu makanan disesuaikan dengan kearifan lokal dan hasil bumi di masing-masing daerah.",Neutral,1,Neutral,1,Neutral,0.030862346,0.91270304,0.056434613
3145,cukup 1 periodee😩😩😩,Neutral,1,Neutral,1,Neutral,0.054147385,0.87336236,0.07249025
746,"Salfok dengan Kadin nya. Maksudnya, beda banget vibes nya dengan rakyatnya yang kekurangan gizi itu",Neutral,1,Neutral,1,Neutral,0.055937685,0.8436773,0.10038506
2408,"Dari sudut pandang masyarakat, pengelolaan sampah sisa makanan harus dipikirkan agar tidak menimbulkan masalah lingkungan di sekolah.",Neutral,1,Neutral,1,Neutral,0.032030016,0.9096666,0.058303393
2621,presiden tertololl yg pernah saya pilih😭,Negative,0,Negative,1,Neutral,0.03223771,0.89505696,0.072705336
2259,"statement lu salah semua, lu tau ga cara kerja mbg gimana, itu udah dilepas diswasta, pemerintah cuma bayar jumlah porsi yg dikeluarin dapur itu, ga ada sangkut pautnya sama beli bahan baku mentahnya, barang mentahnya balik lagi tergantung sppg nya dia yg berhak nentuin siapa yg bisa suplai, masa lu ga tau? ngomong ngalur ngidul asal bunyi doank",Neutral,1,Neutral,1,Neutral,0.34538063,0.5888497,0.06576965
3196,"Jujur saja, sebaiknya ada formulir evaluasi harian yang diisi guru terkait porsi dan kualitas menu yang diterima.",Neutral,1,Neutral,1,Neutral,0.044989914,0.873586,0.08142402
4027,intinya yang melapor yang di proses ..LOOHH,Neutral,1,Neutral,1,Neutral,0.029397052,0.9104368,0.060166158
526,"ibu saya guru skolah negri.. kata doi anak2 skolahnya lebih suka jajan cireng+cilok sebagainya drpd makan MBG, MBGnya selalu dibuang meski guru2 sudah berusaha bawa pulang sebanyak yg mereka bisa ke rumah masing2 (termasuk ibu saya)... Saya ga pro siapapun, karena pada dasarnya politik itu ""cair"". Tapi kalau boleh jujur, makanan MBG yg saya makan lumayan enak dan bergizi. Anak2 yang buang2 makanan itu, saya doakan, bisa mencicip sedikit kemiskinan saudara kita di Papua dalam hidupnya. Mungkin sehari saja mereka sudah ga kuat.",Positive,2,Positive,2,Positive,0.08615439,0.001365685,0.91247994
1412,Percumah kalaw gak di hukum mati,Negative,0,Negative,0,Negative,0.9830588,0.0020206473,0.014920427
2120,Mantap bang Up terus bela Petani lain 👍👍,Positive,2,Positive,2,Positive,0.005623464,0.00069585326,0.9936807
2786,"Tentu saja, pengelolaan sampah sisa makanan harus dipikirkan agar tidak menimbulkan masalah lingkungan di sekolah.",Neutral,1,Neutral,1,Neutral,0.041244354,0.87402385,0.084731854
4358,"oh ternyata gitu,",Neutral,1,Neutral,1,Neutral,0.045436606,0.89010334,0.06445998
1844,mbg anakku kayanya udah keabisan ide ini😭,Neutral,1,Neutral,1,Neutral,0.03441384,0.90078914,0.06479705
3594,istilah sales up nota yah? atau gmn bg? jelasin dlu,Neutral,1,Neutral,1,Neutral,0.042987946,0.87336373,0.08364829
2632,penyesalan seumur hidup...amit amit,Negative,0,Negative,0,Negative,0.9806309,0.0052120467,0.014157128
1299,Jangan kutuntut banyak untung pengusaha dapur mbg udah banyak Untung paket menu tidak sesuai ya di tentu kan,Neutral,1,Neutral,1,Neutral,0.03656636,0.8990213,0.06441232
514,"Yg penting uang cair masuk kantong, tersalurkan apa nggak itu mbg mareka gk mau tau, itulah pemerintah kita.",Neutral,1,Neutral,1,Neutral,0.036795698,0.9016503,0.061553996
303,😢😢😢😢 Nyesek melihatnya,Neutral,1,Neutral,0,Negative,0.9800314,0.0027667105,0.017201822
4526,"Tentu saja, semoga ada mekanisme pemilahan sampah organik dan kemasan sisa makanan yang terkelola dengan baik di sekolah.",Neutral,1,Neutral,1,Neutral,0.024565443,0.91676784,0.058666702
4649,"Terkait kebijakan ini, bagaimana tindak lanjut pemerintah jika ada sekolah yang belum terjangkau fasilitas pendukung distribusi makanan?",Neutral,1,Neutral,1,Neutral,0.037589055,0.87916726,0.08324375
1678,"kog giliran chep kumink bikin video tentang mbg selalu enak,tp d kenyataan ga sesuai dengan yg d dpat anak²",Positive,2,Positive,2,Positive,0.0049310797,0.0008140027,0.9942549
3151,Semoga proses pengadaan barang dan jasa untuk program MBG ini bisa dipantau secara terbuka oleh publik.,Neutral,1,Neutral,1,Neutral,0.028384503,0.9018508,0.06976468
4784,ganti presiden bukan malah tambah baik eeeh malah tambah amburadul wowowo,Negative,0,Negative,0,Negative,0.97900534,0.0019449696,0.019049812
2154,kok kmu lucu tpi ngeselin sih mba?,Neutral,1,Neutral,2,Positive,0.017337775,0.1379028,0.8447594
3757,Yaah ke like coook,Neutral,1,Neutral,1,Neutral,0.052268412,0.875013,0.07271858
2945,"Da, lai faham ndak jo konteks komentar wak yg pertamo ?",Neutral,1,Neutral,1,Neutral,0.032703057,0.9085972,0.058699824
4512,ko jakettt nya bguss bng itu,Neutral,1,Neutral,2,Positive,0.02138829,0.15785849,0.82075316
4215,"""masukin produk saya"" emang produk abangnya berkualitas? kalau cek ke lapangan liat atuh di berita udah banyak petani petani yang banyak di beli.",Neutral,1,Neutral,1,Neutral,0.025033418,0.65428585,0.32068077
5148,@Gibran Rakabuming @gerindra,Neutral,1,Neutral,1,Neutral,0.03443595,0.8956445,0.06991963
4071,Gak heran 🤣😂,Neutral,1,Neutral,1,Neutral,0.045671474,0.89857334,0.05575523
354,Ga banyak pengusaha yg teken kontrak SPPG di papua kali tuh 😂 gabisa ajojing 😅,Neutral,1,Neutral,1,Neutral,0.043608606,0.8980451,0.05834628
3602,aku ikutan ngelike bang🗿,Neutral,1,Neutral,1,Neutral,0.067305915,0.842711,0.08998313
532,"mungkin kalo disana ada sppg, sppg nya rugi.",Neutral,1,Neutral,1,Neutral,0.051570024,0.8880416,0.06038842
2260,kan kontek nya bisa beli langsung petani😳...tp ya ga tau lah...kaga ngert...semangat para petani indonesia,Positive,2,Positive,2,Positive,0.005082478,0.0011671564,0.9937504
3292,senang bisa mengenal anda pahlawan 😂,Positive,2,Positive,2,Positive,0.0056474213,0.0009838933,0.9933687
1915,aduuh cita cita bergeser nih 😭,Neutral,1,Neutral,1,Neutral,0.037719965,0.89031494,0.07196505
1512,"MISKINKAN KORUPTOR,supaya ga bisa bayar oknum pengacara dan penegak hukum yg korup jg,",Negative,0,Negative,0,Negative,0.97930855,0.0015343071,0.019157138
4464,hahahahahah males banget yg jadi presiden,Neutral,1,Neutral,1,Neutral,0.05723894,0.8773917,0.06536931
3796,"Terkait kebijakan ini, dampaknya luar biasa bagi kesehatan anak-anak dan sekaligus menggerakkan perekonomian para petani lokal.",Positive,2,Positive,2,Positive,0.002936472,0.0021365043,0.99492705
1479,Tu g lm lg entr pl nya bledos udh btk kbnykn mkn duit hrm,Neutral,1,Neutral,1,Neutral,0.05515363,0.8485685,0.09627781
108,Udah tau bobrok tetap milih prabowo cu,Negative,0,Negative,0,Negative,0.9804513,0.002210869,0.017337816
2024,Benerr tai bgt prabowo shibal,Negative,0,Negative,0,Negative,0.9786315,0.0021749139,0.019193571
4201,"Harus diakui, pihak dinas terkait harus rutin melakukan uji sampel makanan secara acak di berbagai sekolah.",Neutral,1,Neutral,1,Neutral,0.046236865,0.8650191,0.088744
970,Orang papua menderita Sedangkan orang jakarta merampas nya,Negative,0,Negative,1,Neutral,0.110367745,0.81745094,0.072181284
3862,santai dulu ga sih om 🙏,Neutral,1,Neutral,1,Neutral,0.021866262,0.8849002,0.09323358
3245,"Setuju, semangat pak🙌🏻",Positive,2,Positive,2,Positive,0.004751809,0.0013137569,0.99393445
4521,Memang benar bahwa perlu transparansi anggaran yang jelas dan audit berkala agar program ini bisa dievaluasi dengan baik oleh publik.,Neutral,1,Neutral,1,Neutral,0.028185504,0.9125318,0.059282757
498,"2025 lalu saya pengabdian di pulau kecil indah yg ga jauh dr Jawa, saya sendiri dr kota besar di Jatim, di sini mulai thn lalu sudah byk sppg, bahkan MBG di tawarkan ke sklh2 favorit yg spp nya jutaan dan mereka sudah punya program makan sendiri sejak lama sblm ada MBG Tp kok di tempat saya pengabdian waktu itu sklh SD negeri dibangun di atas tanah sengketa warga, 1 ruang dibagi jd 2 kls, jumlah siswanya ga sampe 100 kls 1-6 kok ga sampe dapat MBG 😢 gatau kalau skrg blm kontak guru2 dan warga di sana lagi",Neutral,1,Neutral,2,Positive,0.031213002,0.3950387,0.57374823
919,Merdeka lah papua Negerimu sungguh kaya tapi seperti negeri yang dijajah,Negative,0,Negative,0,Negative,0.6747492,0.2885904,0.036660388
2084,"tapi yg punya dapur remburs ke pemerintah, gmn dong? 😂",Neutral,1,Neutral,1,Neutral,0.037324153,0.8637381,0.09893781
1481,Sebaik apapun programnya. Semua tetap hanya untuk lahan korupsi bagi orang orang yang berkuasa di bidangnya,Negative,0,Negative,0,Negative,0.97818065,0.0015578042,0.020261632
3251,btul really adanya,Neutral,1,Neutral,1,Neutral,0.03965652,0.8976072,0.062736206
714,"Dari sudut pandang masyarakat, pihak dinas terkait harus rutin melakukan uji sampel makanan secara acak di berbagai sekolah.",Neutral,1,Neutral,1,Neutral,0.04455568,0.87369245,0.08175183
2613,"iya itu d tempat lu bangke
ga usah bilang org membual
lo org sppg atau partai ngmng ky gt?
lo liat fakta d lapangan ga?
dr 100% yg bener n jujur ambil lgsg ke petani tanpa embel2 markup n nurunin harga n bukan kenalan nya berapa persen?
lo liat yg bnyak komen kira2 cenderung ke fakta merugikan atau menguntungkan?",Negative,0,Negative,0,Negative,0.9712957,0.0015191027,0.027185168
4256,"kemarin demo ribuan katanya petani, Petani Mana????",Neutral,1,Neutral,1,Neutral,0.031243086,0.8813169,0.08744001
3582,"itu br pager
blm yg lain
🤣🤣🤣",Neutral,1,Neutral,1,Neutral,0.04319286,0.8786385,0.078168705
2916,"bener jasa, cmn jd boneka joko, jendral nya🤣",Neutral,1,Neutral,1,Neutral,0.27720124,0.6637344,0.059064455
5386,😂 lu percaya sama Mentrinya?,Neutral,1,Neutral,1,Neutral,0.024283888,0.82515645,0.15055963
3488,beliau sudah mewakili 😅,Neutral,1,Neutral,1,Neutral,0.031640388,0.9085034,0.05985621
1229,Belom pernah miskin jd wowo gak tau gimana org rasanya susah,Neutral,1,Neutral,1,Neutral,0.10725273,0.81355566,0.079191566
1190,Semua sama kong kali kong saling melengkapi...sebelas...duabelas.😅,Negative,0,Negative,1,Neutral,0.03822369,0.88355505,0.07822117
2221,"Menanggapi hal tersebut, dana miliaran rupiah terbuang percuma jika pengawasan di lapangan tidak diperketat.",Negative,0,Negative,0,Negative,0.98166806,0.0015004767,0.016831381
4307,"Tentu saja, bagaimana mekanisme pengawasan distribusi makanan agar selalu tepat waktu sampai ke masing-masing sekolah?",Neutral,1,Neutral,1,Neutral,0.03260237,0.8904105,0.07698715
266,"Maaf ya Indonesia hanya butuh tanah Papua, tidak butuh manusia nya",Neutral,1,Neutral,1,Neutral,0.028277472,0.897738,0.07398461
4832,pak press bgn bapak ga beres pak.. mohon maaf Pak,Neutral,1,Neutral,1,Neutral,0.058713976,0.87722546,0.064060494
4718,Di lapangan pak mentri harga di markup gila2an pak … pak mentri wou pak hallo pak,Negative,0,Negative,0,Negative,0.97812134,0.0014928904,0.020385897
2736,"Menanggapi hal tersebut, perlu kajian lebih lanjut mengenai efisiensi operasional pengantaran makanan ke sekolah pelosok.",Neutral,1,Neutral,1,Neutral,0.06857707,0.88202256,0.049400292
1310,MBG sangat berguna bagi rakyat. dan MBG rakyat jadi bergizi. tapi semua buat rakyat yg pro KORUP😂😂😂,Negative,0,Negative,0,Negative,0.9787533,0.0014524107,0.019794254
3464,jelas ada hubungannya bang.ini jelas2 ladang korvp,Neutral,1,Neutral,0,Negative,0.6037112,0.35235524,0.043933555
2794,di luar aturan dong gitu mh saya yg rugi.. pihak dapur di untungkan.. pantesan di berita MBG itu katanya nyerap UMKM terutama petani dan peternak... ternyata seperti ini laporan palsu 😂😂,Neutral,1,Neutral,1,Neutral,0.032812413,0.8989238,0.068263784
3320,tuh dengerin pak mantri🗿,Neutral,1,Neutral,1,Neutral,0.044664495,0.88678175,0.068553716
360,"Suruh prabowe ke papua kalau dia berani,kalau gak panah beracun malayang ke kepalanya,begitu menderitanya sodaraku di papua sana sangat miris melihatnya",Negative,0,Negative,0,Negative,0.9820431,0.0015772635,0.01637961
1824,"dan ga ""gratis"" juga 😂",Neutral,1,Neutral,1,Neutral,0.040357422,0.8724601,0.08718246
2922,"to the point dah, mau siapa yang mimpin?, elu?, abah?",Neutral,1,Neutral,1,Neutral,0.05578324,0.85709965,0.08711717
708,Klo pemerintah utamain daerah 3t barulah program didukung penuh.. ini mbg di kota2 yg orang tua nya aj bs nongkrong di warung.. parah,Neutral,1,Neutral,0,Negative,0.8849322,0.011265998,0.1038017
1852,"disini yg masak dan ahli gizi gak mau belajar🤣🤣menu nya itu"" aja🤣🤣",Neutral,1,Neutral,1,Neutral,0.025004733,0.8825917,0.09240354
4827,Perlu edukasi gizi yang menyertai pembagian makanan agar siswa memahami pentingnya pola makan sehat.,Neutral,1,Neutral,1,Neutral,0.0374737,0.8745622,0.08796407
3494,hanya kader akar rumput bang dan hanya bisa bantu semampu nya untuk masyarakat,Neutral,1,Neutral,1,Neutral,0.026011586,0.5702976,0.40369084
556,kenapa sih pemerintah jarang melihat papua🙏,Neutral,1,Neutral,1,Neutral,0.05084109,0.872305,0.07685398
503,"sppg gada yg mau disana plg, gada untung, disana harga bahan baku mahal,dan siswanya sedikit, gimana mereka korupsi",Negative,0,Negative,0,Negative,0.97745365,0.0015002365,0.021046175
5224,"Wahai para Menteri, JANGAN ASA NGOMONG...Lihat kebawah dulu, baru ngomong...Masyarakat makin marah Lo...hati2 pak, rakyat makin pintahlr dan kesabaran ada batasnya.",Neutral,1,Neutral,1,Neutral,0.30666173,0.62327003,0.0700682
4847,"Kualitas makanan harus diawasi ketat, jangan sampai terulang kejadian keracunan makanan atau sajian yang basi.",Negative,0,Negative,0,Negative,0.9804341,0.002209793,0.01735615
2843,"Menanggapi hal tersebut, perlu dipertimbangkan variasi buah-buahan lokal yang mudah diperoleh dan kaya akan vitamin.",Neutral,1,Neutral,1,Neutral,0.0469003,0.8734504,0.07964933
1170,"Apakah BBC media yang di danai aseng ?😂😂 MBG dikota besar sampai rebutan titik dapur, namun di daerah yang benar benar membutuhkan sayangnya para 'orang baik' tidak ada yang peduli",Neutral,1,Neutral,0,Negative,0.61005837,0.3353985,0.054543085
2507,kenapa sekarang di sppg sekolah ana saya jarang ada susu ya kak.. padahal anaku seneng banget.susunya dibanyakin plesas,Positive,2,Positive,2,Positive,0.0054759905,0.0008201653,0.9937038
879,"Ini tujuan MBG sesungguhnya, knp malah tak tersentuh. Rky sdh tau jwb nya. Hrsnya presiden tau",Neutral,1,Neutral,1,Neutral,0.027782474,0.91211057,0.060106993
1828,beli?? suruh ganti nama program nya gausah ngaku2 makan BERGIZI GRATIS klo plenger jngan ngajak org lain,Positive,2,Positive,2,Positive,0.006960896,0.0012613644,0.9917778
4121,ya berbagi Rizki bang pedangang juga mau maakan,Neutral,1,Neutral,1,Neutral,0.040461805,0.89853,0.061008196
1067,"tidak usah mbg, signal internet sj dlu, itu alasan kenapa papua mau merdeka,",Neutral,1,Neutral,1,Neutral,0.0335995,0.87353426,0.09286629
3175,iri banget yg mbg nya dimasakin chef beneran 😭 tiap hari mbg ku menu tahu/tempe goreng terusss 😭,Neutral,1,Neutral,2,Positive,0.0036052666,0.0016457087,0.994749
5233,@Gibran Rakabuming @gerindra,Neutral,1,Neutral,1,Neutral,0.045957815,0.8677749,0.086267285
5348,"Dari sudut pandang masyarakat, bagaimana tindak lanjut pemerintah jika ada sekolah yang belum terjangkau fasilitas pendukung distribusi makanan?",Neutral,1,Neutral,1,Neutral,0.038512092,0.88052595,0.08096193
2301,dan petani menderita lagi karna hasil pertanian murah,Negative,0,Negative,0,Negative,0.9859904,0.0019158277,0.012093897
1586,"dan 58% bilang ,program MBG sejahterah kan semua elemen masyarakat",Neutral,1,Neutral,2,Positive,0.017889174,0.30203697,0.68007386
2121,ya mau gimana namanya juga usaha pasti ada persaingan. kita aja di skolah disuruh mikir biar bisa bersaing sama orang' yang lebih pinter dari kita,Neutral,1,Neutral,1,Neutral,0.029928697,0.88106424,0.08900712
5154,Sebaiknya ada formulir evaluasi harian yang diisi guru terkait porsi dan kualitas menu yang diterima.,Neutral,1,Neutral,1,Neutral,0.041758917,0.88704234,0.07119871
4813,Apakah anggaran MBG sudah mencakup pengadaan tempat makan ramah lingkungan yang bisa dipakai berulang kali?,Neutral,1,Neutral,1,Neutral,0.03850166,0.8978715,0.063626885
3014,"iya betul , tapi masa nggak ada pengawasan dalam pengolahannya",Neutral,1,Neutral,1,Neutral,0.049203113,0.8850072,0.065789774
107,"Secara keseluruhan, penting untuk memastikan sanitasi peralatan makan dan tempat penyajian selalu dalam kondisi bersih dan steril.",Neutral,1,Neutral,1,Neutral,0.037827075,0.88495135,0.07722162
465,Seharus daerah ini yg utama karena angka stunting nya tinggi,Neutral,1,Neutral,1,Neutral,0.022181919,0.9051026,0.072715454
5518,"Dari sudut pandang masyarakat, pengelolaan sampah sisa makanan harus dipikirkan agar tidak menimbulkan masalah lingkungan di sekolah.",Neutral,1,Neutral,1,Neutral,0.029853836,0.9123329,0.057813335
1142,Karna nggak cuan. Simple as that. Oh kalian kira MBG program dengan niat baik untuk menurunkan stunting? Bodoh kalian 😂,Negative,0,Negative,0,Negative,0.9825686,0.0014546752,0.015976658
4166,Apakah ada rencana sertifikasi halal dan uji laboratorium rutin untuk seluruh bahan makanan yang dipakai?,Neutral,1,Neutral,1,Neutral,0.03936185,0.89308214,0.06755605
1288,Langsung siram pake air TAI aja pak Polisi ❤❤❤,Negative,0,Negative,0,Negative,0.98162293,0.001966299,0.016410755
1631,di gw telor mulu sial😭,Neutral,1,Neutral,1,Neutral,0.054858617,0.87276286,0.07237847
5307,"iya bang orang2 tertentu, soalnya suami saya kuli bangunan justru sering dpt tawaran, tp belum nemu yg pas.",Neutral,1,Neutral,1,Neutral,0.035813108,0.8832662,0.080920726
2169,Makanya ga abis thinking saya chef dpt inspirasi dr mana bikin begituan,Neutral,1,Neutral,1,Neutral,0.034548298,0.8828449,0.08260675
3870,"Terkait kebijakan ini, menu makan siangnya terlihat lengkap bergizi dan sangat disukai oleh anak-anak di sekolah.",Positive,2,Positive,2,Positive,0.0059493124,0.0008688792,0.99318177
5061,"Kamarin @GRINDRA bilang semua suka MBG😝😝, katanya bakal memakmurkan petani?",Positive,2,Positive,2,Positive,0.005988503,0.0007479766,0.99326354
315,"Dengan seluruh Dana yang terbuang setaun ini, patutnya cukup untuk membangun ratusan MBG di papua",Positive,2,Positive,2,Positive,0.04439701,0.02496948,0.93063354
3909,"Tentu saja, semoga proses pengadaan barang dan jasa untuk program MBG ini bisa dipantau secara terbuka oleh publik.",Neutral,1,Neutral,1,Neutral,0.036276244,0.8806771,0.083046645
5310,Kurang sosialisasi aturan syarat penyetok minim informasi bnget jd di lapangan pd pecah sndri2 menimbulkan kekecewaan,Negative,0,Negative,0,Negative,0.98115325,0.0020876494,0.01675909
1524,"Prabowo apa ga malu, program mogol(mentah) keliatan jadi ajang cari cuan aja",Negative,0,Negative,0,Negative,0.9813307,0.0018564903,0.016812805
1520,19 ribu sapi,Neutral,1,Neutral,1,Neutral,0.028841522,0.9092598,0.061898716
1843,di daerah ku malah bekas rental ps langganan 😇,Neutral,1,Neutral,1,Neutral,0.05029572,0.8822789,0.06742541
4153,tiba2 khawatir sma bpk ini.. .. semoga keslamata. menyertaimu pak,Neutral,1,Neutral,1,Neutral,0.048330862,0.7960443,0.15562491
4112,@partaigerindra tolongin min,Neutral,1,Neutral,1,Neutral,0.027849695,0.88200504,0.09014525
5209,MBG nawarnya ... kayak nawar barang bekas .. maunya murah kualitasnya minta yg bagus . 🤣,Positive,2,Positive,2,Positive,0.013780807,0.04533945,0.9408797
133,Iyaa si antek aseng,Negative,0,Negative,0,Negative,0.985572,0.0030716695,0.011356381
2324,Masalahnya gimana bisa uang 70jt sampai ke dapur mbg😳,Negative,0,Negative,1,Neutral,0.030775787,0.8854303,0.08379394
1569,"kok sepi ya, oh iya Baru inget info fakta🤭",Neutral,1,Neutral,1,Neutral,0.047557987,0.87314427,0.07929775
1484,Tu mstinya di hkm gntng dimiskinkan kluarganya di usir dr ngra ini br yg lain pd tkt,Neutral,1,Neutral,1,Neutral,0.048569035,0.8987812,0.052649807
1501,"Adanya mbg semakin banyaknya korupsi, maaf kalo bisa MBG dibagikan dalam bentuk uang yang mengelola orangtua hingga makan tidak BASI",Negative,0,Negative,0,Negative,0.97924453,0.0018175944,0.018937897
2643,silau amat bang 🤣,Neutral,1,Neutral,1,Neutral,0.03555469,0.89658445,0.06786093
3189,di aku dihargai 6000 menu kayak gt chef,Neutral,1,Neutral,1,Neutral,0.041335072,0.8721977,0.08646718
967,"MBG salah sasaran. Yang membutuhkan tidak dilayani, yang menolak dipaksa untuk menerima. Program tapi dijadikan proyek bagi² uang, dikorupsi dan menghabiskan APBN, menambah utang dan memeras rakyat melalui pajak",Negative,0,Negative,0,Negative,0.9769846,0.0014212608,0.0215941
276,ga pernah nangis nonton editorial. baru ini pertama kalinya menangis liat kondisi ketimpangan yang dipelihara,Negative,0,Negative,0,Negative,0.9774215,0.0022817156,0.020296725
4853,keluhanmu hari ini adalah pilihan mu milihan pemimpin,Neutral,1,Neutral,1,Neutral,0.04173686,0.89681274,0.061450407
143,"Gausah dengerin para haters pakk, teruskan mbg aku mendukung mu",Positive,2,Positive,2,Positive,0.009315679,0.0016741353,0.98901016
4461,"Dari sudut pandang masyarakat, perlu transparansi anggaran yang jelas dan audit berkala agar program ini bisa dievaluasi dengan baik oleh publik.",Neutral,1,Neutral,1,Neutral,0.039939072,0.88399595,0.076064974
3201,"Terkait kebijakan ini, program yang sangat boros anggaran tapi hasil nyata di lapangan masih jauh dari kata memuaskan.",Negative,0,Negative,0,Negative,0.9778828,0.0016151315,0.020502105
2778,kalo ada yg bersuara. kok yg harus bertindak. kmren suruh laporin tp rakyat gak ada bukti. yg harus membuktikan ya pihak berwenang untuk mengusut dan terjadilah ketua BGN di tangkap.,Neutral,1,Neutral,1,Neutral,0.0369229,0.9143648,0.04871222
2489,"sorry chef, ikan diri ini knp sering rasa tanah ya cgef",Neutral,1,Neutral,1,Neutral,0.03125809,0.88491356,0.08382826
3477,ada buktinya ga? @gerindra usut min sapa tau bener,Neutral,1,Neutral,1,Neutral,0.05713225,0.8598031,0.083064616
4693,bisa asal bisa mainin nota 😭💔💔💔💔 lingkaran setan banget kan ini,Neutral,1,Neutral,0,Negative,0.9827944,0.001938229,0.015267393
128,"Mbg itu bukan program kasih makan rakyat yang dikorupsi, tapi program korupsi lewat cara ngasih makan",Negative,0,Negative,0,Negative,0.97783047,0.0015532417,0.020616269
656,ga salah statement ini,Neutral,1,Neutral,1,Neutral,0.027408045,0.8989083,0.0736836
2783,yg di untungkan tuh cuman sgilintir org gak semua muanya,Neutral,1,Neutral,1,Neutral,0.02887276,0.8891546,0.081972696
3072,"nawarinya ke pasar besar nanti juga kalau butuh ada yg ke beli sama sppg bukannya malah di tawar""in ke mbgnya si bapa pengen kaya sendiri gitu!!!",Neutral,1,Neutral,1,Neutral,0.021406267,0.9092603,0.06933345
4296,"nahh mana ini lihatt ini yg koar2 katanya bnyk petani2 yg dibantu nhh ini mana, nih ya aku kemarin pas di pasar ketemu org sppg tau ngga mereka kepasar dan ketukang sayur dn bilang mana sayur2 yg dibuang atau rijek ,aku bengong dong kek whatt gitu lohhh saking mau bnyk dpt untung ny sayur2 yg udh rijek itu mereka angkut gratis loh dri para pedagang sayur 😭😭😭 ini aku reel ngalihat dn dengar andai aku rekam waktu itu syaang ny ga bawa hp kepasar",Neutral,1,Neutral,1,Neutral,0.04035937,0.88517594,0.07446474
2102,"real gw kerja di toko roti harga 2,500 pernah ditawar 1500 sama pihak mbg sama bos gw ditolak lah anjir bahan2 kue naik trus tiap taun 😂😂😂",Negative,0,Negative,1,Neutral,0.033476934,0.89513344,0.07138961
4928,Memang benar bahwa apakah ada panduan khusus bagi siswa yang membawa bekal sendiri dari rumah saat MBG dibagikan?,Neutral,1,Neutral,1,Neutral,0.04366707,0.88031536,0.07601748
1664,saya setuju sama pak tadi ini. karena memang gak berjalan di pak tani. karena abang saya juga petani. makanya harga sayur di pasar makin gak jelas. kasihan para petani,Negative,0,Negative,2,Positive,0.021903552,0.0015974412,0.976499
2612,cuma di desa lu..di desa gw gaada tuh,Neutral,1,Neutral,1,Neutral,0.03327235,0.9032876,0.06344003
2750,"ini menu mbg favorit anakku
selain itu tempeeee mulu mana rasanya gosong😭
semoga mbg kedepannya ikan fillet tepung ini terus 🥰😁",Neutral,1,Neutral,1,Neutral,0.051183656,0.7231364,0.22567995
308,Tarik nafass... hemmmm,Neutral,1,Neutral,1,Neutral,0.030814853,0.8904261,0.078759104
235,"gk sanggup nontonnya, ampuni negeriku ya tuhan",Neutral,1,Neutral,1,Neutral,0.12555923,0.7775065,0.09693437
3872,mereka punya suplayer sendiri dengan harga yg sudah di seting sedemikian rupa klw beli ke petani ketahuan donk nominal nyah,Neutral,1,Neutral,1,Neutral,0.04693155,0.87443525,0.07863321
4984,susah apanya? mereka belanja ke pasar wkwkwkwk,Neutral,1,Neutral,1,Neutral,0.04089039,0.91564655,0.04346308
4195,Nah ini aku percaya,Neutral,1,Neutral,1,Neutral,0.0338734,0.68463486,0.28149167
1782,"kalau kita ngikutin ahli gizi mentok , mending kita kreasi tapi tidak menyalahi aturan gizi tentang keamanan pangan",Neutral,1,Neutral,0,Negative,0.9765862,0.0039615347,0.019452292
3878,Bagaimana mitigasi risiko jika terjadi keterlambatan distribusi akibat cuaca buruk atau banjir?,Neutral,1,Neutral,0,Negative,0.6293926,0.30876458,0.061842766
1445,"Melihat fakta di lapangan, kerja sama yang hebat antara pemerintah daerah, sekolah, dan peternak lokal dalam menyukseskan program MBG.",Positive,2,Positive,2,Positive,0.004386571,0.001651626,0.99396175
3564,@LambeTani @Nanik S Deyang,Neutral,1,Neutral,1,Neutral,0.040922195,0.8814186,0.077659234
2978,"Bukan koneksi yg di banyakin, tapi vii yg di besarin",Neutral,1,Neutral,1,Neutral,0.03578896,0.85597724,0.10823381
174,"Hidup di atas gunung emas dan kekayaan alam, tapi tidak pernah sejahtera. Sedih sekali tiap lihat berita saudara-saudaraku di Papua. Rasa ingin kesana.. tolong dan bantu mereka. Menanam tumbuh-tumbuhan disana, memasak, mengajar pendidikan dasar, membantu anak2 dan mama2 disana. :'",Positive,2,Positive,0,Negative,0.9795576,0.0015632153,0.018879121
1832,"lah kan ini juga bayar dari pajak rakyat, u kira anggaran sebanyak ini siapa yang nanggung???",Neutral,1,Neutral,1,Neutral,0.036518004,0.90030384,0.06317806
4187,"Terkait kebijakan ini, perlu diperhatikan ketahanan makanan selama proses pengiriman agar tidak cepat basi saat cuaca panas.",Neutral,1,Neutral,1,Neutral,0.034359183,0.89885056,0.06679032
1819,"Secara keseluruhan, banyak sekolah di pedalaman mengeluhkan belum tersentuh bantuan makanan yang layak padahal anggarannya besar.",Negative,0,Negative,0,Negative,0.97898054,0.001721713,0.01929771
2826,"Menanggapi hal tersebut, bagaimana mekanisme pengawasan distribusi makanan agar selalu tepat waktu sampai ke masing-masing sekolah?",Neutral,1,Neutral,1,Neutral,0.03059099,0.89221966,0.07718933
683,Prabowoo liatt nihh rakyattmuuu... MBG loe mana nihhh sedihhhhhh rakyat papua,Negative,0,Negative,0,Negative,0.9814761,0.0027240221,0.015799766
1746,semoga didengar pa prabowo,Neutral,1,Neutral,1,Neutral,0.023933686,0.90827006,0.06779621
2940,maap kepencet 🙏,Neutral,1,Neutral,1,Neutral,0.062368672,0.86573654,0.07189474
4555,"Terkait kebijakan ini, program MBG ini benar-benar solusi konkret untuk mencegah stunting sejak usia dini.",Positive,2,Positive,2,Positive,0.008752373,0.0026716446,0.988576
5126,"semangat bapak☺️🥰🥰🥰
bismillah pak tolongin
@Kementerian Ekonomi Kreatif RI 
@Purbaya Yudhi Sadewa",Positive,2,Positive,2,Positive,0.0033826893,0.0016800825,0.9949372
1256,Yg jelas itu SDH di nikmati rakyat kecil.kalo anggaran yg lain belum tentu bisa sampai ke masyarakat paling bawah,Neutral,1,Neutral,1,Neutral,0.03502617,0.8887249,0.07624894
1211,tumben berita demo ada... udah ga disensor ya? wkwkwkkwkwkw setiap hari ada demo baru hari ini muncul di berita.,Neutral,1,Neutral,1,Neutral,0.03651178,0.90296876,0.06051934
2708,problemnya pada dirimu yang cuma bisa nyoblos karna joget doang,Neutral,1,Neutral,1,Neutral,0.042733565,0.89214057,0.06512578
1344,Tutuplah MBG ini. Karena MBG memberi makan perampok doang keracunan yang banyak kok,Negative,0,Negative,0,Negative,0.9775619,0.0013653337,0.021072758
328,Semoga cepat mbg membangun oleh pemerintah karena biysyanmahal,Positive,2,Positive,2,Positive,0.02864126,0.3060792,0.6652795
3917,Bagian mana dari video itu yang membuktikan peserta demo dibayar 40 ribu + nasi kotak?,Neutral,1,Neutral,1,Neutral,0.17677365,0.7688506,0.054375634
1316,"KORUPSI MERAJALELA. Tiada hari tanpa berita korupsi di negara Wakanda yg konon sangat religius, yg tempat ibadah dan pesantrennya paling banyak di dunia, yg rakyatnya paling rajin beribadah tepat waktu,yg perempuannya selalu berpenampilan gamis dan yg jumlah rakyatnya 200 ribuan berangkat haji tiap tahun ke tanah suci. Pertanyaanya apakah ada yg salah dalam menjalankan agamanya atau malah ada masalah dgn ajaran agamanya??? Sebagai perbandingan,negara2 Nordik yg rakyatnya sama sekali jauh dari kata religius penjaranya kosong, dan terbebas dari korupsi, lingkungannya sangat bersih.Sangat ironis dgn penjara2 di negeri yg sangat religius ini, penjaranya overload dipenuhi oleh kriminal dan koruptor dan sampahnya berserakan dimana mana. SEBUAH PARADOK NEGARA YG RELIGIUS",Negative,0,Negative,0,Negative,0.97272295,0.0018276051,0.025449479
1204,"negara milik bersama yang makan MEREKA2 juga,,, kita di pajakin terus uang tambang, uang pertamina, uang bumn yang lainnya, pada kemana??? fix Reset total ini...",Neutral,1,Neutral,1,Neutral,0.11452763,0.7719521,0.113520265
2235,"hal biasa, aku dlu pernah jadi resepsionist di salah satu hotel/penginapan, PNS2 dn pejabat yg nginap nyarinya kamar yg harga 150-200 ribu tp di nota minta nya di tulis 500rb.",Neutral,1,Neutral,1,Neutral,0.034587085,0.8932362,0.07217677
4440,coba di cek pak mentri,Neutral,1,Neutral,1,Neutral,0.030637858,0.8971479,0.07221434
3369,MBG balita 1minggu bang 😹,Neutral,1,Neutral,1,Neutral,0.038886633,0.87773854,0.0833748
2468,Karena di steamer kak,Neutral,1,Neutral,1,Neutral,0.043032903,0.8816108,0.07535624
5531,jgn berharap banyak bg sama negara ini😔,Neutral,1,Neutral,1,Neutral,0.07720486,0.8357234,0.087071694
324,"Sedih bener kl bahas saudara kita di Papua,mau merdeka tidak boleh tp apa2 seperti anak tiri",Negative,0,Negative,0,Negative,0.98063135,0.0013870954,0.017981457
1739,"Harus diakui, dukungan penuh untuk program makan bergizi gratis, semoga menjangkau seluruh pelosok negeri.",Positive,2,Positive,2,Positive,0.0058855168,0.00075253856,0.99336195
4540,"semoga semakin banyak petani ASLI yang speak up biar gak terus menerus jadi kambing hitam program bobrok pemerintah. Aku banyak melakukan penelitian dan observasi di daerah 3T, yang kalau di tempatku (Sulawesi) itu kebanyakan mata pencaharian mereka sebagai petani dan nelayan. Ini yang selalu mereka sampaikan, bahwa MBG justru gak berdampak baik ke mereka bahkan cenderung merugikan! MBG aslinya gak pakai hasil dari petani maupun nelayan kecil, tapi pakai suplai dari orang-orang tertentu aja.
Bukan cuma itu. Tau kasus harga beras mahal, yang pas dikritik tiba-tiba banyak yang ngaku petani ngepost nyalah nyalahin orang minta harga beras turun? Katanya sih harga beras naik, petani jadi sejahtera, KATANYA. Aku gak tau itu kerjaan buzzer atau apa, tapi kenyataan di lapangan malah gak ada dampak apa-apa bahkan cenderung merugikan. Rupiah merosot, harga barang impor mahal. Pupuk, pestisida, insektisida, dsb, mostly masih impor. Subsidi? Gak merata, gak semua dapat, dan katanya sih makin kesini makin dikit yang dapet. Memang harga beras naik, tapi biaya nanem padinya gak kalah naik",Negative,0,Negative,0,Negative,0.97241545,0.0017142721,0.025870344
339,semakin taat masyarakat bayar pajak semakin sejahtera pula para pejabat percayalah,Neutral,1,Neutral,2,Positive,0.039978646,0.32689363,0.63312775
3929,sehat2 mang hati2 di ciduk 🗿,Positive,2,Positive,1,Neutral,0.04244566,0.8689061,0.088648215
5497,@gerindra @Purbaya Yudhi Sadewa,Neutral,1,Neutral,1,Neutral,0.043220848,0.88251865,0.074260585
2127,itu anggur nya beneran 3 butir apa sudah di makan 😁,Neutral,1,Neutral,1,Neutral,0.03635054,0.8924256,0.0712239
3266,birokrasi di Indonesia itu emang sulit dan ribet,Neutral,1,Neutral,1,Neutral,0.12557042,0.76809174,0.106337816
1505,Akhirnya udah ditunggu-tunggu,Neutral,1,Neutral,1,Neutral,0.024405742,0.850304,0.12529027
2038,anjirr dzolim banget tuh otak korup,Negative,0,Negative,0,Negative,0.9789601,0.0020874143,0.018952476
2835,"saya pangalengan gk ada tu petani kita d beli untuk mbg,dr dulu sblm ada mbg ttp aja jualnya langsung ke pasar",Neutral,1,Neutral,1,Neutral,0.059879072,0.86826754,0.07185339
5139,menu mbg aja dh kya apa tau masih lengkap menu sesajen 🤣,Neutral,1,Neutral,1,Neutral,0.034733742,0.89275634,0.07250994
5044,bener bgt 😏,Neutral,1,Neutral,1,Neutral,0.04432763,0.87435234,0.081320025
1389,Tutup aj sklaian .lahan korupsi...pikirin nyari kerja susah .hidup makin susah ...ini ngurusin makan Mulu....,Negative,0,Negative,0,Negative,0.97869486,0.0016011477,0.019703927
4066,"mohon bapak bapak dengar lah suara rakyat
jangan suara pembisik yang ada di skeliling bapak.
@gerindra @Gibran Rakabuming @DPR RI @badangizinasional.ri",Neutral,1,Neutral,1,Neutral,0.036381125,0.877366,0.08625281
3665,haha....ntar yang di sliding KPK tetep petani kecilnya😂😂,Neutral,1,Neutral,1,Neutral,0.033820305,0.91645145,0.049728326
1802,"seriously ???? kantin dipakai sebagai perbandingan??? gini lohh pak, Bagi sekolah2 yang tidak berkenan dengn penyediaan layanan MBG ini tdak akan di retribusi. karna MBG ini akan diberikan ke sekolah2 yang butuh dan mau saja. tolonglah update juga informasinya, jngn setengah2 jd orang. malu sama diri sendiri",Negative,0,Negative,1,Neutral,0.071803,0.8397748,0.08842222
3045,nah bener yang kena agen2 kaya saya ini jdi kicep,Neutral,1,Neutral,1,Neutral,0.041957077,0.9048833,0.05315954
1639,ada gue td dpet telor utuh d goreng gak ada smbelny😭,Neutral,1,Neutral,1,Neutral,0.0339083,0.89237404,0.07371763
3644,mbg ku ga jalan jalan😭,Neutral,1,Neutral,1,Neutral,0.060440466,0.8582149,0.08134467
1790,versi lite ini 😂😂 versi kikir abis laporin itu gak layak banget,Negative,0,Negative,0,Negative,0.9820701,0.006748793,0.011181107
1508,"Dari dulu seluruh masyarakat sudah tahu pasti ,klu mbg itu di kelola para maling & sekarang sdh terbukti & akan masih banyak lagi yg bakal ketangkap nantinya",Negative,0,Negative,0,Negative,0.97928065,0.0013643852,0.019354997
5116,"bisa bang, diutang seputeran",Neutral,1,Neutral,1,Neutral,0.046573237,0.8593537,0.09407303
510,"Jadi keliatan kan klo MBG ini sebenarnya cuma bagi2 proyek, bukan murni untuk bantu masyrkat",Neutral,1,Neutral,1,Neutral,0.07226624,0.88092756,0.04680619
1120,"Karena bikin MBG di Papua itu tidak cuan, makanya mereka2 ga mau tuch. Padahal jargon awalnya untuk mengatasi stunting. Yang di pikiran mereka hanya mencari untung saja dari duit pajak yg dibayarkan rakyat. Menderita sekali menjadi WNI apalagi yg di Papua sana",Negative,0,Negative,0,Negative,0.9884763,0.002229677,0.009294003
4691,"Menurut saya, perlu diperhatikan ketahanan makanan selama proses pengiriman agar tidak cepat basi saat cuaca panas.",Neutral,1,Neutral,1,Neutral,0.031681493,0.89304465,0.07527385
2686,"bener bener yng punya ""dapur"" kalau rakus rakus nya gk main main 😫",Neutral,1,Neutral,2,Positive,0.016318748,0.03554744,0.94813377
3547,ternyata benar.omon2 itu terbukti juga bang.,Negative,0,Negative,0,Negative,0.98225456,0.0021203498,0.015625177
4432,"Jujur saja, kualitas lauk dan sayur yang diterima siswa di beberapa sekolah sangat minim dan jauh dari ekspektasi makanan bergizi.",Negative,0,Negative,0,Negative,0.97658587,0.0015568626,0.021857288
5284,Bisa bang asalkan mau harga di up tetapi harga masuk ke bapaknya sama,Neutral,1,Neutral,1,Neutral,0.047547374,0.86328804,0.08916453
5326,@gerindra @Gibran Rakabuming,Neutral,1,Neutral,1,Neutral,0.027208107,0.9051503,0.06764163
3784,ngambil fakta aja nih ya kebanyakan kepala sppg yg punya mitra itu kalo beli bahan bumbu itu kebanyakan nyari yg murah bahan yg gak standar karena mau untung contoh bawang merah yg udah busuk itu murah atau cabe karna kalau udah masuk ke sppg itu bahan bahan yg busuk ini bakalan di blender jadi gk tau bahan busuk atau gak busuk,Negative,0,Negative,0,Negative,0.9811936,0.0038456572,0.014960715
1172,Hadir dan Terus Menyimak dari SMPN 3 KOTA TASIKMALAYA JAWA BARAT,Neutral,1,Neutral,1,Neutral,0.02855384,0.8878257,0.08362043
783,"salahkan opm jadi banyak yang takut masuk, bukanya di sana sempat demo tolak mbg",Negative,0,Negative,0,Negative,0.87246394,0.0844408,0.043095317
2650,"Secara keseluruhan, semoga program mulia ini terus berlanjut dan menjadi contoh bagi program kesejahteraan lainnya.",Positive,2,Positive,2,Positive,0.006927763,0.0012343569,0.9918379
3086,pasang muka aslimu,Neutral,1,Neutral,1,Neutral,0.031097975,0.8914403,0.07746184
150,"Dunia ga adil banget, di daerah lain ada anak2 yg dengan sengaja buang makanan MBG karena rasanya kurang enak tapi di daerah lain ada anak2, ibu hamil, ibu menyusui, anak balita dan lansia yg membutuhkan MBG tapi belum dapat.",Positive,2,Positive,0,Negative,0.59510237,0.014499244,0.3903984
1038,"Sungai di Papua kan warnanya biru... Kok kotor? Kalau menginginkan pembangunan, kenapa kalau ada masuk pembangunan jalan.. Bahkan kasus terbaru.. Pekerjanya malah ditembak OPM?",Neutral,1,Neutral,1,Neutral,0.1650413,0.76387244,0.07108624
5147,@tvOneNews @CNN Indonesia @CBC @KompasTV @gerindra @Habiburokhman,Neutral,1,Neutral,1,Neutral,0.025079632,0.9094605,0.06545992
2225,apa benar seperti ini Bu @Nanik S Deyang,Neutral,1,Neutral,1,Neutral,0.051291436,0.8572771,0.09143146
4973,@gerindra jngn diem diem bae,Neutral,1,Neutral,1,Neutral,0.029285265,0.888407,0.082307816
4479,Sedih ya Allah,Negative,0,Negative,0,Negative,0.97370964,0.0033851964,0.022905113
2112,"mantap bang,, mentri hanya bisa ngomong aja,, tanpa mengecek ke lapangan,, hanya menerima laporan fiktif,,",Positive,2,Positive,2,Positive,0.010430723,0.0009952172,0.988574
4134,"Jujur saja, apakah ada panduan khusus bagi siswa yang membawa bekal sendiri dari rumah saat MBG dibagikan?",Neutral,1,Neutral,1,Neutral,0.035300132,0.8907351,0.07396485
5212,"Dari sudut pandang masyarakat, harus ada tim ahli gizi yang rutin mengecek kualitas dan kandungan kalori makanan di setiap unit dapur.",Neutral,1,Neutral,1,Neutral,0.03542811,0.8994778,0.06509407
172,"Ya hanya mrk yg tau ,mrk maunya gmn?? Kn mrk yg menguasai indonesia. Mrk sesuka hati buat aturan tdk perduli hati rakyat kecil",Neutral,1,Neutral,1,Neutral,0.038238555,0.88718724,0.07457426
3629,naikan harga modelan diam diam dan di bungkam,Neutral,1,Neutral,1,Neutral,0.04615188,0.9022415,0.05160652
3930,iya katanya umkm .buat majukan petani tapi boong,Neutral,1,Neutral,1,Neutral,0.038040414,0.8713817,0.09057787
3241,makasih kak 🥹,Positive,2,Positive,2,Positive,0.0077108685,0.0057144044,0.9865747
5168,real bro harga pun minta anjlok dari harga normal misalkan 10rb malah di tantang kalo mau masukin kesini beraninya harga 7rb,Neutral,1,Neutral,1,Neutral,0.061620478,0.88399774,0.054381795
826,yg masak MBG aja anggota. cuma daerah2 yg sudah ditentukan prawowo.mustahil dia ngak tahu. niat wowo dari awal sudah ngak bagus,Positive,2,Positive,2,Positive,0.004500736,0.0010645274,0.9944348
1202,Teruskan berdemo smpe rkyt mndptkn hak hak y,Neutral,1,Neutral,1,Neutral,0.023693493,0.78338236,0.19292416
152,Bukan dunia ga adil bukan sengaja buang2 makanan tapi makanannya kurang layak kocakkk,Neutral,1,Neutral,0,Negative,0.9814284,0.0016180786,0.016953584
1875,klo gk muter ya jadi tumbal proyek WOKWOWKWO 😂😂😂😂,Neutral,1,Neutral,0,Negative,0.98394656,0.0036538022,0.01239961
4126,lah mentrinya kan korip juga,Neutral,1,Neutral,1,Neutral,0.101414464,0.82078785,0.07779765
2933,"ingin menolak, tapi kenyataan.",Neutral,1,Neutral,1,Neutral,0.06728447,0.78381205,0.14890349
259,"MBG itu hanya untuk pulau Jawa, di luar itu cukup kekayaannya alamnya yang dikeruk",Negative,0,Negative,0,Negative,0.9811296,0.0020724796,0.016797934
5346,kan ada kopdes,Neutral,1,Neutral,1,Neutral,0.053968057,0.86619705,0.079834945
3324,"baru ini orang jujur ,,,bangett",Positive,2,Positive,2,Positive,0.0054430813,0.0010606714,0.9934962
747,Prabowo liat video ini ga? 😢,Neutral,1,Neutral,1,Neutral,0.05302981,0.8680453,0.07892494
2588,"Masalahnya bukan pinter, harusnya fair dan tujuan utamanya pengusaha kecil. Bukan mafia ordal yg monopoli yg udah kaya🗿",Neutral,1,Neutral,1,Neutral,0.04735267,0.88591164,0.066735655
4615,caper banget sih adek 😂😂,Neutral,1,Neutral,1,Neutral,0.06555046,0.8693757,0.06507384
2849,dengerin pak menteri. ini sura rakyat anda,Neutral,1,Neutral,1,Neutral,0.05139107,0.89052725,0.05808162
1904,belum lagi kalo di markup,Negative,0,Negative,0,Negative,0.9788123,0.0013836498,0.019804083
2805,"Abang chef kreatif,antara menu anak gd dan kecil selalu ada solusi,menyesuaikan...
banyak ide nya,,",Positive,2,Positive,2,Positive,0.0037552584,0.0009975694,0.9952472
3192,gini kah pak @gerindra,Neutral,1,Neutral,1,Neutral,0.030205926,0.9048295,0.064964585
3402,kl mmg utk memudahkan petani hrs ad aturan jelas n yg koordinir petani2 in agar mudah mnjdi penyalur bahan baku MBG,Neutral,1,Neutral,1,Neutral,0.031647213,0.8878001,0.08055274
718,jujur aj mbg di sekolah gua banyak yang sisa bahkan g dimkn sma sekali dan itu miris bangt jir ke g guna bngt,Negative,0,Negative,0,Negative,0.97920907,0.0014809795,0.019309962
2633,mahkotamu sedang di las king,Neutral,1,Neutral,1,Neutral,0.038651377,0.89264405,0.06870456
3333,yaa adanya dari petani-tengkulak-mbg kebanyakan mungkin gitu,Neutral,1,Neutral,1,Neutral,0.0484622,0.8622107,0.08932705
1387,"Nanggung 137, semuaaaa",Neutral,1,Neutral,1,Neutral,0.048314486,0.88795054,0.06373498
2237,jahat banget gila😭,Neutral,1,Neutral,0,Negative,0.9502734,0.0107902335,0.038936336
1444,Setuju KLO aku minimal 1m wajib dihukum mati biar para koruptor jera dgn hukuman mati,Negative,0,Negative,0,Negative,0.605945,0.007066091,0.38698894
182,Semoga Allah menggerakkan hati pemimpin Indonesia melihat nasib saudara setanah air Kami do Papua,Neutral,1,Neutral,1,Neutral,0.04573566,0.80823386,0.14603047
547,"Akses susah keuntungan dikit, semudah itu logikanya",Neutral,1,Neutral,1,Neutral,0.0509864,0.8817931,0.06722054
1362,Ceo mgb gatau ada demoh sudah buta teli ga pny nurani,Neutral,1,Neutral,0,Negative,0.9107455,0.06330287,0.025951674
3100,Ya lagi ngapa dikasi kesempatan untuk 1x harusnya gausa,Neutral,1,Neutral,1,Neutral,0.058497228,0.86295646,0.078546256
4255,"Terkait kebijakan ini, perlu transparansi anggaran yang jelas dan audit berkala agar program ini bisa dievaluasi dengan baik oleh publik.",Neutral,1,Neutral,1,Neutral,0.033467803,0.89199406,0.07453824
2384,"wkwk malah diafirmasi vt diatas😂. intinya orang"" tertentu kan ya, mana ada petani"" kecil😂",Neutral,1,Neutral,1,Neutral,0.045077495,0.88253033,0.07239217
3161,kaya gitu kok bnyk pendukungnya yaa,Neutral,1,Neutral,1,Neutral,0.043000393,0.8869711,0.07002854
425,Daerah yang jarang tersorot kamera padahal exploitasi manusia dan alam nya se sadis itu disana😢😢😢,Neutral,1,Neutral,0,Negative,0.9804355,0.0020257412,0.017538778
5237,ada orang dalem gak?????,Neutral,1,Neutral,1,Neutral,0.26063228,0.6491319,0.090235755
4357,"benar bohong semua itu benar cek ,tu ABNG itu bilang,mereka supplier yng banyak duit",Negative,0,Negative,0,Negative,0.9821196,0.0046262722,0.013254063
3003,"memperdayakan, pemilihan diksi yg tepat untuk saat ini.",Neutral,1,Neutral,1,Neutral,0.051210847,0.6844802,0.26430896
988,"Biadab memang pemerintah, hati nurani nya kemana, satu saja rakyat Indonesia mati karna kelaparan demi Alloh mereka akan menuntut di hadapan Alloh, kalian para penguasa pemerintah harus nya kalian merasa takut... Demi Alloh harus nya kalian takut...",Negative,0,Negative,0,Negative,0.9818724,0.0019393046,0.016188359
1413,"Saran nich , Sebaiknya T U T U P",Neutral,1,Neutral,1,Neutral,0.051210232,0.8567971,0.09199272
277,penjajah rakyat indonesia adalah pemerintah,Negative,0,Negative,0,Negative,0.98461056,0.0019374784,0.013451922
3230,"emang pada nakal bang saya kemarin magang di bengkel AC pasang ac di mbg sama bos tempat magang saya sudah di bilangin sama selaku yang megang mbg kabel buat AC di suruh pake kabel engkel atau kabel tembaga, terus malah di belikan kabel serabut apa ga goblok itu demi menghemat uang malah membahayakan sendiri",Negative,0,Negative,0,Negative,0.9826528,0.0016202324,0.015727047
5110,ya udah jual aja kayak biasa,Neutral,1,Neutral,1,Neutral,0.029532919,0.90493196,0.06553503
4467,"reallllll aku prdouksi tempee ditawarin ke dapur katanya kurang cocok sama harga mintanya murahhh ,terus ambil dipedaggang pasar bukan langsung dari produksinya malah an ,pedagagng pasarnya ngambil tempenya di akuuuu 😂 wwkwkk dari aku 3rb di bakul malah 4 rb malah ambil di pedaggangggg padahal juga udah ada nib sama sertifkat halalnya produksiku aku tawarin ke dapur zonkkk",Neutral,1,Neutral,0,Negative,0.9752719,0.007091729,0.017636396
3062,iihh enak mau lah kita di MBG in juga,Positive,2,Positive,2,Positive,0.0055245217,0.0017026037,0.9927729
4338,betol hanya orang terdekat doang,Neutral,1,Neutral,1,Neutral,0.089326516,0.84451115,0.06616226
1530,"iya...ank2 seneng banget. karbo, sayur, buah, protein, susu. makanan habis. utk laki2 kurang.",Positive,2,Positive,2,Positive,0.0070949974,0.00071173575,0.9921933
1585,"makanan bergizi gratis, letak gratisnya ya kalo anggaran pendidikan, kesehatan dll diefisienkan buat mbg. ditambah lagi banyak sistem ordal yang menjadikannya sebagai bisnis",Positive,2,Positive,1,Neutral,0.14161016,0.545636,0.31275392
2604,pasti lahan kebonnya punya bos MBG🤣,Neutral,1,Neutral,1,Neutral,0.06367192,0.8822705,0.05405758
4574,"yaa klo niat bnerr protes yaa,harus nya pake baju petani dan lgi bekerja,bukan dandan rapih Kya gtu,,skrng kan emng bnyak yg nyalahin"" pemerintah dengan stetmen yg tidak berdata dan dasar tanggu jawab terhadap stetmen nya tersebut,,buktinya kan anda dan yg lain nya jdi termakan asumsi vidio tersebut",Neutral,1,Neutral,1,Neutral,0.3636754,0.5736242,0.06270039
1926,nah ini kalo yang ngelola bener mah beuh🔥,Neutral,1,Neutral,1,Neutral,0.03535378,0.8465967,0.11804949
5260,"angger we NU beunghar beuki beunghar ,rakyat makin menderita",Negative,0,Negative,0,Negative,0.8296113,0.10302934,0.06735942
1600,"@SPPG KENONGO PONOROGO bikin ini min. bakwan sayur chef kumink juga min, pengen coba 🙏",Neutral,1,Neutral,1,Neutral,0.03227404,0.7616006,0.2061253
4826,susah milih yang bener amanah .,Positive,2,Positive,2,Positive,0.0077756587,0.0039906017,0.9882337
2270,alah KLO Lo jdi ketua bgn pun korupsi berat munafik le ngmng,Negative,0,Negative,0,Negative,0.9776472,0.0016527796,0.020699989
3996,"Jangan terima data aja, tapi cek data itu ke lapangan Apakah Data itu Fakta di lapangan?",Neutral,1,Neutral,1,Neutral,0.06899938,0.8759205,0.055080105
3222,"Menurut saya, semoga ada mekanisme pemilahan sampah organik dan kemasan sisa makanan yang terkelola dengan baik di sekolah.",Neutral,1,Neutral,1,Neutral,0.034502603,0.89186764,0.07362981
2079,kalau harga wajar sih tapi kalau petani selalu dengan alasan pasar lagi sepi sehingga harus di beli dengan harga murah kebanyakan begitu,Neutral,1,Neutral,1,Neutral,0.040807556,0.8934909,0.065701544
2229,kita kita cuma bisa turut mendo'akan brott🤣,Neutral,1,Neutral,1,Neutral,0.031154677,0.88850456,0.08034076
2155,"mkny sppg hrs pinter""rekrut chef yg profesional k disaya mlh menu ala Turki ala Korea ala Jepang juga kita hadirkan",Positive,2,Positive,1,Neutral,0.037810482,0.84833175,0.11385768
278,Saya sangat ikhlas jika mbg lebih diutamakan di daerah terpencil,Neutral,1,Neutral,1,Neutral,0.0710265,0.87011653,0.058856975
4247,omong kosong 😂,Negative,0,Negative,0,Negative,0.98083913,0.0021246548,0.017036246
2145,"kalo aku sih gak mau, enak aja. Mereka belinya murah, tp di laporan nilainya sudah di up.",Positive,2,Positive,2,Positive,0.005768207,0.0035923943,0.99063945
351,Awas ntar di sebut londo Ireng sama si boti,Neutral,1,Neutral,1,Neutral,0.10486989,0.79214865,0.1029814
2738,"Harus diakui, pengelolaan sampah sisa makanan harus dipikirkan agar tidak menimbulkan masalah lingkungan di sekolah.",Neutral,1,Neutral,1,Neutral,0.036524385,0.8829127,0.08056295
5438,"menu ya pada xpayer semua...
🤣🤣🤣🤣",Neutral,1,Neutral,1,Neutral,0.05608362,0.85380983,0.09010657
5552,koperasi apaan siiih😂GK harus anjir,Negative,0,Negative,1,Neutral,0.11526192,0.83645517,0.048282985
1707,"bg bg tyolloll kali
hasil tani emg jual ke agen dulu lah,
kalo langsung ke sppg daerah ga habis dong , gimana sihh",Neutral,1,Neutral,1,Neutral,0.04903274,0.8674588,0.08350853
2338,bener harusnya begitu tapi kopdesnya belum buka...sekali buka modelan indomaret🗿,Neutral,1,Neutral,1,Neutral,0.045838777,0.8873376,0.06682363
986,w a d o h p e m e r i n t a h n j a d i m a n a n i h ko k g a k m e r a t a lay a n a n k p d r a k y a t n j a 😂😂😂😂😂😂😮😮😮😮😮😅😅😅😅,Neutral,1,Neutral,1,Neutral,0.0472857,0.8682946,0.08441967
1446,"Menanggapi hal tersebut, program yang sangat bagus, patut diapresiasi dan didukung penuh oleh seluruh lapisan masyarakat.",Positive,2,Positive,2,Positive,0.0042253593,0.0011995309,0.994575
2519,"yah era sakit hati masih ada aja ya, kasihan banget capres nya gagal",Negative,0,Negative,0,Negative,0.9818572,0.001769829,0.016372897
7,Terimakasih mbg terimakasih Dadan cs karena mu kita tahu mbg lumbung korupsi,Negative,0,Negative,0,Negative,0.9646337,0.0015668297,0.03379956
1759,Contoh solusi tepatnya apa bang messi,Neutral,1,Neutral,1,Neutral,0.041238215,0.8872136,0.071548164
1194,Stop MBG & sahkan RUU Perampasan Aset Koruptor.,Negative,0,Negative,0,Negative,0.97575265,0.0014645546,0.022782799
589,"Ya mana Ada Untung nya kalau Di Situ, kyk Ga Tauu",Neutral,1,Neutral,1,Neutral,0.13914749,0.78928626,0.07156628
2944,"bwahaha aku juga supliyer frozen food, percaya saya yang bapak diatas maksud itu orang yang punya dapur lebih dari 1 yang lain ga gitu kok",Neutral,1,Neutral,1,Neutral,0.02951041,0.8485583,0.1219312
991,Brengsek sekali 😢,Negative,0,Negative,0,Negative,0.9736529,0.002394425,0.02395275
2356,dpt pesangon berapa sampe brani membela 😂,Neutral,1,Neutral,1,Neutral,0.046789195,0.8691382,0.08407267
2111,kasian petani kecil gak punya koneksi😭😭😭,Neutral,1,Neutral,0,Negative,0.97615755,0.008511367,0.015331095
2589,Pemborosan anggaran negara untuk program yang perencanaannya masih banyak celah dan masalah operasional.,Negative,0,Negative,0,Negative,0.978788,0.0014474357,0.019764485
68,"Yg nonton pemilik dapur, pekerja dan sebagian kecil penyedia stok",Neutral,1,Neutral,1,Neutral,0.034949016,0.8967325,0.06831851
2196,"ortu gua pedagang di pasar. pernah dapat kasus gini. PNS beli buku tulis harganya minta di tulis nota di naikin tp bapak gua gk mau, ada juga yg minta nota kosong tp bapak gua tolak. akhirnya belanjaan yg banyak gk di jadi di bayar. awalnya gua kesel tapi kata bapak gua dia gk mau ngasih makan anak""nya pakai duit haram nnt anaknya gk berkah hidupnya. ternyata dagang gk cuman nyari untung doang 🥺",Neutral,1,Neutral,0,Negative,0.97442067,0.006237541,0.019341778
5408,kok bersih amat mas,Neutral,1,Neutral,1,Neutral,0.0418948,0.8444992,0.113605976
2048,kasi spesifik dong harga tanam trus harga jual di bawah normal.. saya orng pasar kebetulan juga seneng main sawah,Positive,2,Positive,2,Positive,0.005462844,0.0013481764,0.993189
3708,"mbg d tempat ku.
menunya telor kro gk di steam y di semur
ayam kalo gk goreng y d semur
tahu tempe ya kalo gk di goreng y d bacem
sayur nya kacang wortel, buncis jagung, jagung muda wortel, pepaya tumis. itu trus muter"" tiap hari",Neutral,1,Neutral,1,Neutral,0.043996878,0.8826931,0.07330996
3428,"ya emg bangun mbg g ada laporan ke elite mbg? pastilah ada, ladang duit cuyyt",Neutral,1,Neutral,0,Negative,0.97086966,0.01311311,0.016017303
455,Nah klo untuk daerah ini ( papua ) mbg nya saya setuju skl,Positive,2,Positive,2,Positive,0.0057636118,0.00097145076,0.9932649
5345,"Dari sudut pandang masyarakat, pengawasan terhadap vendor katering harus diperketat agar spesifikasi menu sesuai dengan perjanjian awal.",Neutral,1,Neutral,1,Neutral,0.03943611,0.88399315,0.07657071
1873,tergantung juga yaaa😭😭😭,Neutral,1,Neutral,1,Neutral,0.038988557,0.86410546,0.096906036
2552,pak Wowo suka buka coment ga sih,Positive,2,Positive,2,Positive,0.014191489,0.26589927,0.71990925
3252,"temen gua sekarang udah kebeli mobil, dia jadi penyuply bahan pokok di mbg, karena kaka dari apanya yg punya dapur mbg",Neutral,1,Neutral,1,Neutral,0.03243684,0.68585575,0.28170744
2618,"sini sini deh kak, aku mau nanya..
program pak Prabowo itu bagus.. tapi ingat.. yang mengendalikan nya bukan Prabowo doang.. ada orang lain juga.. dan ada juga yang menghancur kan program itu tanpa Prabowo tau.. dan maaf ya ini tahun baru Islam.. kalau kamu mengata ngatakan orang dosan kamu itu besar banget.. bersyukur tinggal di Indonesia... percuma juga di luar negeri gaji besar. ingat biaya hidup mereka juga mahal.. tuh tanya orang china, tanya orang jepang.. mereka juga sengsara.. bukan kita doang.. mereka stres ngurus ini itu.. mereka juga tercekik karena biaya hidup mereka lebih besar dibandingkan kebutuhan hidup di Indonesia. ini fakta yang sebenarnya.. aku tidak bohong.. karena ini tahun baru umat Islam.. jadi nggak bisa berbohong..",Negative,0,Negative,2,Positive,0.2713911,0.0072025764,0.72140634
1720,pengen banget sekolah kalo mbg nyaa Abang ini yang masak,Neutral,1,Neutral,1,Neutral,0.019432731,0.82293767,0.15762962
977,"Pemerintah sialan, yg beneran butuh malah gk dapat, SIALAN!!!!",Negative,0,Negative,0,Negative,0.9759681,0.0058449586,0.018187024
196,Yayasan MBG (kroni2 partai elit) mana ada yg mau kelola SPPG di luar Jawa. Makanya jumlah SPPG ga rata di tiap pulau per anak2 yg membutuhkan. 😅,Negative,0,Negative,0,Negative,0.9815538,0.0017476788,0.016698558
5270,"MBG harusnya kasih ke warung2 nasi lokal yang ada di lokasi teesebut jadi bisa mengghidupi warga sekitar, jangan di kasih ke pengusaha2, MBG hanya memberi kesejahteraan pada pengusaha, mereka sewa tempat sajah 100 jutaan/ tahun, coba kalau di kasih ke warung2 nasi setempat, kearipan lokal bisa hidup @Prabowo @PRESIDEN PRABOWO @PRABOWO SUBIANTO",Neutral,1,Neutral,2,Positive,0.015141876,0.07390072,0.91095746
1234,"tolong kalau buat berita bukan rencana demo, tapi factualnya demo itu sendiri dan real video demo nya ya",Neutral,1,Neutral,1,Neutral,0.033049025,0.8945778,0.07237321
974,Mngkin tlku OPM 😂,Neutral,1,Neutral,1,Neutral,0.04610088,0.8511166,0.10278257
5205,klo di indonesia punya ORDAL apapun bisa dan punya duit,Neutral,1,Neutral,1,Neutral,0.038642347,0.9111918,0.050165758
3180,balita di posyandu saya mbgnya selalu pedes.padahal buat anak di bawah 3 tahun,Neutral,1,Neutral,1,Neutral,0.032942757,0.8672956,0.09976167
456,Kalau ke Papua untung dikit dong ..gak bisa mark up harga tinggi²,Negative,0,Negative,0,Negative,0.97406614,0.002869093,0.023064869
4923,@Teddy Indra Wijaya HQ coba di cek pak,Neutral,1,Neutral,1,Neutral,0.028084029,0.8995013,0.072414674
2162,"awowkowk, tar para pendukungnya nangis nangis lagi pake lagu dawai ya kaa",Negative,0,Negative,1,Neutral,0.04846119,0.9087833,0.042755444
4401,dapurnya aja belanja dipasar,Neutral,1,Neutral,1,Neutral,0.04327913,0.86762714,0.08909369
2979,"bukan banyakin koneksi, si abangnya memang bukan petani hanya bikin video di kebun orang seakan akan dia yang punya blok",Neutral,1,Neutral,1,Neutral,0.056418143,0.89730936,0.046272483
4770,"Tentu saja, perlu ada survei berkala kepada para guru dan siswa untuk mengetahui respon dan efektivitas menu MBG.",Neutral,1,Neutral,1,Neutral,0.041161295,0.8922091,0.06662962
4541,"katanya petani jadi makmur setelah ada mbg? sayurnya abis terus, dibayar kontan terus?",Neutral,1,Neutral,0,Negative,0.5081551,0.4272579,0.06458699
3947,Jgn lngsung di publik itu rahasia para pejabat 😂😂😂,Neutral,1,Neutral,1,Neutral,0.10476366,0.8458767,0.049359694
884,Tak rela aku...kenapa mbg banyak di kota besar...Kalau mau bener berguna seharusnya ke daerah terpencil dengan indeks angka stunting yang tinggi dahulu... Gimana caranya supaya angka stunting turun di daerah itu,Neutral,1,Neutral,2,Positive,0.08908752,0.38865656,0.5222559
1049,PEMERINTAH BUTA MAP😂😂😂,Neutral,1,Neutral,1,Neutral,0.030979872,0.9000434,0.06897671
78,"gini, kan petingginya rata rata TNI ya? MBG nya dibuat ramsum aja lah bre🗿",Neutral,1,Neutral,1,Neutral,0.04588827,0.871624,0.08248774
325,"Dari sudut pandang masyarakat, menu makanan yang diberikan terasa monoton dan kurang segar, sehingga banyak makanan yang akhirnya terbuang sia-sia.",Negative,0,Negative,0,Negative,0.98679304,0.001982017,0.011224951
3711,Perlu ada survei berkala kepada para guru dan siswa untuk mengetahui respon dan efektivitas menu MBG.,Neutral,1,Neutral,1,Neutral,0.05713842,0.8904259,0.05243572
4581,"Menanggapi hal tersebut, semoga proses pengadaan barang dan jasa untuk program MBG ini bisa dipantau secara terbuka oleh publik.",Neutral,1,Neutral,1,Neutral,0.041599862,0.8938082,0.06459195
2521,kyk dia bakal panjang umur aja,Neutral,1,Neutral,1,Neutral,0.043364834,0.86916316,0.08747201
4258,"intinya apapun di negara ini, tidak semua punya kesempatan yg sama. Tuntutan harus cari relasi, dan relasi itu lah yg memperpanjang budaya kkn di negara ini.",Neutral,1,Neutral,0,Negative,0.9213748,0.046159074,0.032466147
3949,kalau kaya gitu korupsi gk sih🤣,Negative,0,Negative,0,Negative,0.9803996,0.0016813026,0.017919043
2890,"asli keren lu bang, semoga usahanya lancar dan berkah",Positive,2,Positive,2,Positive,0.0044598226,0.00080879993,0.9947314
5480,buat satgas review kinerja pemerintah dilapangan,Neutral,1,Neutral,1,Neutral,0.083097674,0.8542763,0.06262596
5120,@gerindra gmna min?,Neutral,1,Neutral,1,Neutral,0.04329599,0.8778125,0.07889152
3405,tuuu kn g adil,Neutral,1,Neutral,1,Neutral,0.43789902,0.50882155,0.053279433
2852,betul sampe di tempt ku di garut harga sawi ga ngotak masa satu sawah cuman dapet duit 3 ratus rebu atau 2 ratus rebu doang.sampe bingung mau jual ke siapa saking murahnya harga sayur pdhl di tmpatku bnyk bangunan MBG,Neutral,1,Neutral,0,Negative,0.7802788,0.177119,0.04260223
4143,"bener banget, dari dan untuk teman bos saja ini",Neutral,1,Neutral,1,Neutral,0.048453663,0.877588,0.07395844
4788,"Menanggapi hal tersebut, bagaimana tindak lanjut pemerintah jika ada sekolah yang belum terjangkau fasilitas pendukung distribusi makanan?",Neutral,1,Neutral,1,Neutral,0.038842082,0.8897439,0.071414
3758,"Saya sebenarnya gak mau like, tapi kalau fakta gak bisa nolak, biar dilarang 😁😁😁",Neutral,1,Neutral,1,Neutral,0.042433288,0.8769738,0.08059288
1176,Apalavi kalau uangnya di berukan kepada mamanya Betapa bahagia Dan ekonomi bergerak Karena masyarakat ada uang,Positive,2,Positive,2,Positive,0.0057287393,0.0008728835,0.9933984
157,Terima kasih BBC ini contoh berita yang baik Mendidik Dan memberi anjuran pada semua orang termasuk pemerintah terima kasih pada Jurnalisme ini,Positive,2,Positive,2,Positive,0.007687745,0.0008215757,0.99149066
5356,hanya bi Sherly dan pak kdm yang berani turun lapangan langsung🥺,Neutral,1,Neutral,1,Neutral,0.021988535,0.8205979,0.1574136
599,YA KARENA GA ADA MAFIANYA DISANA WKWKW,Neutral,1,Neutral,1,Neutral,0.34447008,0.5805996,0.07493032
5461,"Harus diakui, pihak dinas terkait harus rutin melakukan uji sampel makanan secara acak di berbagai sekolah.",Neutral,1,Neutral,1,Neutral,0.046236865,0.8650191,0.088744
1374,Hancur gara gara Jokowi dan prabowo,Negative,0,Negative,0,Negative,0.97357553,0.0021138664,0.024310568
4836,"Menurut saya, perlu dipertimbangkan variasi buah-buahan lokal yang mudah diperoleh dan kaya akan vitamin.",Neutral,1,Neutral,1,Neutral,0.046734754,0.8986815,0.05458366
2928,"kawanku pernah nyuplai ikan filet, ambil untung 1rb per kg tapi nota lebih dari 6rb, melewati 3 tahap/orang.
yg kerja kalah banyak untungnya sama yg di lewati.
dan akhirnya nggak mau lagi nyuplai",Neutral,1,Neutral,1,Neutral,0.07442222,0.84616035,0.0794174
3438,"andaikan semua sppg bisa begini, sy peecaya tdk akan ada mbg yg dibuang,,",Neutral,1,Neutral,0,Negative,0.9368551,0.041257117,0.021887753
406,Betul banget harusnya papua atau daerah terpencil itu ada mbg yg betul-betul penuh nutrisi,Neutral,1,Neutral,1,Neutral,0.029073916,0.81202924,0.1588968
3813,Izin tag @gerindra,Neutral,1,Neutral,1,Neutral,0.038467355,0.9013131,0.060219564
1306,"Bener ... sebegitu haruskah ada MBG itu yg seharusnya DPR (kalo itu memang ""Wakil Rakyat"") tegaskan ke wowo + pejabatnya Tapi kalo yg disebut DPR itu ternyata juga mafia politik yaaa ndk tau juga Sama 1 lagi koperasi desanya wowo yg habiskan dana yg ndk begitu penting + tujuannya ndk jelas di tengah ekonomi masyarakat yg amburadul Pemilu kemarin aku ndk milih si wowo ndk ngefek soalny masih banyak yg kena prank akhirnya kerasa kan sekarang ... nasib nasib 🤬😡",Negative,0,Negative,0,Negative,0.9769768,0.0015724973,0.021450656
4773,"maaf bng, berarti itu yang salah mbg di daerah abgnya, di tempat saya sini bisa ko bng, tanpa kaya dan mengeluarkan uang",Neutral,1,Neutral,1,Neutral,0.050737675,0.8636368,0.085625485
920,"Prabowo bikin MBG cuma buat formalitas saja ke masyarakat, program itu sesunggunya untuk bagi-bagi keu timsesnya",Neutral,1,Neutral,1,Neutral,0.07938332,0.8590423,0.061574355
1536,Yang Penting Dapur MBG Amanah...Bekerja Dengan Hati Dan Ikhlas...Gajiannya Doble...Dunia Dan Akhirat,Positive,2,Positive,2,Positive,0.0052024988,0.0013945389,0.993403
335,"sangat setuju jika peruntukan MBG di lokasi seperti ini, namun bukan berarti di daerah lain juga tidak penting. hanya saja pemerintah harus lebih memperketat dan lebih membperbaiki izin di tempat lain. jangan sampai di samaratakan yang kaya dan yang miskin. perlu kerja keras lagi untuk program MBG kedepannya agar lebih selektif. Semoga indonesia makmur, aman, dan adil dari segi apapun untuk masyarakatnya. semoga gaji guru lebih di perhatikan, pendidikan di gratiskan, dan juga kesehatannya di gratiskan, lowongan pekerjaan di perluas. Aamiin",Positive,2,Positive,2,Positive,0.0066676773,0.0051791943,0.98815316
1582,Belum mark-upnya lagi 😂,Negative,0,Negative,0,Negative,0.98258406,0.0015172887,0.015898565
966,complainnnnnnnnnnnnn ajah terus.pusing gue liat berita beginian. udah di bikin mbg. di bilang korupsi. sekarang ribut daerah terpencil nga ada. MAU NYA APA SIKH?????????????????,Negative,0,Negative,0,Negative,0.9793871,0.0015566843,0.019056259
1532,"yaa benar sekali nilai kejujuran sangat lah mahal sekali, baik dari siswa dan petugas MBG",Positive,2,Positive,2,Positive,0.032534417,0.12722003,0.84024554
2057,mending kamu ganti pola pikir nya aja🥰,Neutral,1,Neutral,1,Neutral,0.028769188,0.8648083,0.10642248
1624,MBG yg di dapat anak saya... mantab kan...🤣,Positive,2,Positive,2,Positive,0.004826406,0.0019636683,0.9932099
219,Ya Allah... sampe nangis nontonnya 😢,Negative,0,Negative,1,Neutral,0.2536966,0.52451766,0.22178577
1700,"setelah MBG berhenti, hrg di pasar relatif murah",Neutral,1,Neutral,1,Neutral,0.12381934,0.8381417,0.038038947
110,"""Tertinggal, tersiksa, terlupakan, pokoknya T-nya terlalu banyak di sini."" 😭",Neutral,1,Neutral,0,Negative,0.9625967,0.011113909,0.026289385
4491,"Semua yg benar sudah di kemukakan,",Neutral,1,Neutral,1,Neutral,0.0237263,0.9075072,0.068766475
1432,Sama juga org yg mengisi pemerintahan kita sangat sedikit akademisi yg kebijakannya itu penuh analisis kebanyakan pakai keyakinan dan asumsi sendiri contoh MBG gua setuju akan hal ini tapi jika di sebarkan secara massal patut dipertanyakan esensinya soalnya kendala di semua daerah GK selalu makanan Dan harusnya persebarannya fokus ke tempat atau daerah yg ekonomi rendah,Positive,2,Positive,2,Positive,0.013890546,0.0020451152,0.98406434
3624,betul sekali 👍👍👍👍 mending hentikan mbg,Negative,0,Negative,0,Negative,0.97704077,0.00592645,0.017032767
1848,"Secara keseluruhan, hebat, program ini menunjukkan kepedulian besar negara terhadap generasi penerus bangsa.",Positive,2,Positive,2,Positive,0.0049854578,0.0008636167,0.99415094
3931,"emang susah ,penjual tempe seperti saudara saya saja sekalinya minta harus mendadak",Neutral,1,Neutral,1,Neutral,0.031818975,0.90071553,0.06746549
910,"makanya aku ga percaya kata2 pak Pres klo dia cuma mau ngasih makan anak Indonesia, krna anak2 yg gizinya terganggu smpe stunting kebanyakan dari orng2 yg miskin ekstrem, atau anak2 yg yatim piatu yg ga terurus keluarganya, sehingga putus sekolah, anak2 yg putus sekolah kan otomatis ga bisa dapet MBG dan fakta bahwa dia ga prioritaskan daerah2 3T anak anak2 ini membuat statement presiden dia cuma mau ngasih makan anak2 itu jdi bullshxt",Neutral,1,Neutral,0,Negative,0.9595207,0.017707322,0.022771994
3730,"bisa gk sip yg masak di dapur mbg itu Yg bener"" Chef bukan cmn tukang masak doang",Neutral,1,Neutral,1,Neutral,0.03622825,0.8953752,0.0683966
4805,Memang benar bahwa sebaiknya menu makanan disesuaikan dengan kearifan lokal dan hasil bumi di masing-masing daerah.,Neutral,1,Neutral,1,Neutral,0.03201706,0.9034996,0.064483285
5507,"Melihat fakta di lapangan, sebaiknya menu makanan disesuaikan dengan kearifan lokal dan hasil bumi di masing-masing daerah.",Neutral,1,Neutral,1,Neutral,0.031680178,0.909207,0.059112784
5551,dengerin petani2 langsung,Neutral,1,Neutral,1,Neutral,0.034878705,0.80795676,0.15716451
4447,"Menanggapi hal tersebut, perlu audit forensik terhadap anggaran pengadaan makanan MBG agar tidak ada manipulasi data penerima.",Negative,0,Negative,0,Negative,0.98267543,0.0021462324,0.015178373
604,Kalo ada super Hero khusus buat kaum kulit hitam mengatasi masalah mereka selama puluhan tahun saya yakin mereka senang,Positive,2,Positive,2,Positive,0.00671218,0.0008550764,0.9924327
2103,program yg sangat nguntngkan pejabat,Neutral,1,Neutral,1,Neutral,0.029996816,0.87861025,0.09139291
3709,"ag aku ribet, persaos2an atau kuah2 gaboleh nyatu sama ompreng harus dibungkus plastik😭 bayangin 2500 bungkusin saos/kuah",Neutral,1,Neutral,1,Neutral,0.03613841,0.88361704,0.08024444
4607,besok2 kalau ada pemilu atau pilkada jgn lupa datang. nyoblos. kalau gk datang nyoblos kasian tu pejabat gk bisa kaya,Neutral,1,Neutral,1,Neutral,0.04096618,0.9037452,0.055288605
1118,Ya karena ada londo ireng yg suka pidato,Positive,2,Positive,2,Positive,0.008764202,0.05840423,0.9328315
5259,"Harus diakui, penting untuk memastikan sanitasi peralatan makan dan tempat penyajian selalu dalam kondisi bersih dan steril.",Neutral,1,Neutral,1,Neutral,0.027470574,0.9073351,0.06519439
3126,"inilah kenapa ekonomi nya nggk bisa muter, orang rakyat kecil aja nggk dilibatkan kok",Neutral,1,Neutral,1,Neutral,0.029298529,0.9119517,0.058749784
344,"Di tempat tinggal saya, jawa barat... paling banyak SPPGnya... makanan dibagiin ke orang kayah.... dipaksa nerima malah",Neutral,1,Neutral,1,Neutral,0.030782323,0.9070751,0.06214256
3960,"Memang benar bahwa mantap sekali program MBG ini, anak-anak jadi lebih semangat berangkat ke sekolah setiap hari.",Positive,2,Positive,2,Positive,0.0049215136,0.00078447734,0.994294
4968,SAY IT LOUDERRR YANG KAYA MAKIN KAYA YANG MISKISN MAKIN MISKIN,Neutral,1,Neutral,1,Neutral,0.03451215,0.92543924,0.040048633
3487,tapi kok bs ekonomi kita naik berkat mbg? sementara di lapangan bener2 jauh berbeda. mereka pakai data dari mana sih?,Neutral,1,Neutral,1,Neutral,0.052661203,0.7906717,0.15666708
2114,FAKTAA BGT WAKKK,Neutral,1,Neutral,1,Neutral,0.02560701,0.91224694,0.06214612
4268,"nyg ngejalanin MBG kan tni polri , jadi yg tahu tahu aja, Artikulasinya harus benar",Neutral,1,Neutral,1,Neutral,0.046064988,0.86881995,0.08511505
2914,Sepakat bgt jirr,Neutral,1,Neutral,1,Neutral,0.03476831,0.89325625,0.07197536
4754,"Melihat fakta di lapangan, jangan sampai anak-anak menjadi korban kelalaian pihak katering yang menyajikan makanan tidak higienis.",Negative,0,Negative,0,Negative,0.9780418,0.0015059944,0.020452172
3827,"Secara keseluruhan, pemerintah perlu menjelaskan secara komprehensif indikator keberhasilan dari pelaksanaan program MBG ini.",Neutral,1,Neutral,1,Neutral,0.02694782,0.91419363,0.058858544
4354,Tolong perhatikan aspek logistik untuk pengiriman makanan ke sekolah-sekolah yang berada di wilayah terpencil.,Neutral,1,Neutral,1,Neutral,0.02436152,0.91288215,0.06275632
1521,Indonesia sarang maling 😂,Negative,0,Negative,0,Negative,0.979539,0.0015485126,0.018912558
3581,aduh ngeri banget Mark up nya gak kira2,Negative,0,Negative,0,Negative,0.973914,0.001992966,0.024093017
4818,Apakah ada penyesuaian menu khusus untuk siswa-siswi yang memiliki riwayat alergi makanan tertentu?,Neutral,1,Neutral,1,Neutral,0.048179727,0.8591447,0.09267562
2627,"Menanggapi hal tersebut, melihat senyum anak-anak saat makan siang bersama di sekolah menjadi bukti keberhasilan program ini.",Positive,2,Positive,2,Positive,0.0052301767,0.0007860224,0.9939838
214,"Bener2 dosanya pada ga takut😢 semoga tuhan yang bantu selalu teman2 di sana, biar jg nanti tuhan yg balaskan org2 yg mendzalimi kalian🤲🏻🤲🏻",Negative,0,Negative,0,Negative,0.9021803,0.06434727,0.03347236
1025,Semua sama aja bukan cuma Prabowo doank.,Neutral,1,Neutral,1,Neutral,0.17521276,0.73094386,0.09384338
3576,"chef, bnr gak bulan depan libur 1bln full?",Neutral,1,Neutral,1,Neutral,0.029757049,0.88452584,0.085717045
5383,"Dari sudut pandang masyarakat, diharapkan ada saluran pengaduan resmi jika pihak sekolah menemukan kendala terkait kualitas makanan MBG.",Neutral,1,Neutral,1,Neutral,0.029322851,0.8988856,0.07179149
4774,"gak ada mbg juga masih banyak yang butuh hasil pertanian, tenang aja🤣",Neutral,1,Neutral,1,Neutral,0.038339693,0.8446803,0.11698007
3282,Perlu edukasi gizi yang menyertai pembagian makanan agar siswa memahami pentingnya pola makan sehat.,Neutral,1,Neutral,1,Neutral,0.02553949,0.9094652,0.064995304
818,Jangan berharap pemerintah akan bersikap baik sama Papua. Yg dibutuhkan pemerintah dari papua hanya tanah sumber daya alamnya.,Neutral,1,Neutral,1,Neutral,0.019698905,0.7729365,0.20736465
4655,@gerindra pakk sesekali liat lah pak😭,Neutral,1,Neutral,1,Neutral,0.05588244,0.883938,0.060179513
664,Sakit hati banget liatnya duit triliunan dihambur2 in,Neutral,1,Neutral,0,Negative,0.9758958,0.004779227,0.019325044
1715,iya karna kulitnya mngabdung antioksidan baik untuk tubuh. bukan dimakan tapi dijadiin kaldu,Neutral,1,Neutral,2,Positive,0.008201221,0.0020159578,0.98978275
2161,"kan katanya emng jangan salahin prabowo kak, dia gatau apa apa🙏🏻 nnti banyak yg sedih kalo prabowo lagi lagi disalahin",Negative,0,Negative,0,Negative,0.89568293,0.0344941,0.06982301
4794,bukannya mensejahterahkan rakyat/umkm tpi seolah2 kyk mlumpuhkann,Neutral,1,Neutral,1,Neutral,0.025149945,0.9161335,0.058716588
1565,Yang nyinyir mbg unjuk gigi tongos,Neutral,1,Neutral,0,Negative,0.91203046,0.05226945,0.035700146
3188,"pindah ke kota aku chief, biar sekali2 menu mbg bervariasi n pasti bergizi, g asal buat menu 😁🙏",Positive,2,Positive,2,Positive,0.0021990652,0.0015092485,0.99629176
1155,"karena MBG itu program cari duit, bukan program stunting",Neutral,1,Neutral,1,Neutral,0.084422395,0.84090865,0.074668944
5002,MBG hanya menguntungkan pebisnis,Neutral,1,Neutral,1,Neutral,0.08492505,0.86033785,0.054737143
1892,KPK : akh masih dalam hal wajar ini mah,Neutral,1,Neutral,1,Neutral,0.043224905,0.88539314,0.071381964
5352,"Menanggapi hal tersebut, perlu evaluasi berkala mengenai penerimaan rasa dan porsi makan siang yang diberikan kepada para siswa.",Neutral,1,Neutral,1,Neutral,0.075335145,0.86895823,0.05570667
5281,Penjadwalan waktu makan siang di sekolah sebaiknya disesuaikan dengan jam istirahat agar tidak mengganggu jam belajar.,Neutral,1,Neutral,1,Neutral,0.026612205,0.9068983,0.0664895
4026,"Dari sudut pandang masyarakat, semoga ada mekanisme pemilahan sampah organik dan kemasan sisa makanan yang terkelola dengan baik di sekolah.",Neutral,1,Neutral,1,Neutral,0.024520036,0.9158512,0.059628744
4067,Terima kasih pak sudah jujur dan menjadi bukti bahwa suara anda sangat diperlukan di negara ini 🤣🤣🤣,Positive,2,Positive,2,Positive,0.0044371285,0.0011446909,0.99441814
1507,MBG Merampok Bersama Golllllllll,Neutral,1,Neutral,0,Negative,0.7229319,0.19651335,0.08055473
5327,jangan berbisnis dgn pemerintah,Neutral,1,Neutral,1,Neutral,0.16764078,0.75189346,0.080465816
3993,mbg hanya ajang korupsi,Negative,0,Negative,0,Negative,0.9775155,0.0019001794,0.020584285
4117,nggak nyogok nggak dapet bolo,Neutral,1,Neutral,0,Negative,0.96348673,0.0110536795,0.02545959
1922,"di sekolah tempat aku kerja, muali juli tahun ini sumpah g selera banget makan, makin ke sini makin ke sono hampir setiap hr telor bumbu kuning, atau ayam bagian sayap di kasih saos tiram gitu daah.",Neutral,1,Neutral,1,Neutral,0.02924482,0.7933121,0.17744315
3213,"udah di jelaskan loh sama bapaknya itu,,gimana sih 🤭",Neutral,1,Neutral,1,Neutral,0.04809145,0.86927724,0.082631335
4810,@gerindra dimonitor donk pak,Neutral,1,Neutral,1,Neutral,0.042132758,0.8823913,0.075476035
5090,"Terkait kebijakan ini, bagaimana mekanisme pengawasan distribusi makanan agar selalu tepat waktu sampai ke masing-masing sekolah?",Neutral,1,Neutral,1,Neutral,0.0375271,0.89612967,0.06634317
5451,"betul saya toko biasa masuk nawari ssusu & minyak ternyata , sudah beli 1 trukk , hadeh",Neutral,1,Neutral,1,Neutral,0.04925462,0.85269994,0.09804543
4623,"biar petani ladangnya luas bro, klo sekedar jaket msh bisa beli",Neutral,1,Neutral,1,Neutral,0.04301887,0.8740953,0.08288583
959,MBG 70% untuk Dadan Cs,Neutral,1,Neutral,1,Neutral,0.043039344,0.8791142,0.07784653
1839,"""mah ad smp""",Neutral,1,Neutral,1,Neutral,0.037002385,0.88394165,0.07905597
3211,nah ini udah muncul contohnya😹,Neutral,1,Neutral,1,Neutral,0.0570213,0.86179656,0.0811822
4284,"Harus diakui, pengawasan terhadap vendor katering harus diperketat agar spesifikasi menu sesuai dengan perjanjian awal.",Neutral,1,Neutral,1,Neutral,0.03529015,0.8891464,0.075563446
4825,Memang benar bahwa semoga ada mekanisme pemilahan sampah organik dan kemasan sisa makanan yang terkelola dengan baik di sekolah.,Neutral,1,Neutral,1,Neutral,0.028032549,0.915827,0.056140494
1168,indonesia bubar 2030,Neutral,1,Neutral,1,Neutral,0.12560841,0.76089627,0.1134953
5128,bantuin up min🙏 @gerindra,Neutral,1,Neutral,1,Neutral,0.026321713,0.91056496,0.0631133
1820,harian rasa borongan🗿,Neutral,1,Neutral,1,Neutral,0.054378245,0.86890256,0.0767191
973,TERBUKTI BAHWA PEMERINTAHAN SAAT INI GAGAL!!!,Negative,0,Negative,0,Negative,0.97693425,0.0020382223,0.02102746
2948,emang ini program siapa,Neutral,1,Neutral,1,Neutral,0.08947646,0.83411765,0.07640579
2771,"emng akn d proses, yg ada akn d intimidasi wong cuma rakyt cilik",Neutral,1,Neutral,1,Neutral,0.033673532,0.88098466,0.08534188
1493,Perlu ada petugas khusus yang bertanggung jawab memeriksa kelayakan makanan sebelum dibagikan ke siswa.,Neutral,1,Neutral,1,Neutral,0.048719652,0.90479827,0.046482056
1683,saos padangnya nggak pakai telur chef?,Neutral,1,Neutral,1,Neutral,0.03520093,0.8975582,0.06724087
179,"Secara keseluruhan, semoga proses pengadaan barang dan jasa untuk program MBG ini bisa dipantau secara terbuka oleh publik.",Neutral,1,Neutral,1,Neutral,0.035336237,0.88857025,0.07609352
5020,lanjutkan bang bongkar mbg,Positive,2,Positive,2,Positive,0.010209982,0.002415236,0.9873748
2954,"presiden berhak/punya wewenang untuk menyetop jika ada penyelewengan, tapi apa yg di lakukan? TETEP NGEYEL",Neutral,1,Neutral,0,Negative,0.9818604,0.0014505032,0.016689096
679,"Kan tujuannya bukan mencegah stunting, tp memperkaya diri sendiri 😂",Neutral,1,Neutral,1,Neutral,0.13343948,0.79426414,0.07229641
3698,"mbg di kampungku menu nya kalo ga ayam tempe telur tahu, ikan blm pernah dapet. daging sesekali doang 😂",Neutral,1,Neutral,1,Neutral,0.042138197,0.88381743,0.074044324
4172,@gerindra bilang ama Bapak yaaa,Neutral,1,Neutral,1,Neutral,0.04344038,0.8635984,0.09296128
2559,"Harus diakui, diharapkan ada saluran pengaduan resmi jika pihak sekolah menemukan kendala terkait kualitas makanan MBG.",Neutral,1,Neutral,1,Neutral,0.0233693,0.913115,0.063515656
3159,"Tentu saja, perlu ada survei berkala kepada para guru dan siswa untuk mengetahui respon dan efektivitas menu MBG.",Neutral,1,Neutral,1,Neutral,0.041161276,0.8922092,0.066629544
2838,"oh, apa yg bisa mewakili itu rombongan berkostum dgn membawa spanduk yg datang ke jakarta, yg terlihat terorganisir dan ngaku sbg petani yg mendukung wowo itu ya...?",Positive,2,Positive,2,Positive,0.006539656,0.021397999,0.9720623
3406,semoga ganti presiden secepatnya,Neutral,1,Neutral,1,Neutral,0.04283179,0.9035651,0.05360309
4524,Bagaimana skema pendanaan jangka panjang agar program ini tetap stabil tanpa membebani sektor lain?,Neutral,1,Neutral,1,Neutral,0.041569944,0.91047573,0.047954336
665,sebarkan pada seluruh dunia,Neutral,1,Neutral,1,Neutral,0.037931655,0.86063284,0.10143552
632,"pejabat malu harusnya kalau masih ada warga negaranya yang masih seperti ini. malah sibuk koleksi lamborginilah,nimbun emaslah,beli pulaulah,flexing seanak istrilah,malu malu malu.punya kuasa buat nolong tapi malah disia siakan",Negative,0,Negative,0,Negative,0.97412485,0.0035440323,0.022331135
1544,"makan biasa kan pakai sendok,,,,",Neutral,1,Neutral,1,Neutral,0.051923547,0.8462134,0.10186307
4957,"Harus diakui, semoga ada mekanisme pemilahan sampah organik dan kemasan sisa makanan yang terkelola dengan baik di sekolah.",Neutral,1,Neutral,1,Neutral,0.03234674,0.9110632,0.056590136
537,"Jawa Barat Jawa Tengah dan Jtim itu lumbung suara pemilu, pasti juga banyak kroni yg tumbuh subur disana",Negative,0,Negative,0,Negative,0.9801691,0.0018344593,0.017996384
4245,"Terkait kebijakan ini, semoga ada mekanisme pemilahan sampah organik dan kemasan sisa makanan yang terkelola dengan baik di sekolah.",Neutral,1,Neutral,1,Neutral,0.029249432,0.905582,0.06516857
4007,"Gw di KUD salah satu MBG, semua bahan yang dibutuhin MBG itu gw yang sediain, dan gw selalu nyari ke petani lokal dulu, semua yang bisa gw dapet dari petani lokal, gw beli dari petani lokal. Yang ga ada di petani lokal baru gw cari keluar. Nah, jadi yang salah itu bukan program nya, tapi orang nya. Btw, video nya vibes 2010 banget😭",Neutral,1,Neutral,1,Neutral,0.03768322,0.833262,0.12905475
4619,dia petani bang dan mungkin juga lebih kaya dari lu,Neutral,1,Neutral,1,Neutral,0.07086056,0.8142821,0.11485739
1380,"Bisa dihentikan ,TPI ya GK gampang,KRNA yg untung itu para pejabat,para penjilat,mustahil dihentikan KRNA mbg uang berlimpah bagi para pejabat",Negative,0,Negative,0,Negative,0.97990966,0.0028329552,0.017257383
2712,"iye presidennya engga tau2 apa2 , taunya cuma main sama kucingnya 😔",Neutral,1,Neutral,1,Neutral,0.041295968,0.87581867,0.08288533
155,sok2an bela palestina. nih senegara blom diperhatikan. kalau smua fokus ke dalam negeri. pasti maju negara ini,Neutral,1,Neutral,2,Positive,0.0069098375,0.012439462,0.9806507
4764,Ayoooo bang kesini,Neutral,1,Neutral,1,Neutral,0.034159854,0.8787731,0.087067045
5054,"Secara keseluruhan, semoga proses pengadaan barang dan jasa untuk program MBG ini bisa dipantau secara terbuka oleh publik.",Neutral,1,Neutral,1,Neutral,0.03477043,0.9003256,0.06490396
3026,anakku kelas tk kecil dapet nya tahu balado😂😂😂,Neutral,1,Neutral,1,Neutral,0.040027656,0.8963447,0.063627586
3421,🤣🤣 indonesia emas... entah siapa yg jadi emasnya,Neutral,1,Neutral,1,Neutral,0.033205137,0.907652,0.059142854
2211,"Jujur saja, kesiapan tenaga pengolah makanan di setiap sentra dapur perlu mendapat sertifikasi kebersihan pangan.",Neutral,1,Neutral,1,Neutral,0.037507214,0.90180314,0.06068961
3158,"titik terendah manusia adalah berfikir bahwa dirinya lebih baik dari org lain, ingat tidak ada pemimpin yang benar"" 100% di cintai oleh rakyatnya. ingat kawan mau sukses tidak harus tergantung dengan kebijakan pemerintah, semua itu ada pada diri sendiri. pemerintah mengeluarkan kebijakan pasti ada yang pro dan ada yang kontra dan pada pejabat pastinya sudah mengkaji dengan para ahli untuk mengeluarkan kebijakan.",Positive,2,Positive,2,Positive,0.014966838,0.012022437,0.9730108
2080,"tengkulak ke mbg lebih murah ka🙏🙏🙏dri pada ke kita pedagang,,,tpi emng bner juga soal nya mbg belanja pake tonase,,,,yg berat lgi klo mbg nyerap sayur bnyak,,,barang jdi langka trus d pasar jdi mahal🙏🙏🙏tpi saya tetep dukung mbg",Positive,2,Positive,2,Positive,0.006009656,0.00073037966,0.99325997
4366,pak mentri nya gak langsung ke lapangan...😂,Neutral,1,Neutral,1,Neutral,0.024972623,0.9006896,0.07433773
3229,"Secara keseluruhan, apakah ada panduan khusus bagi siswa yang membawa bekal sendiri dari rumah saat MBG dibagikan?",Neutral,1,Neutral,1,Neutral,0.034576107,0.8900087,0.075415164
5436,koprasi MBG = Tangkulak!!,Neutral,1,Neutral,1,Neutral,0.082360044,0.85225874,0.065381266
1212,"Yg diuntungkan MBG= pengusaha pemilik dapur MBG, tim sukses si Bowo, Koruptor",Negative,0,Negative,0,Negative,0.9740694,0.0017274191,0.024203243
317,Dukung penambahan dapur SPPG di Papua supaya adik-adik dan ibu hamil lebih baik lagi dalam hal gizi,Positive,2,Positive,2,Positive,0.004594297,0.0011447273,0.994261
5405,"Jujur saja, perlu transparansi anggaran yang jelas dan audit berkala agar program ini bisa dievaluasi dengan baik oleh publik.",Neutral,1,Neutral,1,Neutral,0.03872655,0.9128569,0.048416592
5216,Banyak keluhan siswa yang merasa tidak cocok dengan menu yang diberikan sehingga makanan banyak yang mubazir.,Negative,0,Negative,0,Negative,0.97973025,0.0013450924,0.0189247
928,"Gunung emasmu sudah jadi danau, Hutan hijaumu pun digunduli, tapi rakyat papua tetap lapar dan menderita. Miris memilukan.",Negative,0,Negative,0,Negative,0.9794527,0.0019297183,0.01861765
787,"DIKEPALA MEREKA HANYA PROYEK ,",Negative,0,Negative,0,Negative,0.6085882,0.34891224,0.042499486
1992,"cukup 1 periode.
sy jg pusing kak",Neutral,1,Neutral,1,Neutral,0.039839137,0.87052286,0.08963808
3139,fakta d lapangan,Neutral,1,Neutral,1,Neutral,0.034648705,0.91497314,0.050378274
3882,"Kualitas makanan yang disajikan sangat baik dan higienis, para guru dan wali murid sangat menyambut positif.",Positive,2,Positive,2,Positive,0.005569529,0.0010591536,0.99337137
1400,"Pegawai di gaji mahal, pake ahli gizi, menunya cuma sayur basi, saat di demo selalu berkelit demi gizi, gizi dari hongkong, dana 15.000 perak masih di kentit, kenyataan di lapangan menu yang di sajikan per ompreng cuma senilai 7 sampai 8 ribu perak, korup....korup,,",Negative,0,Negative,0,Negative,0.9774589,0.0017225388,0.020818556
878,"Katanya NKRI utuh dari Sabang sampai Merauke, tapi ada yang sengaja ditinggal, dimanfaatkan tanahnya saja, lupa diberi makan. Apalagi makan bergizi… Giliran perjuangkan indepndensinya, mau mengurus diri sendiri karena tidak terurus (atau diurus) oleh Jakarta, ditembak… Mengurus? Menjadi kurus kah?",Positive,2,Positive,2,Positive,0.011802587,0.02932623,0.9588712
3896,Banyak Yang nyalahin presiden dikira pemimpin Full itu presiden Banyak staf kepala untuk keurusan sendiri sendiri Banyak juga masalah dari rakyat yang fomo tiba tiba demo mahasiswa aja bolot apa lagi rakyat biasa,Neutral,1,Neutral,0,Negative,0.56841606,0.35314596,0.07843801
4450,@Habiburokhman @user45507046296 @Gibran Rakabuming,Neutral,1,Neutral,1,Neutral,0.045285184,0.8792965,0.07541827
4391,semangat buat para petani,Positive,2,Positive,2,Positive,0.0046030856,0.0023523872,0.99304456
1486,"Ga usah ada mbg ,lah mending harga sembako murah aja",Neutral,1,Neutral,1,Neutral,0.060274504,0.8637067,0.0760188
75,INI YANG LISENSI ZOOM NYA RATUSAN MILIAR YA,Neutral,1,Neutral,1,Neutral,0.03499202,0.8907122,0.07429585
1483,Serahin k msrkt mestinya korup biar habis kl di thn mh olng cuma bohong kl udh pd kbgian jg d basin msrkt tu udh phm,Negative,0,Negative,0,Negative,0.979321,0.0015733785,0.019105695
2083,sebenernya gtu loh,Neutral,1,Neutral,1,Neutral,0.049791537,0.87676036,0.07344818
1735,"Tentu saja, sebaiknya menu makanan disesuaikan dengan kearifan lokal dan hasil bumi di masing-masing daerah.",Neutral,1,Neutral,1,Neutral,0.033857606,0.89688545,0.06925697
2747,blm pernh se pngn ini dapet mbg,Neutral,1,Neutral,1,Neutral,0.03300502,0.89690554,0.07008943
2647,Memang benar bahwa semoga proses pengadaan barang dan jasa untuk program MBG ini bisa dipantau secara terbuka oleh publik.,Neutral,1,Neutral,1,Neutral,0.031194735,0.89892906,0.06987625
383,"Pak presiden, mending kata w mbgh ke pelosok2 dulu kek Papua😭",Neutral,1,Neutral,1,Neutral,0.03457856,0.9067791,0.058642298
2157,Perlu dipertimbangkan variasi buah-buahan lokal yang mudah diperoleh dan kaya akan vitamin.,Neutral,1,Neutral,1,Neutral,0.047109712,0.8822333,0.07065699
3738,"mbg di tempat gw telur puyuh trus, ama telur di cetak kembang 🗿eneg",Neutral,1,Neutral,1,Neutral,0.031960983,0.9025695,0.06546951
2808,"enak kalo management waktu nya ciamik,lebih lagi disupport sama team yang bener2 ngerti kerjaan,ga asal cepet selesai dll,apalah daya kalo relawan nya banyak yg tidak sesuai skill di kerjaan",Positive,2,Positive,2,Positive,0.0064169797,0.0010324314,0.9925506
3027,plisss sppg tempat anakku harus belajar dari chef ini😭,Neutral,1,Neutral,1,Neutral,0.038173873,0.8855844,0.07624174
4899,"Dari sudut pandang masyarakat, semoga proses pengadaan barang dan jasa untuk program MBG ini bisa dipantau secara terbuka oleh publik.",Neutral,1,Neutral,1,Neutral,0.024537966,0.9059324,0.06952956
5031,"Dari sudut pandang masyarakat, perlu dipastikan kapasitas produksi dapur umum mampu memenuhi kuota seluruh sekolah di target wilayah.",Neutral,1,Neutral,1,Neutral,0.03332437,0.89981085,0.06686475
2879,yang lain itu siapa coba sebutkan?,Neutral,1,Neutral,1,Neutral,0.054410987,0.8666799,0.07890909
2745,chef ditempat saya..klo gak telor yah ayam..dah gitu doang..,Neutral,1,Neutral,1,Neutral,0.042218033,0.88446486,0.07331711
524,"Karena bahan pokok disana mahal banget, trus kalaupun buka dapur disana, yayasan bakalan sulit ambil untung gede kayak di pulau jawa.",Neutral,1,Neutral,1,Neutral,0.061551165,0.8802643,0.05818451
3331,"betul mass, itu omong kosong",Negative,0,Negative,0,Negative,0.98240304,0.002177812,0.015419107
1346,mana demonya... cma fto2 demo lama 🤣😂🤣,Neutral,1,Neutral,1,Neutral,0.04063049,0.9110059,0.048363645
5080,kalok gini mending stop aja MBG,Neutral,1,Neutral,0,Negative,0.9758582,0.004757897,0.019383881
2636,semoga rame bang 🫣,Neutral,1,Neutral,1,Neutral,0.038716845,0.8903133,0.07096989
4106,"Secara keseluruhan, perlu transparansi anggaran yang jelas dan audit berkala agar program ini bisa dievaluasi dengan baik oleh publik.",Neutral,1,Neutral,1,Neutral,0.035411667,0.8905679,0.07402053
2290,Jgn bu. Yg ada nanti ibu yg di penjara,Neutral,1,Neutral,1,Neutral,0.076203465,0.8352289,0.08856771
5277,"Jujur saja, pihak dinas terkait harus rutin melakukan uji sampel makanan secara acak di berbagai sekolah.",Neutral,1,Neutral,1,Neutral,0.038548883,0.8774156,0.0840355
348,Wowoooookk BUKA MATA,Neutral,1,Neutral,1,Neutral,0.044937067,0.8846526,0.07041036
3843,ini bukan petani,Neutral,1,Neutral,1,Neutral,0.038990077,0.9057559,0.05525411
2904,"Dari sudut pandang masyarakat, harap disosialisasikan secara rinci kepada wali murid mengenai rincian menu dan kandungan nutrisi harian.",Neutral,1,Neutral,1,Neutral,0.04158347,0.8711342,0.08728227
2438,"izin copas buat bales komen orang, dah terlalu males gua jelasin masalah stok pangan ini ke manusia ngeyel",Neutral,1,Neutral,1,Neutral,0.1382234,0.7951038,0.06667291
529,Jawa selalu jadi anak emas. Padahal pengumbang apbn terbanyak saya yakin dari daerah kaya SDA kyk Papua dan Kalimantan 🤷‍♂️,Neutral,1,Neutral,1,Neutral,0.041899756,0.8237629,0.13433734
1606,menu hari ini MBG balita di daerah ku,Neutral,1,Neutral,1,Neutral,0.040425546,0.8749276,0.08464687
5114,"sedih bgt dengernya 🥺 gimana nih pak @Prabowo Subianto
tapi emang petani di sini juga gamau, katanya pengen harganya 1/2 dari pasar
kita yg jualan aja ga kefikiran minta harga sgtu 😭😭
itu mah Meres petani",Negative,0,Negative,0,Negative,0.9828115,0.0015937793,0.015594683
2861,Mari kita kawal bersama jalannya program ini agar pelaksanaannya berjalan objektif dan tepat sasaran.,Neutral,1,Neutral,1,Neutral,0.035481364,0.8865074,0.078011274
4192,"Tentu saja, sebaiknya ada formulir evaluasi harian yang diisi guru terkait porsi dan kualitas menu yang diterima.",Neutral,1,Neutral,1,Neutral,0.037700314,0.8814109,0.0808888
3964,"Tentu saja, apakah ada panduan khusus bagi siswa yang membawa bekal sendiri dari rumah saat MBG dibagikan?",Neutral,1,Neutral,1,Neutral,0.041024312,0.88148576,0.07748991
1271,Demo sudah berlalu baru muncul beritanya,Neutral,1,Neutral,1,Neutral,0.035728842,0.8904216,0.07384957
1433,"Coba, maling ayam, maling sepeda, atau semacamnya, udah hancur itu dipukulin.",Negative,0,Negative,0,Negative,0.97378314,0.002114339,0.024102475
5227,menurut saya mereka kong kalikong,Neutral,1,Neutral,0,Negative,0.5064633,0.44917604,0.044360697
580,"selalu sedih kalo ngeliat berita tentang papua yang serba tertinggal dari daerah lain, kekayaan mereka dikeruk abis abisan tapi kesejahteraannya bener² dikesampingkan, jahat bgt sumpah",Negative,0,Negative,0,Negative,0.9863772,0.0018266485,0.01179617
2719,"Mungkin SPPG lain beda cerita chef, YTTA",Neutral,1,Neutral,1,Neutral,0.043510597,0.86647886,0.09001061
2387,Malah dibuktikan buk🙏,Neutral,1,Neutral,1,Neutral,0.0353948,0.8970359,0.06756922
334,"terimakasih pak presiden beserta jajaran, dan juga jasa pak dadang beserta tim. besok lagi jangan kau paksa orang mencintai negara mu, tidak kau sejahterakan tapi tidak boleh merdeka. bagaimana cara berpikir mu?? tabah untuk saudara papua. kalian bahagia semua nanti di surga.",Positive,2,Positive,2,Positive,0.0056187334,0.0007948437,0.9935865
1366,Demo mbg paling cepat th 26 bhsa tafsir putusan MK di blokir dan paling lambat th 28 putusan konkrit MK,Neutral,1,Neutral,1,Neutral,0.1262726,0.78285915,0.090868264
616,Gak lama lagi langsung di bangun tu. Pemerintah Biasa sih gitu nunggu viral dulu baru gerak.,Neutral,1,Neutral,1,Neutral,0.02475814,0.89792734,0.07731458
3577,up nih bang bukti lagi KORUP MBG,Negative,0,Negative,0,Negative,0.9792565,0.0017554371,0.018987957
2469,biar ngga gampang basi,Negative,0,Negative,1,Neutral,0.13514082,0.78913456,0.075724594
3713,disini palingan telor tempe tahu sesekali ayam itupun cuma digoreng,Neutral,1,Neutral,1,Neutral,0.029833803,0.9121863,0.057979845
4259,dan kemudian setelah tau permainannya bapakku mulih gak jadi masok ke MBG,Neutral,1,Neutral,1,Neutral,0.056673627,0.8540223,0.08930399
5122,"Dari sudut pandang masyarakat, kesiapan tenaga pengolah makanan di setiap sentra dapur perlu mendapat sertifikasi kebersihan pangan.",Neutral,1,Neutral,1,Neutral,0.03544633,0.8950305,0.069523185
3489,wo liat nih wo,Neutral,1,Neutral,1,Neutral,0.04458899,0.8928755,0.062535554
4163,"Tentu saja, perlu diperhatikan ketahanan makanan selama proses pengiriman agar tidak cepat basi saat cuaca panas.",Neutral,1,Neutral,1,Neutral,0.03345858,0.8869906,0.07955077
1033,Karna Papua bukan bagian indonesia di mata pemerintah pusat,Neutral,1,Neutral,1,Neutral,0.077778414,0.8350496,0.08717192
1164,Program ini difokuskan untuk mengenyangkan loyalitas penukung rezim ini.,Neutral,1,Neutral,1,Neutral,0.21618031,0.67347383,0.11034583
1584,yang kaya makin kaya,Neutral,1,Neutral,1,Neutral,0.09646634,0.84721184,0.056321733
2779,"heleh lapor apaan, lapor kudu ngeluarin duit dulu",Neutral,1,Neutral,1,Neutral,0.050586432,0.8713511,0.07806246
2286,"JANGAN MAU, bilang aja kl anda mau d tulis hrga brapapun silahkan d nota tpi dngn syrat 1 harga sesuai yang sya mau jdi ya mnipulasi di struk lah",Neutral,1,Neutral,0,Negative,0.97749764,0.005267961,0.017234476
388,"MBG diintegrasikan dgn Sekolah Rakyat (SR). SR diperbanyak di wilayah yg akses pendidikannya sulit dan diperluas cakupannya, tidak hanya Desil 1 & 2.",Neutral,1,Neutral,1,Neutral,0.034235384,0.8941777,0.07158697
1351,Kamu tuntut UU perampasan aset Koruptor di DPR,Negative,0,Negative,0,Negative,0.9788607,0.0019056245,0.0192337
270,Papua jangan samakan dengan Jawa. Paham?,Neutral,1,Neutral,1,Neutral,0.12149899,0.8110941,0.067406945
1371,Nepalkn dpr dan prabowo,Neutral,1,Neutral,1,Neutral,0.086623594,0.7963893,0.116987154
2652,"fakta di lapanganya kayak gitu bro , di tingkat desa aja mark up nya banyak kok",Negative,0,Negative,0,Negative,0.97957,0.0015643573,0.018865703
4790,"Jujur saja, sebaiknya ada formulir evaluasi harian yang diisi guru terkait porsi dan kualitas menu yang diterima.",Neutral,1,Neutral,1,Neutral,0.04498995,0.873586,0.08142404
4983,"iya juga ya, kenapa ga ngambil dari petani terdekat aja",Neutral,1,Neutral,1,Neutral,0.03470723,0.899435,0.065857805
215,"Penerima manfaat program ini sudah jelas para pejabat dan kroninya. Ini bukan mengatasi stunting, tapi program bagi2 roti apbn",Negative,0,Negative,0,Negative,0.82361245,0.07045985,0.10592774
2449,lancar bgt ngomong nya bang 🤣,Neutral,1,Neutral,2,Positive,0.0048627877,0.012232965,0.98290426
2781,"Jujur saja, kurangnya sosialisasi dan koordinasi membuat pihak sekolah kewalahan mengatur pembagian makanan setiap hari.",Negative,0,Negative,0,Negative,0.979742,0.0016727635,0.018585196
1386,Langkah tegas harus diambilnya karena berurusan dengan nyawa dan kesehatan..,Negative,0,Negative,1,Neutral,0.037164114,0.87295127,0.089884564
3173,"MBG disini, gapernah ikan dari awal dapet MBG ayam telor ayam telor Ampe bosen.",Neutral,1,Neutral,1,Neutral,0.17266382,0.7170742,0.110262044
4211,saya punya lahan jeruk biasanya kami jual ke tengkulak katakan 10 rb mbg ditawar 5rb!!!! waraaas kalian broooo!!! saat itu juga kelompok jeruk kami haram dimasuki MBG,Neutral,1,Neutral,1,Neutral,0.27735192,0.65591025,0.06673782
1587,"Menurut saya, perlu transparansi anggaran yang jelas dan audit berkala agar program ini bisa dievaluasi dengan baik oleh publik.",Neutral,1,Neutral,1,Neutral,0.028306287,0.9149319,0.05676185
1159,"Stunting cuma alasan untuk pembenaran menghambur-hamburkan uang rakyat sesuka hatinya Prabowo Subianto ! Rakyat cuma dijadikan objek, negara dianggap milik pribadinya Prabowo Subianto sehingga bisa diperlakukan sekehendaknya saja !",Negative,0,Negative,0,Negative,0.98961955,0.0022654205,0.008115003
3760,larangan adalah PERINTAH😂,Neutral,1,Neutral,1,Neutral,0.041464083,0.87566465,0.08287123
1528,"Anak-anak semangat belajar, karena mereka tau dapat makanan Bergizi ❤",Positive,2,Positive,2,Positive,0.005083943,0.0006762042,0.9942398
1491,Negataku kok banyak malingnya ya allah,Negative,0,Negative,0,Negative,0.9791445,0.0032276965,0.01762772
651,"Benar kata si Bpk daerah 3 T ( tersiksa,terlupakan.. dst.) Kasihan liat anak2, padahal di kota sekolah swasta yg elit pun di beri mBG dan banyak yg tidak dimakan bahkan dibuang-buang akhirnya jadi makanan ternak",Negative,0,Negative,0,Negative,0.97984356,0.0015677093,0.01858886
2498,"Tentu saja, bagaimana mekanisme pengawasan distribusi makanan agar selalu tepat waktu sampai ke masing-masing sekolah?",Neutral,1,Neutral,1,Neutral,0.040748335,0.8799843,0.079267345
2142,"Jujur saja, perlu transparansi anggaran yang jelas dan audit berkala agar program ini bisa dievaluasi dengan baik oleh publik.",Neutral,1,Neutral,1,Neutral,0.028649582,0.91022867,0.061121695
2147,PASTIII DI NOTANYAA DI BUAT LEBIH MAHAL 😂😂😂😂,Neutral,1,Neutral,1,Neutral,0.04584819,0.871817,0.08233488
5476,"maaf tapi kenapa klo saya belanja di pasar sekarang sayur ayam danging lauk pauk pedagang pada bilang setok kurang mana mahal"" lagi,katanya di ambil sama MBG semua🤔🤔",Neutral,1,Neutral,1,Neutral,0.062451053,0.8607685,0.07678042
4060,Perlu audit forensik terhadap anggaran pengadaan makanan MBG agar tidak ada manipulasi data penerima.,Negative,0,Negative,0,Negative,0.97754,0.0018687126,0.020591337
1794,klo ini bsa knp yg lain ga kn?,Neutral,1,Neutral,1,Neutral,0.029969854,0.8794051,0.09062511
2899,"Jujur saja, pengelolaan sampah sisa makanan harus dipikirkan agar tidak menimbulkan masalah lingkungan di sekolah.",Neutral,1,Neutral,1,Neutral,0.04125839,0.87316585,0.08557584
1015,Indonesia tak pandai urus rakyat nya,Neutral,1,Neutral,1,Neutral,0.023377514,0.90908855,0.067533955
321,sedih nonton nya. mereka juga warga negara indonesia. punya hak yang sama dengan daerah lain,Negative,0,Negative,0,Negative,0.9831361,0.0013229598,0.015540961
1414,Uu pernapasan aset harus di sakan masyarakat harus mendesak,Neutral,1,Neutral,1,Neutral,0.041496027,0.8664118,0.09209213
691,"sedh banget tujuannya harusnya mereka daerah terpinggir indonesia. malah fokus di pulau jawa, ANEH banget, niatnya emang bukan ke rakyat tapi ke kantong owner sppg",Neutral,1,Neutral,1,Neutral,0.041820996,0.88889325,0.06928584
2814,"ingat kalau mau bisnis kerjasama pemerintah itu banyak gak enaknya, rata"" pemilik bisnis pasti uda banyak, jadi ga ngandalin proyek dari pemerintah doang",Neutral,1,Neutral,1,Neutral,0.041812018,0.4804364,0.4777516
848,Bentukan MBG 10 ribu disana dapat apa?,Neutral,1,Neutral,1,Neutral,0.043479063,0.88947487,0.06704608
4712,"Mbg pesen disaya nawarnya gak kira2, sdh dibonusin masih minta dimurahin. Akhirnya saya bilang gak bisa, klo gakmau yasudah, semua harga bahan naik, saya yakin dana dari pemerintah utk mbg banyak, kenapa harus pake nawar2 segala ke umkm",Neutral,1,Neutral,1,Neutral,0.03449225,0.8923397,0.073168084
507,kebanyakan berada di Indonesia bagian timur,Neutral,1,Neutral,1,Neutral,0.04047405,0.8892414,0.07028453
4980,@Purbaya Yudhi Sadewa @gerindra,Neutral,1,Neutral,1,Neutral,0.029154912,0.90436095,0.0664841
3897,kalo bicara suka bener,Positive,2,Positive,2,Positive,0.0062573613,0.0026370252,0.9911056
2634,"Secara keseluruhan, perlu dipertimbangkan variasi buah-buahan lokal yang mudah diperoleh dan kaya akan vitamin.",Neutral,1,Neutral,1,Neutral,0.048276037,0.8769452,0.07477868
1543,"Warung makan n jajan siap2 omset menurun, karena sudah ""dirampok"" Ama ""perantara"" Pengusaha mbg. Petani peternak jangan harap hasil taninya dibeli, krn para pengusaha TNI n polri mereka sdh tanam sendiri. Para pengusaha pabrik makanan n camilan tdk terpengaruh bahkan omsetnya nambah. Intinya mbg mensejahterakan pengusaha kelas gajah",Negative,0,Negative,0,Negative,0.97607726,0.006557642,0.017365096
3685,"Setelah kritik ini muncul nanti lihat, besoknya mereka setting ada petani yg ngaku² difungsikan hasil taninya ke MBG. Liat saja... sdh kelakuan rezim bobrok ini",Negative,0,Negative,0,Negative,0.9818679,0.0014486929,0.016683444
4873,terus yang orang-orang bilang kalau petani sangat terbantu dengan adanya MBG itu gimana?,Positive,2,Positive,2,Positive,0.0058702645,0.0009074394,0.99322236
3791,ya elah chef segitu doang. chef sppg disini gak bisa 🤭,Neutral,1,Neutral,1,Neutral,0.0505165,0.8753882,0.07409531
3150,masih terus ini mbg,Neutral,1,Neutral,1,Neutral,0.042351138,0.8991466,0.05850228
4426,ngak akan didengar bree😂,Neutral,1,Neutral,1,Neutral,0.022972126,0.9063926,0.07063528
629,"malah ada berita keracun MBG juga di Papua, kemarin 🙃, sungguh membagongkan.",Negative,0,Negative,0,Negative,0.9785155,0.0015578656,0.019926663
2352,"bener juga yah, quality kontrolnya ketat",Neutral,1,Neutral,1,Neutral,0.04654584,0.8430329,0.11042125
3021,terus mana ketegasannya? presiden kan bukan bayi,Neutral,1,Neutral,1,Neutral,0.03164703,0.8945038,0.07384917
467,"Kota2 seperti jakarta, surabaya, bandung dan kota besar lainnya sebenarnya tidak terlalu membutuhkan mbg. Harusnya di tempat2 seperti ini yg diutamakan",Neutral,1,Neutral,1,Neutral,0.033524044,0.9041566,0.062319387
309,Pejabat dari pusat dan daerah akan menanggung dosa nya membiarkan Rakyat ny menderita,Negative,0,Negative,0,Negative,0.9755971,0.0018508924,0.02255197
4328,"mana nih yg kemaren komen"" petani hidupnya sejahtera gara"" ada mbg😁",Neutral,1,Neutral,2,Positive,0.02828891,0.10999332,0.86171776
4929,"Betul kak, petani padi jual padi murah beli beras mahal",Neutral,1,Neutral,1,Neutral,0.042444684,0.86470073,0.09285459
5042,Diharapkan ada saluran pengaduan resmi jika pihak sekolah menemukan kendala terkait kualitas makanan MBG.,Neutral,1,Neutral,1,Neutral,0.034319974,0.88926625,0.076413766
608,dengan ini sudah jelas dong tujuan sebenarnya buat apa?🥲,Neutral,1,Neutral,1,Neutral,0.038430475,0.87386894,0.08770055
2884,bukan salah di presiden🙏,Neutral,1,Neutral,1,Neutral,0.12721686,0.8110843,0.061698884
461,Mungkin butuh modal yg lebih besar disana,Neutral,1,Neutral,1,Neutral,0.039247748,0.8921325,0.06861971
2251,"Ya kalo nyari gitu mah korporasi , kalo mau bantu umkm kek bacotan janji mereka ya mereka paham resiko dn ngebimbing mereka",Neutral,1,Neutral,1,Neutral,0.040163588,0.7218516,0.2379848
2481,"Tentu saja, diharapkan ada saluran pengaduan resmi jika pihak sekolah menemukan kendala terkait kualitas makanan MBG.",Neutral,1,Neutral,1,Neutral,0.0325501,0.89173377,0.075716205
4689,Pahamkan knpa MBG ga bermanfaat untuk kalangan bawah,Positive,2,Positive,2,Positive,0.17658682,0.2158034,0.60760975
3842,"nyesel milih Prabowo,ekonomi rakyat kecil mati",Negative,0,Negative,0,Negative,0.9784483,0.006356373,0.015195269
560,Libat kan ibu maka bapak kakek abg dan bayi ikut makan bukan libatkan kepentingan sppg,Neutral,1,Neutral,1,Neutral,0.026461987,0.8854,0.08813801
3603,ga ikut” gw,Neutral,1,Neutral,1,Neutral,0.06557912,0.8587265,0.0756944
1237,Selamatkan indonesia. Hukum mati para koruptor penghancur negri ini,Negative,0,Negative,0,Negative,0.9837187,0.0018186964,0.014462589
2590,"kl emg bener, coba sebutin sppg kab, kec, kel mana ? bagaimana prosedurnya ? apa syaratnya ?",Neutral,1,Neutral,1,Neutral,0.03520034,0.88767505,0.0771247
2648,🤣🤣🤣 bongkar aib,Negative,0,Negative,1,Neutral,0.0791245,0.8377508,0.08312472
3678,jangan pak .nanti rugi tak di bayar,Neutral,1,Neutral,1,Neutral,0.13191465,0.76871365,0.0993717
3801,"Benerr sekali bang aku jualan keripik tempe susah bgt masukin ke mbg disini malah ambil dari tempat jauh gak mau memajukan umkm setempat ,,,
pas ada yang mau nerima nawar nya gila 50% ,bukannya untung malah buntung kalo saya terima",Neutral,1,Neutral,1,Neutral,0.18852732,0.73913294,0.072339825
4048,harus berani kongkalikong.. baru lolos pa.,Neutral,1,Neutral,1,Neutral,0.107206985,0.8007383,0.092054784
1452,"Di daerah saya berdiri nanguna Koperasi desa MP,berada di tengah hamparan sawah jauh dari pemukiman warga ,aneh sekali seolah prijek asal jadi,dan tidak betharap maju,mungkin kah sekedar projek sabotase pihak tertentu spy KDMP tidak berkembang dan akhirnya bangkrut dg sendirinya,?",Negative,0,Negative,0,Negative,0.9659818,0.012633674,0.021384511
5303,"Ini bukan nya kompak, dia ngasih tau apa yg di alammi",Neutral,1,Neutral,1,Neutral,0.041414388,0.8753688,0.08321686
5403,"Melihat fakta di lapangan, pengelolaan sampah sisa makanan harus dipikirkan agar tidak menimbulkan masalah lingkungan di sekolah.",Neutral,1,Neutral,1,Neutral,0.032217335,0.91197956,0.05580304
1422,"alah penangkapan koruptor hanya sebagai panggung pembebasan menjadikan hak milik pribadi dari apa yg di korupsi setelah bebas hukumannya. hari ini tetangkap dengan tuduhan korupsi sekian milyar , di kenakan hukuman 5th penjara , hukuman berjalan kemidian bebas kurang dari 5th setelah bebas uang yg dia korupsi 5th sebelumnya tetap jadi miliknya , itu artinya setelah bebas si korupsi menjadi kaya mendadak , beda dengan cerita di negara yg ketat hukuman bagi para korupsi berapapun yg di korupsi akan percuma karena hari ini iya masih hidup setelah putusan hukum besok iya sudah MATI.",Negative,0,Negative,0,Negative,0.9768792,0.0015947797,0.02152606
1617,Jadi sebenernya dori itu bukan patin seperti yang orang2 bilang?,Neutral,1,Neutral,1,Neutral,0.068135515,0.844307,0.08755753
2097,prabowo takut nya sm people power,Neutral,1,Neutral,1,Neutral,0.022617336,0.94156134,0.035821326
1200,Dana pendidikan dipotong barangkali supaya rakyat pada bodoh. Dipake mbg yng menunya amburadul DA dijadikan ladang korupsi,Negative,0,Negative,0,Negative,0.9787001,0.0014974581,0.019802429
5153,"Secara keseluruhan, pihak dinas terkait harus rutin melakukan uji sampel makanan secara acak di berbagai sekolah.",Neutral,1,Neutral,1,Neutral,0.04533561,0.87998235,0.07468196
1936,"kan KATANYA doang🤣
di lapangan mah kgk ada tuh, yg ada sppg beli bahan-bahan murah sampai anak-anak ker4cunan",Neutral,1,Neutral,0,Negative,0.9766765,0.0016005673,0.02172294
1210,GAK ADA YG BAYAR LBH BAIK MENYIARKAN IKLAN....,Neutral,1,Neutral,1,Neutral,0.04191552,0.9131387,0.0449457
5118,betul..... Rekanan bos mbg yang bisa masuk....,Neutral,1,Neutral,1,Neutral,0.038028218,0.88880676,0.07316506
2863,"Dari sudut pandang masyarakat, penting untuk memastikan sanitasi peralatan makan dan tempat penyajian selalu dalam kondisi bersih dan steril.",Neutral,1,Neutral,1,Neutral,0.03581923,0.8849044,0.07927633
1589,"""selama tujuh bulan""
jwjwuelwmsndhwhwjwjkdkslwk",Neutral,1,Neutral,1,Neutral,0.028053032,0.8872688,0.08467821
4751,"Jujur saja, apakah anggaran MBG sudah mencakup pengadaan tempat makan ramah lingkungan yang bisa dipakai berulang kali?",Neutral,1,Neutral,1,Neutral,0.03500038,0.88846684,0.076532744
626,SDA dikeruk yg kaya segelintir org😢 dan yang di kasih makan fokus di Jawa😅,Negative,0,Negative,0,Negative,0.98163533,0.0020664274,0.016298212
1378,Dari pada MBG lebih baik gratis sekolah,Neutral,1,Neutral,1,Neutral,0.31542075,0.52303433,0.16154496
2729,"Tentu saja, banyak pihak mencurigai adanya kongkalikong dalam penunjukan vendor penyedia katering makanan gratis.",Negative,0,Negative,0,Negative,0.9792489,0.0017538664,0.018997341
4811,@kingsalman sesuai prediksii wkwkkww,Neutral,1,Neutral,1,Neutral,0.03854706,0.8865558,0.07489716
2782,Anak-anak jadi tidak jajan sembarangan lagi di luar karena sudah dapat makan siang yang higienis.,Positive,2,Positive,2,Positive,0.066129595,0.052385084,0.8814854
2542,"sebenarnya konsep MBG yang memprioritaskan produksi bahan baku langsung dari petani itu sangat bagus, uang akan berputar dari desa-desa dan menuju ke kota apabila prosesnya diatur ketat dan pengelola dapur MBG dijaga ketat agar tidak terjadi markup harga, perlu komitmen yang tinggi klo berjalan baik roda perekonomian nasional akan membaik juga.
tantangannya skrg buat pemerintah bagaimana caranya agar hasil tanam dr petani bisa langsung di tampung tanpa ada pertimbangan berat minimum dan harga harus menguntungkan kedua belah pihak dgn aturan harga dr pemerintah itu sendiri menyesuaikan dgn harga pupuk, dll.",Negative,0,Negative,0,Negative,0.97012246,0.0021309226,0.02774665
4469,keren lo bang,Positive,2,Positive,2,Positive,0.004032862,0.0015448345,0.99442226
645,"Karena dari awal tujuan MBG kan bukan buat mengentaskan kelaparan dan kurang gizi, tapi untuk mengenyangkan perut para pejabat dan pemangku kepentingan terkait ✌️😹",Neutral,1,Neutral,1,Neutral,0.1678662,0.77974534,0.05238848
4646,Bener bangett 😁,Neutral,1,Neutral,1,Neutral,0.033441093,0.8917991,0.07475987
3570,"abang bisa suplai tiap hari..
cukup gak hasil pertanian nya.
mohon dipahami...
jadi jangan sepihak..
kalo besok hasilntani gak ada...
harus nyari nyari dulu gitu..
ampun.. dah
tar anak anak gak makan mbg.. dong karena anda gak supply barang kebutuhan...
karena panennya sehari, kebutuhannya tiap hari..
dan secara quantity juga kan tergantung kebutuhan...
mohon saking memahami dan mengerti..
jadi jangan sepihak",Neutral,1,Neutral,1,Neutral,0.062198766,0.88554233,0.052258994
4809,wkwkw bapak betul sekali...,Neutral,1,Neutral,1,Neutral,0.024060871,0.9089013,0.067037925
868,Nyapr gak ini ke prabowo tercinta ya,Neutral,1,Neutral,1,Neutral,0.044156265,0.89221406,0.0636297
3578,edannnn bgttt auzubillahiminzalik 😭,Neutral,1,Neutral,1,Neutral,0.038640734,0.8924421,0.068917066
4642,bagus njir komplennya ke pa menteri dulu bukan langsung ke pa presiden,Positive,2,Positive,2,Positive,0.0054834276,0.0011210114,0.9933956
2965,"Terkait kebijakan ini, bagaimana tindak lanjut pemerintah jika ada sekolah yang belum terjangkau fasilitas pendukung distribusi makanan?",Neutral,1,Neutral,1,Neutral,0.025415104,0.89764816,0.07693677
3770,lalieur nagara teh ah,Neutral,1,Neutral,1,Neutral,0.054421224,0.85125023,0.09432852
1408,"kepala dapur hanya mencatat jumlah dan uang, bukan kualitas makanan nya, bodo amat beracun apa tidak",Negative,0,Negative,0,Negative,0.98523015,0.002295858,0.012473951
2661,"Justru ini kesempatan untuk para petani berkembang, agar bisa menjadi petani yang lebih besar",Neutral,1,Neutral,2,Positive,0.0076250555,0.00545281,0.9869221
171,"Sy sudah kehabisan kalimat, udah gak nyampek otak sy dg situasi negeri ini,hati nurani para pemimpin negeri ini juga terbuat dari apa sebenarnya ya Alloh😢",Neutral,1,Neutral,0,Negative,0.962994,0.016068744,0.020937333
3319,aku aja petani kecil lahan cuman 2 rantai bisa kok suplai ke MBG asl tanamannya di sesuaikan aja tanamannya,Neutral,1,Neutral,1,Neutral,0.048251737,0.87749046,0.074257776
4530,nah nah nah,Neutral,1,Neutral,1,Neutral,0.0442664,0.874954,0.080779724
4193,"Dari sudut pandang masyarakat, melihat senyum anak-anak saat makan siang bersama di sekolah menjadi bukti keberhasilan program ini.",Positive,2,Positive,2,Positive,0.00989576,0.00094008184,0.9891642
3422,"ini Indonesia bung, Dari jaman sebelum merdeka saja pemimpin kita sudah biasa korupsi, 😁",Negative,0,Negative,0,Negative,0.9784015,0.0018641509,0.019734338
3314,Memang benar bahwa perlu ada survei berkala kepada para guru dan siswa untuk mengetahui respon dan efektivitas menu MBG.,Neutral,1,Neutral,1,Neutral,0.036045127,0.88609385,0.07786098
3517,"kenapa mbg mkanannya aneh' dan bnyak pengolahannya ya ?
pdhal mah kasih, singkong rebus, kentang rebus, tahu, tempe, telor rebus, ayam rebus biar gizinya bagus dan sehat ngk bnyak minyak, tepung sama garam🤣🤣",Positive,2,Positive,2,Positive,0.004350899,0.0009145184,0.99473464
2565,"Secara keseluruhan, kebersihan tempat pengolahan makanan di beberapa titik masih di bawah standar dan sangat mengkhawatirkan.",Negative,0,Negative,0,Negative,0.97797453,0.0015881504,0.020437289
638,gob emang gak ada alasan susah dll,Neutral,1,Neutral,1,Neutral,0.032266043,0.91981775,0.047916204
4859,"Terkait kebijakan ini, kesiapan tenaga pengolah makanan di setiap sentra dapur perlu mendapat sertifikasi kebersihan pangan.",Neutral,1,Neutral,1,Neutral,0.038295735,0.8755708,0.08613348
154,"setau gua SPPG itu pengajuan ya, jadi harus ada modal dulu buat bikin SPPG. Mitra mengajukan lokasi dan proposal SPPG ke BGN. Setelah disetujui, mitra menyiapkan sendiri bangunan, renovasi, peralatan dapur, kendaraan distribusi, dan kesiapan operasional sesuai standar BGN. SPPG diverifikasi dan dinyatakan layak. Setelah mulai beroperasi, pemerintah menyalurkan dana program untuk: pembelian bahan makanan; biaya operasional; insentif atau penggunaan fasilitas SPPG. BGN sendiri menjelaskan SPPG kemitraan sebagai unit yang didirikan oleh mitra, dan mitra wajib membangun serta menyediakan peralatan sesuai standar. Insentif fasilitas diberikan ketika dapur sudah siap dan memberikan layanan, dengan prinsip “no service, no pay”. Jadi secara sederhana: Mitra modal dulu → dapur lolos verifikasi → mulai melayani MBG → biaya dan insentif dibayar pemerintah.",Positive,2,Positive,2,Positive,0.003831376,0.0076369382,0.9885317
3574,MBG nya selalu premium,Neutral,1,Neutral,1,Neutral,0.02790995,0.81784874,0.15424132
347,Pemerintah pura pura buta dan tuli.. hanya fokus dengan kepentingan politiknya,Neutral,1,Neutral,1,Neutral,0.13897918,0.78040314,0.080617696
3253,y emng ada prosedurnya mang,Neutral,1,Neutral,1,Neutral,0.049332395,0.8729249,0.07774264
591,masa pd gk paham,Neutral,1,Neutral,1,Neutral,0.043177858,0.8799006,0.07692158
2902,"Menurut saya, harap disosialisasikan secara rinci kepada wali murid mengenai rincian menu dan kandungan nutrisi harian.",Neutral,1,Neutral,1,Neutral,0.032406904,0.8919938,0.07559926
4099,"sepertinya perencanaan nya seperti itu kang cuman di kita kan sudah bukan rahasia lagi, bahwa para pencatut pada berkeliaran cari keuntungan buat dirinya dan koloni nya",Neutral,1,Neutral,1,Neutral,0.04219186,0.89458483,0.06322327
4463,intinya rakyat kecil tetep ga diajak wkwkwk,Neutral,1,Neutral,1,Neutral,0.029573547,0.935039,0.035387445
3115,"Terkait kebijakan ini, pemerintah perlu menjelaskan secara komprehensif indikator keberhasilan dari pelaksanaan program MBG ini.",Neutral,1,Neutral,1,Neutral,0.026058497,0.9062888,0.067652814
1059,😭 kenapa kebijakan itu berada di tangan orang orang yang kurang tepat ..astagfirllah ..,Neutral,1,Neutral,1,Neutral,0.17141123,0.7635205,0.06506827
1440,"Yg kya gini lebih ampuh di beri hukum masa, 👊",Neutral,1,Neutral,1,Neutral,0.040552698,0.89067644,0.06877086
3528,harusnya orang2 pemerintah buat konsumsi mereka pake MBG aja.,Neutral,1,Neutral,1,Neutral,0.04815246,0.8622635,0.08958403
4075,"Melihat fakta di lapangan, semoga ada mekanisme pemilahan sampah organik dan kemasan sisa makanan yang terkelola dengan baik di sekolah.",Neutral,1,Neutral,1,Neutral,0.034061514,0.8980688,0.06786977
64,Otak lu stunting semua,Neutral,1,Neutral,1,Neutral,0.039966624,0.9068393,0.05319415
5252,"Dari sudut pandang masyarakat, semoga ada mekanisme pemilahan sampah organik dan kemasan sisa makanan yang terkelola dengan baik di sekolah.",Neutral,1,Neutral,1,Neutral,0.03596097,0.8837323,0.080306776
5226,bah parah sekali😳😳,Neutral,1,Neutral,1,Neutral,0.07034411,0.83364636,0.09600958
2372,laahh udah pernah gw kontenin kali. emng ga viral aja karna sukanya keributan,Neutral,1,Neutral,1,Neutral,0.028947003,0.91104263,0.06001046
2094,"mbg belanja ga langsung ke petani,,mbg terima bahan baku dari vendor,,biasa vendornya itu punya pemilik dapur sendiri,lucu kan.belanja ke petani pres harga,,vendor suplay ke mbg markup harga.cuan lagi kan.",Negative,0,Negative,0,Negative,0.97371113,0.0015985895,0.024690341
1125,"MBG adalah bisnis para koruptor,bukan progam untuk rakyat",Negative,0,Negative,0,Negative,0.9829123,0.001931617,0.0151561005
1731,"pengen begini chef, andai tempatku punya chef beneran, jdi nggak gadebak gadebuk sendiri",Neutral,1,Neutral,1,Neutral,0.040870838,0.8798852,0.07924398
2470,tempat ku enak kok,Positive,2,Positive,2,Positive,0.0054169823,0.0010825042,0.99350053
1675,Ikan dori jugaa cheff 🙌,Neutral,1,Neutral,1,Neutral,0.043800645,0.880403,0.075796366
63,Kapan bubar ih,Neutral,1,Neutral,1,Neutral,0.056285385,0.89476407,0.04895049
449,"Untung ada akhirat,jadi pemimpin indonesia bisa santai2 di dunia.diakhirat nanti akan di minta pertanggung jawab atas semua perbuatan didunia.ada warganya yg serba membutuhkan kenapa gak kamu bantu",Neutral,1,Neutral,1,Neutral,0.024461685,0.85501057,0.12052775
3238,"pembangunan SPPG nya bangke 🫪
dari situ aja udah korup apalagi menu makanannya 😂",Negative,0,Negative,0,Negative,0.9789863,0.0017493117,0.019264344
4951,"Menurut saya, pengawasan terhadap vendor katering harus diperketat agar spesifikasi menu sesuai dengan perjanjian awal.",Neutral,1,Neutral,1,Neutral,0.029896935,0.9167026,0.05340054
4769,@gerindra @Gibran Rakabuming plisss lah pak dievaluasi lagi programnya,Neutral,1,Neutral,1,Neutral,0.047237553,0.8829932,0.069769226
2527,"tf bruh? who hurt you? perasaan komennya gaada yang bawa² Anis ngapa tiba² lu punya statement ke Anis wkwk, kepanasan sendiri ya😂",Neutral,1,Neutral,1,Neutral,0.26279375,0.6786576,0.058548678
5278,suplay ke UD.,Neutral,1,Neutral,1,Neutral,0.030535236,0.89827025,0.0711945
2321,"yailah, belain aja terus tuh maling",Negative,0,Negative,0,Negative,0.97758293,0.0027154004,0.019701622
909,"KAGA BAKAL ADA SEJAK AWAL JUGA BUAT BISNIS BUKAN BUAT RAKYAT, KALO DI PAPUA KAGA ADA UNTUNGNYA... BIAYA PERJALANNYANYA MAHAL",Neutral,1,Neutral,1,Neutral,0.041502874,0.9028234,0.055673685
5059,@kementanri Amran cuma ngumbrus,Neutral,1,Neutral,1,Neutral,0.049765147,0.87294304,0.07729184
4573,"dia petani, dia punya duit, dia bilang susah masuk ke MBG bukan susah punya duit",Neutral,1,Neutral,1,Neutral,0.034890596,0.9188642,0.046245128
933,Karena gak ada sekolah,Neutral,1,Neutral,1,Neutral,0.04784921,0.88443214,0.06771863
4198,@gerindra @PRABOWO SUBIANTO maaf pak izin Take 🙏,Neutral,1,Neutral,1,Neutral,0.04785872,0.8713071,0.08083422
1766,disini kentang sama ayam katsu,Neutral,1,Neutral,1,Neutral,0.054607403,0.87549883,0.06989376
2238,iyaa bener kak pernah mau ambil ayam di kami tapi kami tolak mentah' 😂,Neutral,1,Neutral,1,Neutral,0.03831363,0.8772867,0.08439968
3393,"Jujur saja, perlu ada petugas khusus yang bertanggung jawab memeriksa kelayakan makanan sebelum dibagikan ke siswa.",Neutral,1,Neutral,1,Neutral,0.04003706,0.8833356,0.076627426
4626,"Menanggapi hal tersebut, harus ada tim ahli gizi yang rutin mengecek kualitas dan kandungan kalori makanan di setiap unit dapur.",Neutral,1,Neutral,1,Neutral,0.042349506,0.87368727,0.083963215
5523,"Harus diakui, pengawasan terhadap vendor katering harus diperketat agar spesifikasi menu sesuai dengan perjanjian awal.",Neutral,1,Neutral,1,Neutral,0.041031778,0.8761247,0.082843594
3474,mbg berarti loba bohong😅,Negative,0,Negative,0,Negative,0.98185444,0.0026812318,0.015464323
3630,mbg b3 balita&busui untuk 4 hari chef nih gimana menurut chef buat balitanya telor dadar buat busui telor ceplok sayurnya buncis udah asem,Neutral,1,Neutral,1,Neutral,0.047967114,0.8645497,0.087483205
2230,bener... harganya nya dirubah koprasi sendiri,Neutral,1,Neutral,1,Neutral,0.031649675,0.89753604,0.07081434
669,Mana mbg ciptaan jayen,Neutral,1,Neutral,1,Neutral,0.052576646,0.8379248,0.109498605
408,Sy ikhlas klu MBG sy dan anak diberikan kepada saudara kami di Papua,Neutral,1,Neutral,1,Neutral,0.026241057,0.88930136,0.08445758
4229,programnya bagus.....oknum lapangannya yg kurang bagus,Positive,2,Positive,2,Positive,0.008293537,0.0010892903,0.9906172
1275,ayo kapan saya akan brgkt gak perlu dibayar murni ini keprihatinan saya sendiri,Negative,0,Negative,1,Neutral,0.04271816,0.88365924,0.07362259
431,Yg ga butuh di kasih yg sangat membutuhkan ga medapatkan,Neutral,1,Neutral,1,Neutral,0.046006642,0.8275177,0.1264756
696,Kenapa? Karna ga cuan,Negative,0,Negative,0,Negative,0.98354405,0.003268258,0.013187657
4515,trus yang demo dukung program MBG tdi itu PETANI MANA???,Positive,2,Positive,2,Positive,0.0037850342,0.001432314,0.9947826
2553,iyaya ko ada mbg tapi masih belum bisa mensejahterakan petani didalam negri 😳 tolonglah pak semoga bisa merata kesejahteraan di Indonesia ini,Neutral,1,Neutral,1,Neutral,0.034408405,0.89084876,0.07474286
3032,hari ini menu anak tk jagung rebus di bakar tahupong di tepung salad sayur sama dimsum apakah pantas untuk anak tk yg makan nya serba engga doyan.... pantes aja banyak yg minta mbg di tutup,Neutral,1,Neutral,1,Neutral,0.03887453,0.8922101,0.06891537
5262,Bener pisan kang. Loba nu si bapa itu si bapa ieu,Neutral,1,Neutral,1,Neutral,0.054894157,0.8408984,0.104207546
2793,"B to B memang begitu pak🙏.... penting kita punya bargaining position yg kuat , insyaallah sama sama untung pak 🙏🙏",Neutral,1,Neutral,1,Neutral,0.029689891,0.85280824,0.11750194
4303,"Tentu saja, diharapkan ada saluran pengaduan resmi jika pihak sekolah menemukan kendala terkait kualitas makanan MBG.",Neutral,1,Neutral,1,Neutral,0.036271203,0.87859446,0.08513433
3440,"tiap menu ikan goreng pasti ikannya bau tanahh,,, kenapa sihh MBG kebanyakan digoreng2 pake tepung lahh,ga ayam ga ikan digoreng tepuuung mulu, dimana letak gizi nyaa??",Neutral,1,Neutral,1,Neutral,0.036569376,0.8972217,0.06620892
3082,betul banget bisa diliat aja posisi pertama yg punya banyak SPPG instansi yayasan warna coklat 😁,Neutral,1,Neutral,1,Neutral,0.03865137,0.87491035,0.08643826
1763,maka nya menu kayak gini tuh emg balita mau makan kah????😒😒,Neutral,1,Neutral,1,Neutral,0.042042233,0.8873039,0.07065387
752,"Astaghfirullah.... betapa mirisnya kehidupan sdr2 kita di Papua, kenapa SEMANGAT membawa 2000 eskavator dan membangun gudang koperasi mp TIDAK SAMA dengan membangun fasilitas puskesmas, dapur mbg dan sekolah di daerah Papua?? yg justru banyak 3T",Negative,0,Negative,0,Negative,0.9826118,0.0021332116,0.015255077
252,suruh presiden Prabowo tinggal 1 bulan tinggal disitu kalau benar2 ingin mengetahui Susana situasi rakyat disitu saksikan dgn mata kepala sendiri????,Neutral,1,Neutral,1,Neutral,0.03790519,0.8815978,0.08049692
1163,"krn wowo pemimpin yg ngga layak dan ga bisa memimpin. mau dibilang kepercayaannya dikhianati, namanya pemimpin yg bener ya bisa memimpin dan mengatur sejak awal. apalagi program mahkota macam MBG. payah payah 😅 we are doomed",Negative,0,Negative,0,Negative,0.98551524,0.0020313933,0.0124534285
571,"Sayangnya kondisi negini mungkin dak sampai di telingan tedy sang seskab, dari tedi baru bisa masuk ke presiden.. gimana ngasi taunya",Neutral,1,Neutral,1,Neutral,0.04742689,0.8522882,0.100284986
3284,"Menurut saya, pengelolaan sampah sisa makanan harus dipikirkan agar tidak menimbulkan masalah lingkungan di sekolah.",Neutral,1,Neutral,1,Neutral,0.03810076,0.88168913,0.08021018
1174,Audio nya anehh... Dengerin nya jadi pusing,Neutral,1,Neutral,1,Neutral,0.03594113,0.8896781,0.07438074
4661,"Jujur saja, bagaimana tindak lanjut pemerintah jika ada sekolah yang belum terjangkau fasilitas pendukung distribusi makanan?",Neutral,1,Neutral,1,Neutral,0.046251416,0.86382705,0.08992148
51,"Semoga kualitas pelaksanaan program BGN terus dijaga. Target penting, tetapi kualitas dan manfaat yang diterima masyarakat juga tidak kalah penting.",Positive,2,Positive,1,Neutral,0.037016105,0.7927026,0.1702813
2876,sehat selalu pak prabowo,Positive,2,Positive,2,Positive,0.005922002,0.0028818145,0.99119616
2784,berarti yg kemaren demo bukan petani semua ya,Neutral,1,Neutral,1,Neutral,0.05164579,0.8688785,0.07947569
2532,sensi amat? malu ya program presiden gemoynya ngerusak ekonomi?😂,Negative,0,Negative,0,Negative,0.9512492,0.023425722,0.025325067
2239,udh rahasia umum itu mah,Neutral,1,Neutral,1,Neutral,0.036257345,0.8934539,0.070288755
1478,pejabat juga berasal dari rakyat 😂😂😂😂,Neutral,1,Neutral,1,Neutral,0.048436407,0.8758464,0.075717196
4517,Apapun program negara akan rusak oleh para koruptor 🙈🙈🙈,Negative,0,Negative,0,Negative,0.9787866,0.0015052637,0.019708127
2191,Korupsinya bener bener,Negative,0,Negative,1,Neutral,0.40301916,0.53577685,0.06120396
216,Sedih melihat yang seperti ini,Negative,0,Negative,0,Negative,0.9646823,0.0059579923,0.029359754
3516,Ini fakta iya,Neutral,1,Neutral,1,Neutral,0.05813055,0.8693878,0.07248162
1853,cheff yg ngechet bgt menunya enak2 GK estetik yg gmn tapi dr bumbu2 aja udh jls enak itu 🥰,Positive,2,Positive,2,Positive,0.004229381,0.0011686201,0.9946021
5121,"lagi pula, emang mau Pak, komoditasnya dihargai super murah?",Neutral,1,Neutral,1,Neutral,0.055795155,0.89606524,0.04813958
942,"sekarang paham alasanya papua selalu memberontak ,dari hal seperti ini saja sudah ketahuan bahwa pemerintah seperti ngesampingin program nya ,yang seharunya difokuskan ke sana ,karena memang di sana benar benar membutuhkan gizi yang harus diperbaiki ,",Neutral,1,Neutral,1,Neutral,0.03762932,0.8654307,0.09694
3012,"Bgn Beli motor dan mobil dari luar negri gak ada pake aturan apapun, banyak cerita aja",Neutral,1,Neutral,1,Neutral,0.05182115,0.86817384,0.08000502
2869,"Terkait kebijakan ini, apakah anggaran MBG sudah mencakup pengadaan tempat makan ramah lingkungan yang bisa dipakai berulang kali?",Neutral,1,Neutral,1,Neutral,0.038458522,0.8896039,0.07193767
887,"Mbg tuh program yg ga mau repot, saya iklas sya hidup dbali diprkotaan lah , sya iklas ga dpt mbh anak"" saya, lbh baik ksik mbg k sodara kita d papua yg bner"" butuh, lgian anak"" saya jg blg srring bosen krn menu nya ga menarik,",Neutral,1,Neutral,1,Neutral,0.033727378,0.738461,0.22781157
1838,Mahh ada SMP,Neutral,1,Neutral,1,Neutral,0.033578493,0.8795612,0.08686035
3951,Sebaiknya ada formulir evaluasi harian yang diisi guru terkait porsi dan kualitas menu yang diterima.,Neutral,1,Neutral,1,Neutral,0.032794807,0.8896356,0.07756962
1268,Ayo rakyat Indonesia hentikan program mbg lebih baik perbaikan jalan banyak jalan yang rusak dan gak layak,Negative,0,Negative,0,Negative,0.97435373,0.0014945148,0.02415167
1743,berpotensi sangat rame😁🤝,Neutral,1,Neutral,1,Neutral,0.12665142,0.7982709,0.07507769
4157,"Dari sudut pandang masyarakat, diharapkan ada saluran pengaduan resmi jika pihak sekolah menemukan kendala terkait kualitas makanan MBG.",Neutral,1,Neutral,1,Neutral,0.03302094,0.888617,0.07836208
5203,"Secara keseluruhan, harus ada tim ahli gizi yang rutin mengecek kualitas dan kandungan kalori makanan di setiap unit dapur.",Neutral,1,Neutral,1,Neutral,0.029710684,0.90048826,0.069801085
2881,rekomendasi nya siapa...,Neutral,1,Neutral,1,Neutral,0.041940868,0.8839871,0.07407203
2560,ngak juga dari mana emang udah terkenal korup dari dulu pemerintah 🤣,Negative,0,Negative,0,Negative,0.9850123,0.0021447449,0.012842982
4490,@gerindra @Gibran Rakabuming @Purbaya Yudhi Sadewa,Neutral,1,Neutral,1,Neutral,0.038750082,0.88068914,0.08056078
422,"jujurly sy di jateng.. MBG anak saya sering tidak termakan, tentu kami berusaha memakannya, tetapi faktor fresh nya makanan dan jenis makanan dan lain lain, membuat tidak termakan, terbuang sedihhh.. kasihan anak anak papua",Negative,0,Negative,0,Negative,0.971555,0.0034501553,0.024994899
3465,sesuai nickname li,Neutral,1,Neutral,1,Neutral,0.04544824,0.8638402,0.09071157
2897,bukan lebih bagus...TPI mau di beli murah...itu fakta,Positive,2,Positive,2,Positive,0.007864194,0.0010822061,0.99105364
4562,seriusan substansi video ini gak masuk di OTAK lu?????,Neutral,1,Neutral,1,Neutral,0.03207514,0.9042918,0.06363303
1002,"Ya jelas ga bakal terjangkau/sengaja-dijangkau laaah.., ALESAN KANNN BISAK DICARI. Negara kita nih seluas Amerika yg katanya negara maju itu tuuh, dan mereka pun tidak bisa menyamaratakan keadilan sosial meskipun kawasannya daratan semua. Sedangkan kita negara apaan, dipenuhi lautan n dibanjiri koruptor.., rakyat pun juga nriman dibodohin ama penguasa.",Negative,0,Negative,0,Negative,0.95413953,0.03142578,0.014434726
2701,kesalahan presiden itu cuma 1. Maunya di dengar tapi nggak mau balik mendengar,Negative,0,Negative,0,Negative,0.8292009,0.1265207,0.044278402
492,Yg diperhatikan hanya kekayaan alamnya saja tanpa peduli dgn manusianya,Neutral,1,Neutral,1,Neutral,0.03022609,0.911282,0.05849182
1066,"program prabowo bner"" Mengecewakan semua.",Neutral,1,Neutral,0,Negative,0.9652582,0.0093939295,0.025347903
3053,nepotisme terang2an menggambarkan tidak berfungsinya hukum,Neutral,1,Neutral,0,Negative,0.98381144,0.0044445656,0.011744053
792,Lha yo to Mbg pindah papua aja.... Mereka yg paling butuh,Neutral,1,Neutral,1,Neutral,0.096903734,0.85991997,0.043176323
3538,@kaiii @virgo pengen pisan,Neutral,1,Neutral,1,Neutral,0.032462385,0.88408196,0.08345566
4608,Memang benar bahwa pihak dinas terkait harus rutin melakukan uji sampel makanan secara acak di berbagai sekolah.,Neutral,1,Neutral,1,Neutral,0.03753803,0.8845966,0.07786546
700,Namanya juga proyek 🙄,Neutral,1,Neutral,0,Negative,0.5840183,0.3814017,0.03458005
4658,"percuma abangnya laporan ke menteri, kan menterinya YTTA😁",Negative,0,Negative,0,Negative,0.98464566,0.0017664755,0.013587933
550,"Pak Presiden tolong bisa liat dari youtube seperti ini, jangan hanya disuapin laporan dari org2 terdekat anda yang infonya saja belum tentu valid (mungkin hanya laporan yang bagus2 saja)",Negative,0,Negative,1,Neutral,0.03406421,0.89776695,0.06816887
3886,Tuh dengerin presedin dan buna presiden kita yg tidak kita cintai,Neutral,1,Neutral,1,Neutral,0.05047324,0.8668646,0.08266214
1251,Kita emak2 mendukung MBG untuk anak kita,Positive,2,Positive,2,Positive,0.0062452913,0.00074420223,0.99301046
3067,dapet brapa rupiah sekali komen?,Neutral,1,Neutral,1,Neutral,0.037083708,0.9103282,0.052588027
2089,anda sendiri bilang stok dan permintaan bertambah lantas mengapa petani 1 ini drama seperti hasilnya ga laku? apa hubungannya? dan gua penasaran ini dimana? kok bisa cuman 1 bikin videonya petani lainnya mana? apa cuman numpang bikin video?,Neutral,1,Neutral,1,Neutral,0.0397163,0.8907153,0.069568455
4288,Negara kebanyakan kebijakan yg ribet!!!!,Neutral,1,Neutral,1,Neutral,0.19760399,0.64917654,0.15321946
3497,"mantaf bang, kasi paham para pengelola negara",Neutral,1,Neutral,2,Positive,0.023908641,0.30588105,0.6702103
2561,Semua sektor ada sindikat korup ngak cuman dipemerintah saja,Negative,0,Negative,0,Negative,0.97976595,0.0020118433,0.01822229
779,jadi MBG penting kan,Neutral,1,Neutral,1,Neutral,0.047937278,0.8488832,0.1031795
3408,aku yakin banyak makelarnya wkwk😅😁,Neutral,1,Neutral,1,Neutral,0.03396837,0.89156115,0.07447045
3267,"alhamdulillah pak, dapur saya selalu melibatkan petani petani kecil😁",Positive,2,Positive,2,Positive,0.004250065,0.0013275844,0.9944224
3716,"Keren lu bang, salut w ngmongnya intelek",Positive,2,Positive,2,Positive,0.0040232195,0.0011643159,0.9948125
2777,pretlah harus dekat keorang punya sppg harga ditekan dibiarin dulu biar layu jadi harga murah itu permainan,Neutral,1,Neutral,0,Negative,0.4713329,0.42288947,0.105777554
3390,"leureus hasil produksi petani atau peternak atau perikanan tidak langsung di beli oleh Suplayer MBG ,Jadi Suplayer MBG beli dari melalui sub sub",Neutral,1,Neutral,1,Neutral,0.04268961,0.8838157,0.0734947
1872,salahin wowok lahh kalau gada wowok gamungkin ada tuu wkwkwk,Neutral,1,Neutral,1,Neutral,0.06102767,0.85362834,0.08534401
3700,dori kW ditepungin = chicken finger😂,Neutral,1,Neutral,1,Neutral,0.04123873,0.88032657,0.07843466
3524,"ini baru chef ori bukan kayak ditempat sy chef abal2 yg punya sertifikat abal2🤣🤣🤣sampai masakannya juga abal abal itu itu aja gambar, asin🤣🤣🤣🤣",Neutral,1,Neutral,0,Negative,0.9833028,0.002555867,0.0141414
1762,ka ini mbg bumil balita ditempat aku 🥺,Neutral,1,Neutral,1,Neutral,0.044721924,0.8836286,0.07164938
4898,Aku bantu viralkan pak,Neutral,1,Neutral,1,Neutral,0.03594978,0.8924372,0.07161303
4725,"Melihat fakta di lapangan, bagaimana tindak lanjut pemerintah jika ada sekolah yang belum terjangkau fasilitas pendukung distribusi makanan?",Neutral,1,Neutral,1,Neutral,0.031098321,0.9041118,0.06478983
3525,di dunia lain🥺💔,Neutral,1,Neutral,1,Neutral,0.07191892,0.8617506,0.06633052
4142,itu yg di tanam apa om?,Neutral,1,Neutral,1,Neutral,0.038604353,0.88421315,0.077182464
5311,Si bantu pak mentri,Neutral,1,Neutral,1,Neutral,0.027567456,0.74048924,0.23194332
2416,"terus ini apa bg yg gw anteri ke mbg, itu gw beli nya di pasar subuh, agar fresh sama baru dipetik petaninya dari kebun",Neutral,1,Neutral,1,Neutral,0.03694158,0.87890846,0.08415002
3121,"Dari sudut pandang masyarakat, perlu kajian lebih lanjut mengenai efisiensi operasional pengantaran makanan ke sekolah pelosok.",Neutral,1,Neutral,1,Neutral,0.04983735,0.9019963,0.048166282
2664,trus kenapa bazer2 nya slalu bilang petani makmur selama ada mbg nya ini 😂😂😂,Negative,0,Negative,0,Negative,0.9844402,0.002274245,0.013285577
2253,"kalau langsung beli ke petani, tanpa adanya dokumen sesuai peraturan seperti Nota, Faktur pajak, nama CV/PT, stempel kemungkinan untuk di korupsi lebih besar oleh dapur MBG, mangkanya di berlakukan persyaratan tersebut.",Negative,0,Negative,0,Negative,0.97611225,0.0016344768,0.022253273
1034,"Pertanyaannya apakah MBG buat stanting,,,, bukannya memperbaiki stanting dari ibu hamil,,, itu kesalahan terbesar presiden pemerintah Indonesia",Negative,0,Negative,0,Negative,0.98005724,0.0015197811,0.01842297
539,Emang niatnya cari keuntungan,Neutral,1,Neutral,1,Neutral,0.0366405,0.90371764,0.05964191
1216,Akhir ny MBG atau demo2 rakyat informasi ny sdh mulai kelihatan di media sedikit2 QODARULLAH..😅😢❤,Neutral,1,Neutral,1,Neutral,0.027844016,0.906061,0.06609498
2639,anda cerdas memang gtu konsep nya 🗿,Neutral,1,Neutral,2,Positive,0.002760171,0.0028363664,0.9944035
662,Karena tidak ekonomis dan keamanan resiko tinggi. Mana Mau Mereka!,Neutral,1,Neutral,1,Neutral,0.20822142,0.70378304,0.087995484
603,"My god, this country has no hope, huh?",Neutral,1,Neutral,1,Neutral,0.045729,0.90155095,0.052720018
3634,"ngapa enak"" ya menunya disini",Positive,2,Positive,2,Positive,0.003971072,0.0043045543,0.99172443
4017,betul ayahku juga ngrasain😭,Neutral,1,Neutral,1,Neutral,0.040924694,0.8474539,0.11162147
885,mbg bukan untuk gizi nasional tapi untuk dikor.....😂 masa gitu saja heran,Neutral,1,Neutral,1,Neutral,0.087614946,0.8582409,0.054144166
3493,"sampean bukan orang dalam bg soalnya,,klo orang dalam gercep",Negative,0,Negative,1,Neutral,0.09330039,0.8314976,0.07520197
3291,Memang benar bahwa pengawasan terhadap vendor katering harus diperketat agar spesifikasi menu sesuai dengan perjanjian awal.,Neutral,1,Neutral,1,Neutral,0.04142451,0.8772294,0.08134603
3924,hidup petani asli,Neutral,1,Neutral,1,Neutral,0.01773741,0.79034394,0.19191858
499,"Wowo jangan terlalu banyak main keluar, jangan lupa kerjakan pr di rumah juga.",Neutral,1,Neutral,1,Neutral,0.0380787,0.8401469,0.121774435
256,Kalau begini saya rela Papua untuk memberontak dan merdeka saja...NKRI harga mati itu jargon yg SUDAH USANG..!!,Neutral,1,Neutral,0,Negative,0.6057818,0.32056013,0.07365811
3753,"Secara keseluruhan, perlu dipastikan kapasitas produksi dapur umum mampu memenuhi kuota seluruh sekolah di target wilayah.",Neutral,1,Neutral,1,Neutral,0.040432695,0.8959334,0.06363393
4876,berarti ngk ada paedahnya MBG itu ya. ternyata petani mandiri tdk diperhitungan. miris.,Negative,0,Negative,0,Negative,0.98524845,0.0021882458,0.01256339
4272,"Bagus banget, menu empat sehat lima sempurna tersaji rapi dan higienis untuk para siswa.",Positive,2,Positive,2,Positive,0.0052126064,0.0010723282,0.9937151
5521,"Bacot lu bego, pidato yapping doang lu, mbg ngabisin duit",Negative,0,Negative,0,Negative,0.9814217,0.0020049172,0.01657328
1815,"bro? did u real the whole article tho? itu karena indonesia punya gas alam dan batu bara😭 jadi masih bisa nahan untuk subsidi BBM. nah kalau anggaran triliunan dipake MBG+ bikin infrastruktur+ subsidi BBM, taulah sebengkak apa APBN. dan apa yang bisa dibanggakan dari peringkat kedua setelah afrika selatan (?)😭 i mean industri di indonesia ga semasif negara lain jadi ga terlalu bergantung pada migas",Positive,2,Positive,2,Positive,0.006384212,0.0012125204,0.99240327
4128,ujung2 nya apa MBG itu cuma jadi dapur magia,Neutral,1,Neutral,1,Neutral,0.067040674,0.8403985,0.09256087
3703,jangan nyerah dong chep . kita butuh orang baik kyk cheppp,Neutral,1,Neutral,2,Positive,0.0065613724,0.0086261835,0.9848125
894,Simple aja krn ga seiman😂😂😂,Neutral,1,Neutral,1,Neutral,0.027203212,0.90130955,0.07148722
4205,kayanya sebenernya mereka tuh tau.. cuma gimana yaa gimana ya,Neutral,1,Neutral,1,Neutral,0.043855853,0.8863507,0.06979351
5447,"biar dibeli banyak klo dihargain harga murah buat apa,
mnding jual dipasaran dgn harga normal aja gaes,
akadnya udh mudharat minta murah tp dinota minta harga normal,prosesnya mudharat dikurang""in dikcil""in,
bilang sm anak"" klo mkn MBG jgn lupa bismilah,",Neutral,1,Neutral,0,Negative,0.98207664,0.0017985312,0.016124727
3673,😏 alasan negara kita sulit maju ada program bagus dicemooh udah negatif thinking pokoknya selain kelompok nya semua ngga bener. dan untungnya orang kaya lu itu minoritas jadi indo tetap aman,Positive,2,Positive,2,Positive,0.00689059,0.0007579349,0.9923515
3902,mau komen gini ehh udh di wakili 🤣🤣🤣,Neutral,1,Neutral,1,Neutral,0.038885575,0.8895782,0.07153622
5434,semoga pak menteri mendengar ya dan melihat VT bapak ini,Neutral,1,Neutral,1,Neutral,0.017356591,0.83038497,0.15225838
932,NEGARA TIDAK PEDULI,Neutral,1,Neutral,1,Neutral,0.38410774,0.5446244,0.07126786
4310,"Harus dipastikan porsi makanan disesuaikan dengan jenjang usia antara siswa SD, SMP, dan SMA.",Neutral,1,Neutral,1,Neutral,0.036851287,0.88162833,0.08152045
3449,whhh ini nih sangat sangat fakta bangett,Neutral,1,Neutral,1,Neutral,0.02664967,0.8787937,0.094556585
1039,Papua tidak butuh mbg. Buah buahan sudah banyak disana,Neutral,1,Neutral,1,Neutral,0.060742553,0.8517876,0.087469816
430,Pak presiden dan jajaran nya... tolong jadi perhatian. Bukan di daerah jawa malah banyak dapur sppg,Neutral,1,Neutral,1,Neutral,0.06702424,0.87025917,0.06271664
2174,"keliatan ribet, tp baru ngeh yg di olah cuma tahu sama dori aja chef hhe. HC ku terlalu cari aman kalo masak chef, nasi yg menurut org lain udah mateng tp kalo di coba sma HC suka di bilang blm mateng, bahkan masak nasi bisa nyampe 2,5 jam krn setiap di coba sma HC katanya blm mateng. soal menu pun selalu cari aman katanya takut keteter.",Positive,2,Positive,1,Neutral,0.02812174,0.8852533,0.086624965
1428,Memang enak pada korofsi udah gk mikir rakyat kecil cari duwit susah pak pak pak 😭😭😭😭,Positive,2,Positive,2,Positive,0.05545486,0.07728814,0.86725694
130,bener kok untuk rakyat* 😊😊😊😊😊 *s&k berlaku,Neutral,1,Neutral,1,Neutral,0.033459187,0.87936366,0.08717708
2653,Waduh jgn gt bg mash aman kan,Neutral,1,Neutral,1,Neutral,0.041867685,0.8853957,0.072736576
5341,pak presiden coba turun ke lapangan. jngn ke luar negri terus pak. eh plng2 mau datangi kpop,Neutral,1,Neutral,1,Neutral,0.032660596,0.90352947,0.06380987
2935,Bagaimana pengawasan terhadap mutu bahan pangan mentah sebelum diolah oleh pihak penyedia jasa katering?,Neutral,1,Neutral,1,Neutral,0.037272178,0.9054557,0.057272043
122,"Jawaban simpel : "" KARENA MEMANG FOKUS PROGRAM INI BUKAN UNTUK KEPENTINGAN RAKYAT"".",Neutral,1,Neutral,1,Neutral,0.028187191,0.9160435,0.055769302
1080,Bukti klo MBG hanya proyek untuk memperkaya diri,Negative,0,Negative,0,Negative,0.9797212,0.0033963525,0.016882535
4672,harus mau di utangin sama revisi nota bang,Neutral,1,Neutral,1,Neutral,0.048495818,0.8762999,0.07520425
901,"acara 17 agustus tahun ini, baiknya diisi dengan doa bersama untuk negeri, untuk pemimpinnya, untuk rakyatnya, semoga semua selamat, dijauhkan dari manusia zolim, stop joget joget dan sound horeg",Neutral,1,Neutral,0,Negative,0.9423056,0.028888965,0.02880536
1430,"mangkanya undang undang perampasan aset susah di sahkan oleh DPR,ini harus di usut sampai ke dapur dan angoto DPR yang aprileasi sama ketua mBG",Neutral,1,Neutral,1,Neutral,0.12728052,0.7973076,0.07541187
4459,"Terkait kebijakan ini, semoga proses pengadaan barang dan jasa untuk program MBG ini bisa dipantau secara terbuka oleh publik.",Neutral,1,Neutral,1,Neutral,0.03381294,0.8887829,0.0774041
1065,"😂😂 mbg diganti uang tunai maka dipastikan uangnya dipakai orang tuanya buat beli rokok, beli miras, beli narkoba, beli baju, beli kutang dll",Neutral,1,Neutral,1,Neutral,0.04676083,0.85735285,0.09588628
1186,Koordinasi antara dinas kesehatan dan dinas pendidikan sangat krusial dalam monitoring gizi program ini.,Neutral,1,Neutral,1,Neutral,0.086025655,0.8172881,0.09668629
4995,Perlu kajian lebih lanjut mengenai efisiensi operasional pengantaran makanan ke sekolah pelosok.,Neutral,1,Neutral,1,Neutral,0.034255467,0.91291136,0.052833237
24,Perlu koordinasi dengan Puskesmas setempat untuk pemantauan status gizi siswa secara berkala.,Neutral,1,Neutral,1,Neutral,0.03329614,0.89395624,0.07274757
5024,Perlu koordinasi dengan Puskesmas setempat untuk pemantauan status gizi siswa secara berkala.,Neutral,1,Neutral,1,Neutral,0.03568205,0.89127195,0.073045954
4804,kangan bilang gitu pak. kasian bawahan nya yang bilang hasil pertanian rakyat masuk MBG.,Neutral,1,Neutral,0,Negative,0.56590533,0.37829477,0.055799916
1909,katanya mau tutup chep 30 hari emang bener?,Neutral,1,Neutral,1,Neutral,0.053763106,0.8583643,0.08787257
1770,cara buat dapur mbg gmn bng?,Neutral,1,Neutral,1,Neutral,0.03909101,0.8988382,0.06207069
1698,"yg bikin program ini kan president bos, ya jadi yg betanggung jawab ya president",Neutral,1,Neutral,1,Neutral,0.039424285,0.8619145,0.09866121
4908,"Dari sudut pandang masyarakat, perlu ada petugas khusus yang bertanggung jawab memeriksa kelayakan makanan sebelum dibagikan ke siswa.",Neutral,1,Neutral,1,Neutral,0.040060338,0.88381827,0.07612137
1682,mbg ibu hml,Neutral,1,Neutral,1,Neutral,0.04419287,0.85353667,0.1022705
1032,"Disodorin video ini : ""hei antek antek aseng!!😡😡😡""",Negative,0,Negative,0,Negative,0.98333067,0.0022559904,0.014413417
1996,"Secara keseluruhan, perlu transparansi anggaran yang jelas dan audit berkala agar program ini bisa dievaluasi dengan baik oleh publik.",Neutral,1,Neutral,1,Neutral,0.030325908,0.9141216,0.055552464
5180,"Menanggapi hal tersebut, menu makan siangnya terlihat lengkap bergizi dan sangat disukai oleh anak-anak di sekolah.",Positive,2,Positive,2,Positive,0.0056098416,0.0010980536,0.9932921
5299,"kalau bisa dibuat susah, ngapain di buat gampang ????",Neutral,1,Neutral,1,Neutral,0.16615082,0.7593181,0.07453108
175,Semoga papua dan daerah di indonesia bisa segera makmur dan membaik Amin🙏,Neutral,1,Neutral,1,Neutral,0.10752271,0.6148216,0.27765563
4833,presiden tau ga si soal hal ini? muaak banged sumpah 😩😩😩,Neutral,1,Neutral,1,Neutral,0.026469192,0.8962489,0.07728197
751,HAHAHAHAHHAHAA MAKAN TU PROGRAM,Neutral,1,Neutral,1,Neutral,0.025164403,0.9174476,0.057387922
4420,🥰🥰🥰Assalamualaikum 🥰🥰🥰 dukung perjuangan mahasiswa untuk Indonesia lebih baik 🥰🥰🥰🥰Terimakasih🥰🥰🥰hidup mahasiswa🥰🥰🥰hidup rakyat Indonesia🥰🥰🥰🥰🥰🥰🥰,Positive,2,Positive,2,Positive,0.005689549,0.00085800845,0.9934524
1001,"Mangkanya ada KKB, mungkin jika saya hidup di sanah saya juga jadi KKB, mereka benar benar di asingkan di negara sendiri.",Neutral,1,Neutral,1,Neutral,0.041269213,0.86828065,0.09045013
1555,"Menurut saya, program yang sangat bagus, patut diapresiasi dan didukung penuh oleh seluruh lapisan masyarakat.",Positive,2,Positive,2,Positive,0.0049591293,0.0007990305,0.99424183
2261,"Terkait kebijakan ini, menu makanan yang diberikan terasa monoton dan kurang segar, sehingga banyak makanan yang akhirnya terbuang sia-sia.",Negative,0,Negative,0,Negative,0.9840074,0.0017859103,0.014206672
3262,"jgn mau berbisnis dg pemerintah. harga d jatuh kan sejatuh jatuhnya, kdg pesanan d batalkan sepihak bikin rugi banyak.",Neutral,1,Neutral,0,Negative,0.9781073,0.006153421,0.015739333
5318,@gerindra @Teddy Indra Wijaya HQ @badangizinasional.ri @Nanik S Deyang,Neutral,1,Neutral,1,Neutral,0.03370417,0.8867293,0.07956658
2939,1 kacang panjang di beli harga 2k di nota 8k 🗿,Neutral,1,Neutral,1,Neutral,0.039707147,0.8914467,0.06884623
3010,"kalo yg saya tau MBG ini milih perorangan , program nya ajj dr pemerintah
masuk ke bawah ke pemilik dapur itu perorangan
karna supaya gak ada audit masalah kaya gini , yg menanyakan jual beli faktur dll",Neutral,1,Neutral,1,Neutral,0.059145905,0.872114,0.06874017
814,"Di wilayah2 ini mesti pemerintahnya yg punya dapur, bukan swasta yg cari untung.",Neutral,1,Neutral,1,Neutral,0.021262974,0.94054174,0.038195223
2972,teori gampang tpi eksekusinya sulit,Neutral,1,Neutral,1,Neutral,0.033417743,0.89130473,0.07527751
1935,emg engga soalnya ortu gw petani,Neutral,1,Neutral,1,Neutral,0.03926356,0.8867318,0.07400464
3643,"coba klo semua sppg kreatif gini masak nya, psti mgb g banyak ke buang",Positive,2,Positive,2,Positive,0.003289173,0.0014459454,0.9952649
3633,"Jd itu fish apa chicken,cheppp???🤭🤭✌",Neutral,1,Neutral,1,Neutral,0.037750695,0.88728905,0.07496019
1780,Senang sekali melihat anak-anak bisa makan bersama dengan menu yang sehat dan bervariasi.,Positive,2,Positive,2,Positive,0.006641573,0.0014113772,0.9919471
4869,mantpp mang hasan🔥,Neutral,1,Neutral,2,Positive,0.008037749,0.014979732,0.9769825
269,Lngsg sebut aja provinsi Papua Induk.. Jgn sebut Papua saja.. Ada 5 provinsi di Papua.. Di tanah jawa saja tdk mau disamain 1 dan lainnya jdi harus spesifik..,Neutral,1,Neutral,1,Neutral,0.037828166,0.8854215,0.076750346
2292,"iya ini saudara saya pejual tempe bikin sendiri, sekilo seharga 12rb ditawar mbg jadi 9rb pdhl mereka dinota jadi harga 15rb.akhirnya tdk jadi dijual ke mby",Neutral,1,Neutral,1,Neutral,0.031648085,0.9015932,0.06675876
3344,dtmpt sy kaga pernah pake cabe...anyeeeb rasanyaa,Neutral,1,Neutral,1,Neutral,0.033436578,0.9135801,0.052983228
4009,ada juga nawar murah tapi kalo bikin nonta y di lambung in🥺,Neutral,1,Neutral,1,Neutral,0.04534877,0.87508595,0.079565264
812,"Pada takut buat mbg di papua, klo di pulau jawa, sampe over limit",Neutral,1,Neutral,1,Neutral,0.05060397,0.8703562,0.07903979
4974,Memang benar bahwa program makan bergizi gratis ini adalah investasi jangka panjang terbaik untuk kecerdasan anak-anak kita.,Positive,2,Positive,2,Positive,0.006485769,0.0011073448,0.9924069
1266,Jika penguasa tdk metkaksanakan putusan undang'' negara dalam kehancuran.⚠️,Negative,0,Negative,0,Negative,0.9794175,0.0052418686,0.015340687
3434,salah siapa milih Prabowo,Neutral,1,Neutral,1,Neutral,0.056015465,0.85925084,0.08473375
3040,negara ihsg lagi jeblok pengen efisiensi anggaran ataupun pengen narik Investor asheng buat pendanaan malah oke gas oke gas.,Neutral,1,Neutral,1,Neutral,0.09521802,0.7435392,0.16124268
5416,"@Menteri Pertanian
@gerindra
@Kementerian Koperasi",Neutral,1,Neutral,1,Neutral,0.04046383,0.89913493,0.06040124
3184,bang klo dori pake lele gmn??,Neutral,1,Neutral,1,Neutral,0.039452076,0.8856597,0.0748882
4930,"Jujur saja, harap disosialisasikan secara rinci kepada wali murid mengenai rincian menu dan kandungan nutrisi harian.",Neutral,1,Neutral,1,Neutral,0.02217803,0.89346147,0.08436053
5164,@gerindra @KANG DEDI MULYADI,Neutral,1,Neutral,1,Neutral,0.036968403,0.89849615,0.06453546
797,Dah lah dari awal mbg dan kopdes ini tujuan nya berubah2. Arti nya dari perencanaan sampai eksekusi itu salah,Neutral,1,Neutral,1,Neutral,0.33806092,0.56214374,0.09979531
952,"Sudah jelas orang"" bang jeck bikin pemwrintahan Probowo seperti DURI DALAM DAGING. mereka ingin program Prabowo di salahkan masyarakat.",Neutral,1,Neutral,0,Negative,0.91991484,0.05358076,0.026504377
4036,"terus biasanya mereka tuh ngasih uang biar bisa masuk sppg, jadi keuntungan supplier semakin kecil karena ngasih uang sebagai uang masuk, trus keuntungan juga kecil karena diminta harga kurang",Neutral,1,Neutral,1,Neutral,0.03760635,0.8848585,0.07753513
2494,Karena gk ada uang suapnya makanya petani kalah sama orang2 berduit,Neutral,1,Neutral,0,Negative,0.7389257,0.2183789,0.04269538
305,"Seharusnya prioritas kan dulu ke tempat yang kayak gini, baru ke daerah perkotaan",Neutral,1,Neutral,1,Neutral,0.027036859,0.9120976,0.060865562
372,Bukan berdasarkan kebutuhan tp pesanan yayasan,Neutral,1,Neutral,1,Neutral,0.033007186,0.89767146,0.069321364
1146,"Mbg di jawa hapus aja pak prabowo,ganti di papua saja",Neutral,1,Neutral,1,Neutral,0.061554346,0.8363148,0.10213084
956,Ini bukan utk stunting tapi bagi proyek utk pendukung setia si bowo,Neutral,1,Neutral,0,Negative,0.68070024,0.2751393,0.04416045
3345,"bisa sebagus ini, sppg gw selalu bilang ""Anggarannya ga ckup""😭",Positive,2,Positive,1,Neutral,0.035941627,0.6718162,0.29224214
2476,tulis dikertas masukin ompreng kk. sebagai evaluasi buat mereka,Neutral,1,Neutral,1,Neutral,0.048412554,0.86814666,0.08344073
3804,kok speak up bang? emmg faktanya yang supplay ke mbg itu pengepul ke mbg (jual harga mahal) sedangkan petani jual ke pengepul murah,Neutral,1,Neutral,1,Neutral,0.06332194,0.8754493,0.06122864
518,pemerintah pusat nonton nggk sih yang kaya gini..,Neutral,1,Neutral,1,Neutral,0.046975918,0.8850982,0.06792586
1814,"masih terkendali? halu atau buta map? purbaya ngomong APBN kita defisit, makanya semua dipajakin😏",Neutral,1,Neutral,0,Negative,0.8959184,0.05667612,0.047405496
2688,"Dari sudut pandang masyarakat, perlu transparansi anggaran yang jelas dan audit berkala agar program ini bisa dievaluasi dengan baik oleh publik.",Neutral,1,Neutral,1,Neutral,0.0359275,0.8866763,0.0773962
206,Saya broken heart banget lihatnya 😢,Neutral,1,Neutral,1,Neutral,0.2260635,0.63556796,0.1383685
3863,ini malah makin ramee 😂😂,Neutral,1,Neutral,1,Neutral,0.04806779,0.8827342,0.06919803
1916,ngk ada orang beli telur langsung 10 ton🥰🗿,Neutral,1,Neutral,1,Neutral,0.026212098,0.9200935,0.05369449
888,jumlah penduduk papua sedikit.. gak cocok buat lumbung suara..,Neutral,1,Neutral,1,Neutral,0.167365,0.76572704,0.06690801
3044,"Paling2 ujung2nya tempe, tahu. Kagak mungkin daging sapi, kambing😂😂",Neutral,1,Neutral,1,Neutral,0.027995676,0.91378367,0.058220617
3122,Perlu diperhatikan ketahanan makanan selama proses pengiriman agar tidak cepat basi saat cuaca panas.,Neutral,1,Neutral,1,Neutral,0.03129083,0.8918409,0.076868296
2148,"ka saran sya kl ada yang mau ambil suplay brang dri kk, jngn prnah mau turunkan hrga ya ka..tpi smisal mreka mnta nota d tulis hrga yang mereka mau yaudh tulis aja atau mnta bon ksong ya ksih aja hrga ttep sesuai yang kita mau kita jga untung jdi sma2 untung. ogah bnget hrga d turunin mreka untung hrga pasti di manipulasi..pinter2 kita aja ka",Negative,0,Negative,0,Negative,0.92291886,0.037208088,0.039873097
3020,program tidak ada paedah...aku bukan orang kaya tapi anak2 ga boleh makan MBG..biarkan MBG buat manusia2 yg bermental pengemis aja yg makan,Neutral,1,Neutral,0,Negative,0.6120093,0.3320632,0.055927545
4643,"Melihat fakta di lapangan, perlu kajian lebih lanjut mengenai efisiensi operasional pengantaran makanan ke sekolah pelosok.",Neutral,1,Neutral,1,Neutral,0.06790239,0.8859796,0.046117995
1013,"MBG adalah proyek berkedok program. MBG hanyalah proyek buat kaum elit, bukan program untuk rakyat.",Negative,0,Negative,0,Negative,0.9823477,0.002925643,0.014726617
4396,"baru 1 tahun masyarakat udah melarat,",Neutral,1,Neutral,0,Negative,0.9755089,0.006343803,0.018147275
5201,di negeri Konoha pejabatnya omong doang 🤦,Neutral,1,Neutral,0,Negative,0.9563897,0.027766665,0.015843576
115,"jalanannya kg ada, jadi produksi dan transport susah",Neutral,1,Neutral,1,Neutral,0.033951156,0.8851537,0.08089521
3233,ada duit makan yang dibuat buat bangunan,Neutral,1,Neutral,1,Neutral,0.06941527,0.87109387,0.059490845
740,"Tapi aneh bgt di Papua mancing di sungai ikannya banyak bagaimana anak bisa stunting,",Neutral,1,Neutral,1,Neutral,0.04049125,0.9080581,0.05145061
2997,ini konoha kan ?,Neutral,1,Neutral,1,Neutral,0.050394,0.8730959,0.076510094
3256,Tolong verifikasi org ini pak Mentan Amran,Neutral,1,Neutral,1,Neutral,0.03434314,0.90110886,0.064547986
4735,say it louder,Neutral,1,Neutral,1,Neutral,0.028290624,0.8632474,0.10846207
1154,"Pendidikan saja miris apalagi mbg, program bodok dari presiden anti kritikan",Negative,0,Negative,0,Negative,0.98154515,0.0015563837,0.016898513
5349,@gerindra @Purbaya Yudhi Sadewa,Neutral,1,Neutral,1,Neutral,0.038547374,0.88659763,0.07485501
3837,Heyyy untch untech,Neutral,1,Neutral,1,Neutral,0.025378488,0.9031969,0.071424685
944,"alasan klasik kalau infrastruktur sulit di papua, padahal memang pemerintah aja yang ga punya kemauan buat bangun",Neutral,1,Neutral,0,Negative,0.58829576,0.31665513,0.09504913
2775,yg ada pelapornya jd tersangka ntar😅😅😅,Neutral,1,Neutral,1,Neutral,0.04381619,0.8769576,0.07922628
4449,Tindak tuh menteri jangan denger kata bawahan yg asal bapa senang aja,Positive,2,Positive,2,Positive,0.016087633,0.21784222,0.7660701
3948,Menyala abangku 🔥🔥 😂,Neutral,1,Neutral,1,Neutral,0.027702589,0.8957241,0.07657329
2106,"gak usah membual pak bukti nya di daerah saya langsung ambil nya ke petani., kordinasi dengan kades setempat.,karena stok nya sering kurang dengan kebutuhan.,biasa nya ambil ke supplier atau pasar terdekat",Neutral,1,Neutral,1,Neutral,0.04081824,0.8952705,0.06391122
1348,"Tuntutan yang jelas dong , turunkan prabowo gibran",Neutral,1,Neutral,1,Neutral,0.039249353,0.8754613,0.08528944
2233,beras 700rb minta harga 900😂 udah pernah saya hahha,Neutral,1,Neutral,1,Neutral,0.036000017,0.91105807,0.05294195
4111,"Harus diakui, perlu dipertimbangkan variasi buah-buahan lokal yang mudah diperoleh dan kaya akan vitamin.",Neutral,1,Neutral,1,Neutral,0.040014133,0.8812785,0.078707315
4349,@user9183589800174 udah nonton ini belum Dee??? yg katanya perekonomian nya muterr???,Neutral,1,Neutral,1,Neutral,0.04921025,0.8827949,0.067994796
2998,"Terkait kebijakan ini, diharapkan ada saluran pengaduan resmi jika pihak sekolah menemukan kendala terkait kualitas makanan MBG.",Neutral,1,Neutral,1,Neutral,0.039035328,0.8762143,0.08475033
4912,"Dari sudut pandang masyarakat, bagaimana mekanisme pengawasan distribusi makanan agar selalu tepat waktu sampai ke masing-masing sekolah?",Neutral,1,Neutral,1,Neutral,0.032462984,0.90926814,0.058268797
1083,Karena di papua gak banyak KONCO2 nya PRABOWO,Neutral,1,Neutral,1,Neutral,0.09528299,0.84044653,0.06427049
1645,"Harus diakui, penting untuk memastikan sanitasi peralatan makan dan tempat penyajian selalu dalam kondisi bersih dan steril.",Neutral,1,Neutral,1,Neutral,0.043687906,0.89628565,0.060026497
1439,Bukan di tahan tapi digantung semua yg korosi,Neutral,1,Neutral,1,Neutral,0.032843124,0.8996863,0.067470595
5546,"Menurut saya, pihak dinas terkait harus rutin melakukan uji sampel makanan secara acak di berbagai sekolah.",Neutral,1,Neutral,1,Neutral,0.044340175,0.8742755,0.0813843
2677,"Menurut saya, penting untuk memastikan sanitasi peralatan makan dan tempat penyajian selalu dalam kondisi bersih dan steril.",Neutral,1,Neutral,1,Neutral,0.034469627,0.887962,0.07756835
2418,bukannya sama ya anggarannya,Neutral,1,Neutral,1,Neutral,0.054295555,0.8604347,0.0852697
739,Kok nda ada yang demo di sana? Kemana menteri HAM (org Papua)?,Neutral,1,Neutral,1,Neutral,0.18790033,0.72496045,0.08713925
1077,"PAJAK PAJAK PAJAK, TAPI KESEJAHTERAAN TIDAK MERATA. PENGELOLA PAJAK IDIOT!",Negative,0,Negative,0,Negative,0.98048383,0.0018358239,0.01768028
5496,@KPK_RI @Kementerian Ketenagakerjaan RI @LA ODE UMAR BONTE @#UangKita @gerindra,Neutral,1,Neutral,1,Neutral,0.038585734,0.8853597,0.076054625
274,Ini harusnya daerah paling layak dapet MBG tiap sekolah harus dapat,Neutral,1,Neutral,1,Neutral,0.059427205,0.8183637,0.12220905
